t_date,n,n_short,n_full,ic_all,ic_short,ic_full,short_share_top,short_share_pool,ret_pool_top,ret_group_top,ret_diff_group_minus_pool
2006-03-31,30,22,8,-0.04293659621802002,0.20948616600790515,-0.5476190476190477,0.8333333333333334,0.7333333333333333,0.4401214949245286,0.4260972788137218,-0.014024216110806842
2006-04-28,31,20,11,-0.16129032258064518,-0.048120300751879695,-0.43636363636363645,0.6666666666666666,0.6451612903225806,0.2516771887748221,0.2516771887748221,0.0
2006-05-31,32,21,11,0.11950146627565982,0.22337662337662337,0.08181818181818183,0.8333333333333334,0.65625,0.27648404932433845,0.260447455150182,-0.016036594174156482
2006-06-30,32,21,11,0.08321114369501466,0.09480519480519481,-0.1272727272727273,1.0,0.65625,0.42228936699535585,0.4161598523872252,-0.0061295146081306595
2006-07-31,32,19,13,0.29802052785923755,0.356140350877193,0.016483516483516484,1.0,0.59375,0.6302453221969762,0.5894791519903423,-0.04076617020663387
2006-08-31,34,21,13,0.20152788388082504,0.21168831168831168,0.04395604395604395,1.0,0.6176470588235294,0.7258618420551048,0.7146871227022509,-0.011174719352853968
2006-09-29,34,20,14,0.1361344537815126,0.03458646616541353,-0.04175824175824176,1.0,0.5882352941176471,0.8990687286190643,0.8575950300449746,-0.04147369857408967
2006-10-31,34,19,15,0.3442322383498854,0.20350877192982456,0.3,1.0,0.5588235294117647,1.137519141150176,1.110031455999946,-0.027487685150229924
2006-11-30,35,20,15,0.2913165266106443,0.15939849624060148,0.2071428571428571,0.8571428571428571,0.5714285714285714,1.0251699905949063,1.0182684371522983,-0.0069015534426080105
2006-12-29,35,19,16,0.17310924369747901,0.16666666666666666,0.07647058823529412,0.7142857142857143,0.5428571428571428,0.6923573777748826,0.6769640708640813,-0.015393306910801319
2007-01-31,37,21,16,0.42057847321005215,0.4324675324675325,0.12352941176470587,1.0,0.5675675675675675,0.8911670807616959,0.8335800711350979,-0.05758700962659802
2007-02-28,38,22,16,0.36076157128788705,0.3551665725578769,-0.01764705882352941,1.0,0.5789473684210527,0.9435013830653567,0.8849298464441385,-0.05857153662121817
2007-03-30,39,22,17,0.34271255060728745,0.3709768492377189,0.14215686274509806,1.0,0.5641025641025641,0.9155795628108231,0.8734395925360899,-0.04213997027473315
2007-04-30,40,21,19,0.09606003752345216,0.29480519480519485,-0.04912280701754386,0.875,0.525,0.45019708091090155,0.4603464728199158,0.01014939190901426
2007-05-31,41,18,23,0.11463414634146342,0.3126934984520124,0.1324110671936759,0.75,0.43902439024390244,0.22816734811119363,0.2316584851825274,0.0034911370713337775
2007-06-29,41,17,24,0.20714285714285718,0.5710784313725491,-0.02260869565217391,0.625,0.4146341463414634,0.40565447882854166,0.3963077880218921,-0.009346690806649571
2007-07-31,44,20,24,0.05778717406624383,0.4360902255639097,-0.25652173913043474,0.6666666666666666,0.45454545454545453,0.08506824753117435,0.08169024964988444,-0.0033779978812899097
2007-08-31,47,22,25,-0.02590194264569843,0.0220214568040655,-0.1176923076923077,0.6666666666666666,0.46808510638297873,-0.06830979536862768,-0.06843898987637582,-0.00012919450774814822
2007-09-28,47,20,27,-0.03318686401480111,-0.03458646616541353,-0.06105006105006105,0.5555555555555556,0.425531914893617,-0.21533838336741942,-0.21224623087892763,0.0030921524884917895
2007-10-31,51,24,27,-0.05493212669683258,0.006956521739130434,-0.10561660561660562,0.6,0.47058823529411764,-0.1946928936260689,-0.189130493380179,0.005562400245889887
2007-11-30,52,24,28,-0.08452147186886365,0.010434782608695651,-0.23152709359605914,0.7,0.46153846153846156,-0.20971867213780238,-0.20240529369640337,0.00731337844139901
2007-12-28,56,28,28,-0.19501025290498974,-0.1330049261083744,-0.25287356321839083,0.8181818181818182,0.5,-0.3274677530153681,-0.3197320367954148,0.007735716219953337
2008-01-31,56,27,29,-0.1963773069036227,-0.06959706959706959,-0.33645320197044326,0.7272727272727273,0.48214285714285715,-0.3041293286494657,-0.30335112399226316,0.0007782046572025192
2008-02-29,56,26,30,-0.2620642515379358,-0.1398290598290598,-0.3414905450500556,0.7272727272727273,0.4642857142857143,-0.38075499117270906,-0.38719133970903136,-0.0064363485363223005
2008-03-31,59,28,31,-0.019170075978959675,0.15599343185550082,-0.1350806451612903,0.6666666666666666,0.4745762711864407,-0.32296852162154205,-0.3298996051119931,-0.006931083490451073
2008-04-30,60,28,32,0.047846624062239516,0.1510673234811166,0.003665689149560117,0.6666666666666666,0.4666666666666667,-0.42447186261608655,-0.43014814865753964,-0.005676286041453094
2008-05-30,63,31,32,0.24375960061443935,0.39879032258064523,0.22910557184750727,0.5384615384615384,0.49206349206349204,-0.31146003766613106,-0.3033427636001097,0.008117274066021363
2008-06-30,63,30,33,0.3329493087557604,0.4967741935483871,0.18282085561497327,0.46153846153846156,0.47619047619047616,-0.1727303874122893,-0.1727303874122893,0.0
2008-07-31,64,30,34,0.2727106227106227,0.2547274749721913,0.34178762414056535,0.5384615384615384,0.46875,-0.05927969144370123,-0.05148104365971195,0.007798647783989282
2008-08-29,67,33,34,0.25373134328358216,0.10260695187165776,0.35309396485867073,0.38461538461538464,0.4925373134328358,0.023157649439939927,0.01779179074266069,-0.0053658586972792355
2008-09-26,69,34,35,0.03222506393861893,-0.09579831932773109,0.14565826330532214,0.42857142857142855,0.4927536231884058,0.16208313511738462,0.165511131469923,0.003427996352538376
2008-10-31,70,35,35,-0.3007085994226227,-0.35854341736694684,-0.11568627450980393,0.2857142857142857,0.5,0.4369166200183442,0.4530163354731331,0.016099715454788888
2008-11-28,71,34,37,-0.18839704896042922,-0.16424751718869365,-0.0604551920341394,0.2857142857142857,0.4788732394366197,0.42546002942223354,0.4379442289954513,0.01248419957321778
2008-12-31,73,35,38,-0.20387510798469707,-0.19775910364145657,-0.13404092351460772,0.26666666666666666,0.4794520547945205,0.5340483117947827,0.5419770015021578,0.007928689707375036
2009-01-23,73,34,39,-0.08453659138590645,-0.04140565317035905,-0.08137651821862348,0.2,0.4657534246575342,0.5305863551058202,0.5657423978557463,0.03515604274992612
2009-02-27,73,34,39,-0.013791188448722699,0.015126050420168066,-0.006477732793522267,0.13333333333333333,0.4657534246575342,0.2991924571181618,0.32568615865538625,0.026493701537224468
2009-03-31,73,33,40,0.16910403554239173,0.16644385026737968,0.18968105065666047,0.3333333333333333,0.4520547945205479,0.1752932043033858,0.17466334347112453,-0.0006298608322612698
2009-04-30,73,32,41,0.235190670122177,0.28958944281524923,0.28919860627177707,0.26666666666666666,0.4383561643835616,0.26705959461497036,0.26531525068209005,-0.00174434393288031
2009-05-27,75,33,42,0.23564722617354195,0.1380347593582888,0.3381411554979338,0.3333333333333333,0.44,0.2780264093146125,0.27636547066193873,-0.001660938652673749
2009-06-30,76,31,45,0.2897607655502392,0.13185483870967743,0.35006587615283263,0.4,0.40789473684210525,0.17040592706222574,0.17040592706222568,-5.551115123125783e-17
2009-07-31,80,34,46,0.026441631504922646,0.025210084033613443,0.09700894233734196,0.5,0.425,-0.031933257204176495,-0.028918419912643538,0.003014837291532957
2009-08-31,82,35,47,0.38411641144523895,0.280672268907563,0.46542553191489366,0.5,0.4268292682926829,0.2095698973098971,0.2115907009524965,0.002020803642599378
2009-09-30,83,32,51,0.282208975273918,0.3988269794721407,0.25420814479638004,0.35294117647058826,0.3855421686746988,0.2093457832837093,0.20912370844172762,-0.00022207484198169536
2009-10-30,85,32,53,-0.05831541919093218,-0.02456011730205278,-0.06716658603451056,0.23529411764705882,0.3764705882352941,0.014689470256625488,0.0034936921046149726,-0.011195778152010515
2009-11-30,87,31,56,-0.18630166946125243,0.020967741935483872,-0.26896787423103213,0.23529411764705882,0.3563218390804598,-0.10311940877351024,-0.10282351554425953,0.00029589322925070716
2009-12-31,88,32,56,-0.15471452220774193,-0.0813782991202346,-0.16623376623376626,0.2777777777777778,0.36363636363636365,-0.1458420262734653,-0.15557570283149494,-0.009733676558029647
2010-01-29,89,32,57,0.025638406537282943,0.07697947214076245,0.0391495981332642,0.2777777777777778,0.3595505617977528,0.0010954624346658256,0.001987927546907255,0.0008924651122414295
2010-02-26,91,34,57,0.1062111801242236,0.20702826585179523,0.07654913144931294,0.2777777777777778,0.37362637362637363,-0.01621799327668114,-0.008557562439274599,0.007660430837406541
2010-03-31,91,30,61,0.16677814938684504,0.2836484983314794,0.14754098360655735,0.2222222222222222,0.32967032967032966,0.031079178867883448,0.04554569095331021,0.01446651208542676
2010-04-30,93,32,61,0.2808182387872638,0.2063782991202346,0.3562665256478053,0.3157894736842105,0.34408602150537637,0.20585240426787538,0.21041212327444644,0.004559719006571067
2010-05-31,96,32,64,0.26294085729788386,0.05828445747800586,0.3988095238095238,0.3157894736842105,0.3333333333333333,0.20442000296565496,0.20442000296565496,0.0
2010-06-30,97,31,66,0.18026772564695978,0.12217741935483874,0.2153219914413945,0.3157894736842105,0.31958762886597936,0.284196088238351,0.284196088238351,0.0
2010-07-30,98,32,66,0.29672487551721716,0.16239002932551316,0.3542636468009603,0.4,0.32653061224489793,0.13652034220774745,0.1342614444170493,-0.0022588977906981555
2010-08-31,100,31,69,0.25936993699369937,-0.054032258064516135,0.36722689075630255,0.4,0.31,0.10304166651386944,0.09614919937746261,-0.00689246713640683
2010-09-30,101,31,70,-0.09573675014560279,-0.3435483870967742,-0.008520689353512377,0.35,0.3069306930693069,0.05807102305625417,0.05059036726220865,-0.0074806557940455196
2010-10-29,101,31,70,0.2582178217821782,0.2838709677419355,0.19699063948910855,0.4,0.3069306930693069,-0.04690017290438588,-0.05326221265082023,-0.006362039746434345
2010-11-30,104,32,72,-0.32322628827483196,-0.31634897360703806,-0.30873368062254813,0.38095238095238093,0.3076923076923077,-0.11270304148105284,-0.11695677691698576,-0.004253735435932923
2010-12-31,106,33,73,-0.19248305917323727,-0.20153743315508021,-0.2144884610638036,0.42857142857142855,0.3113207547169811,-0.06114522453506761,-0.06265316833208814,-0.0015079437970205306
2011-01-31,112,39,73,0.13203437318481565,0.24230769230769236,0.004566210045662101,0.5,0.3482142857142857,-0.03868982821091649,-0.05123772522148247,-0.012547897010565981
2011-02-28,113,40,73,0.004957082972919024,0.1951219512195122,-0.1467974824139208,0.5217391304347826,0.35398230088495575,-0.07380375585996242,-0.08853180914293422,-0.014728053282971804
2011-03-31,114,40,74,0.13019987444563702,0.30731707317073176,-0.05101814142910032,0.5652173913043478,0.3508771929824561,-0.14814829142652103,-0.1529053568455281,-0.004757065419007084
2011-04-29,115,39,76,0.1445435177148268,0.33947368421052637,-0.05799043062200957,0.6086956521739131,0.3391304347826087,-0.091437100326303,-0.09220521659041112,-0.0007681162641081096
2011-05-31,116,38,78,0.19338023296044288,0.29401466243571506,0.07209246449752778,0.5217391304347826,0.3275862068965517,-0.06888048725944555,-0.07737067728281675,-0.008490190023371202
2011-06-30,119,38,81,0.06919954422446946,0.15089178247072985,0.024096657633243,0.5,0.31932773109243695,-0.19111876624753976,-0.19237190073659494,-0.0012531344890551743
2011-07-29,121,37,84,-0.09195230998509683,-0.03366524419155997,-0.12499746886706489,0.4166666666666667,0.30578512396694213,-0.17662966985169984,-0.17642487729964676,0.0002047925520530791
2011-08-31,124,38,86,0.015351691581431943,0.05241273662326294,0.005424784187933393,0.44,0.3064516129032258,-0.09056458252625363,-0.09220980881483434,-0.0016452262885807145
2011-09-30,125,39,86,0.13797849462365588,0.05931174089068827,0.15907354120477382,0.32,0.312,-0.008361880485616879,-0.008361880485616879,0.0
2011-10-31,126,38,88,0.13408023997000373,-0.08261297734981946,0.24900496636257974,0.4,0.30158730158730157,-0.043033535411951,-0.03879966627416172,0.004233869137789281
2011-11-30,126,38,88,0.1706276715410574,0.09202319728635518,0.2175865591208482,0.28,0.30158730158730157,0.003960241967768727,0.0018012230276704315,-0.0021590189400982956
2011-12-30,126,36,90,0.11913610798650168,0.08880308880308882,0.13864263077746222,0.28,0.2857142857142857,0.07276528203946045,0.07276528203946045,0.0
2012-01-31,127,36,91,0.07534800337457817,-0.06332046332046333,0.13419334288899507,0.24,0.28346456692913385,0.023659570857125337,0.032283800811682944,0.008624229954557607
2012-02-29,131,40,91,0.15637110980622432,0.10600375234521578,0.19582736104475237,0.3076923076923077,0.3053435114503817,-0.0680490643918692,-0.0680490643918692,0.0
2012-03-30,134,39,95,0.12229828302098529,0.1368421052631579,0.10943449048152296,0.25925925925925924,0.291044776119403,0.01976771478542069,0.01793965944764881,-0.0018280553377718785
2012-04-27,135,38,97,0.23841576431567651,0.2554984133931502,0.235640648011782,0.25925925925925924,0.2814814814814815,-0.013194119788300459,-0.01741965948466019,-0.004225539696359732
2012-05-31,138,40,98,0.36570096509273053,0.4671669793621014,0.3251853693679908,0.35714285714285715,0.2898550724637681,-0.12347925155166972,-0.12137871779571871,0.0021005337559510118
2012-06-29,140,41,99,0.2083007150510595,0.2820557491289199,0.16403215831787257,0.32142857142857145,0.29285714285714287,0.015332068988778634,0.014521851143782785,-0.0008102178449958496
2012-07-31,145,43,102,-0.150928987561014,-0.12216852914527332,-0.16970783314767798,0.27586206896551724,0.296551724137931,0.09085452467426286,0.08717524026100633,-0.003679284413256531
2012-08-31,148,44,104,0.054553800479016215,-0.10810429880197323,0.10438493545289663,0.23333333333333334,0.2972972972972973,0.12631210867845857,0.12339464508160372,-0.0029174635968548523
2012-09-28,149,44,105,0.19027027027027027,-0.009302325581395349,0.2542297325316193,0.23333333333333334,0.2953020134228188,0.09396653890794668,0.09093308581512609,-0.00303345309282059
2012-10-31,151,45,106,0.0891390728476821,-0.05612648221343873,0.15131118220520445,0.26666666666666666,0.2980132450331126,0.14547484790856444,0.14569125620775186,0.0002164082991874261
2012-11-30,156,47,109,-0.15099808759147157,-0.19692414431082333,-0.06957649893429711,0.25806451612903225,0.30128205128205127,0.23843674188189828,0.24430978115783814,0.005873039275939851
2012-12-31,161,47,114,-0.05359730848861285,-0.1657030527289547,-0.01338571515360159,0.28125,0.2919254658385093,0.11803079688280485,0.11803079688280485,0.0
2013-01-31,164,50,114,0.23851835729734874,0.13728691476590635,0.29420627366801,0.2727272727272727,0.3048780487804878,0.1436766928313137,0.147616276358198,0.003939583526884283
2013-02-28,164,49,115,0.3146055799654483,0.19459183673469385,0.3660853783634499,0.3333333333333333,0.29878048780487804,0.1282511081907405,0.12716912251480741,-0.0010819856759330948
2013-03-29,166,50,116,0.26072761377573445,0.1472749099639856,0.309760504363203,0.3333333333333333,0.30120481927710846,0.20801793579150085,0.2044808580703572,-0.0035370777211436444
2013-04-26,170,52,118,0.2231483686592046,0.04670024758814991,0.27287733867993086,0.35294117647058826,0.3058823529411765,0.10368764634861571,0.09331647811507612,-0.01037116823353959
2013-05-31,174,51,123,0.18140949343660126,0.021085972850678734,0.253717867691633,0.37142857142857144,0.29310344827586204,0.027984533028581712,0.020370987053819997,-0.007613545974761715
2013-06-28,174,51,123,0.18555995330163158,0.05312217194570135,0.260160451948253,0.42857142857142855,0.29310344827586204,0.13084753291164997,0.12022244298924882,-0.010625089922401146
2013-07-31,176,51,125,0.33395553598943434,0.30244343891402714,0.3329585253456221,0.45714285714285713,0.2897727272727273,0.1495263414894345,0.1429761402246756,-0.006550201264758887
2013-08-30,178,52,126,0.2826564559663549,0.316229830103304,0.26199625046869146,0.4722222222222222,0.29213483146067415,0.06273729264286237,0.07467622593920208,0.011938933296339702
2013-09-30,182,56,126,-0.1516973199791785,-0.2004101161995899,-0.1450708661417323,0.4166666666666667,0.3076923076923077,-0.03431630745702238,-0.0383054008080462,-0.00398909335102382
2013-10-31,184,58,126,0.0694534877001021,-0.03454428004552586,0.0942512185976753,0.35135135135135137,0.31521739130434784,-0.022214247809721754,-0.023771872879909794,-0.0015576250701880394
2013-11-29,186,57,129,0.05733907100131008,-0.16638579206637283,0.14358788014311272,0.40540540540540543,0.3064516129032258,-0.04848824737745723,-0.057352584260418595,-0.008864336882961364
2013-12-31,186,53,133,0.15438274223852969,0.034429930656345746,0.18252211260852264,0.43243243243243246,0.2849462365591398,0.01957460906533535,0.018745261629507654,-0.000829347435827698
2014-01-30,187,51,136,-0.20240660062614926,-0.2749321266968326,-0.1815657649921282,0.3783783783783784,0.2727272727272727,-0.01595165451316126,-0.019204258624461346,-0.0032526041113000864
2014-02-28,188,51,137,-0.0664557247786284,-0.09755656108597284,-0.0694830772677208,0.39473684210526316,0.2712765957446808,0.027316263538481423,0.031049190728215614,0.0037329271897341906
2014-03-31,190,50,140,0.24795933988549035,0.41800720288115245,0.18599637007719055,0.34210526315789475,0.2631578947368421,0.1983906263064149,0.20186239702875824,0.003471770722343337
2014-04-30,191,49,142,0.3474906999173326,0.5946938775510203,0.26270193696025285,0.3684210526315789,0.25654450261780104,0.236694719290046,0.23900217451756123,0.002307455227515215
2014-05-30,192,47,145,0.15969434120934273,0.12465309898242369,0.1841127381514722,0.3684210526315789,0.24479166666666666,0.3092798936593975,0.30327593712971834,-0.006003956529679166
2014-06-30,195,47,148,-0.14903138099014387,-0.06695189639222943,-0.1264691619437545,0.358974358974359,0.24102564102564103,0.2392694988469645,0.2412486664370261,0.0019791675900616146
2014-07-31,201,52,149,0.09819713314615044,0.15341927772560401,0.10559767821512789,0.25,0.25870646766169153,0.30534235966684886,0.30534235966684886,0.0
2014-08-29,204,52,152,-0.00014559229915683683,0.16392043029112952,-0.015599477853183797,0.3170731707317073,0.2549019607843137,0.35569854042038007,0.36189783903640305,0.006199298616022975
2014-09-30,206,48,158,-0.03739151025955173,0.23805905340859748,-0.0984834770650436,0.2682926829268293,0.23300970873786409,0.5867025022510691,0.5811398151653924,-0.005562687085676754
2014-10-31,210,50,160,-0.11245800844204436,-0.010996398559423769,-0.11090472284073598,0.2619047619047619,0.23809523809523808,0.6296366697273111,0.6216418723090992,-0.007994797418211963
2014-11-28,211,48,163,0.16150917847242627,0.4176074685193226,0.1000105297576493,0.30952380952380953,0.22748815165876776,1.0622236422804765,1.049783582744945,-0.0124400595355314
2014-12-31,213,47,166,-0.07441989265872079,0.051919518963922294,-0.11916102078428031,0.2558139534883721,0.22065727699530516,0.15984664296427845,0.15316613521403455,-0.006680507750243897
2015-01-30,216,50,166,0.14135557698948545,0.2978631452581032,0.07895403060254083,0.2558139534883721,0.23148148148148148,0.229829412112192,0.22531701215047592,-0.004512399961716068
2015-02-27,220,50,170,-0.06195206888196412,-0.05901560624249699,-0.042634082595978284,0.2727272727272727,0.22727272727272727,-0.007931980515283477,-0.016875198238210872,-0.008943217722927395
2015-03-31,221,47,174,-0.23094711330005444,-0.2461840888066605,-0.1608918249380677,0.25,0.21266968325791855,-0.14062030818544044,-0.14708746915178425,-0.00646716096634381
2015-04-30,223,49,174,-0.2688245580622262,-0.4240816326530612,-0.17109484894216803,0.2222222222222222,0.21973094170403587,-0.10593105244134703,-0.10593105244134703,0.0
2015-05-29,229,53,176,-0.49032905978635605,-0.6489275923238187,-0.4034712744882236,0.2391304347826087,0.2314410480349345,-0.26058226612997365,-0.2605822661299736,5.551115123125783e-17
2015-06-30,233,53,180,-0.1497042003923756,-0.31269150137074664,-0.06282909966356987,0.2765957446808511,0.22746781115879827,-0.1025606316431783,-0.10316066476702232,-0.0006000331238440182
2015-07-31,239,57,182,0.023918814387679756,-0.25012963443090486,0.15514500896259795,0.3125,0.2384937238493724,-0.10027008214930248,-0.10136705792620383,-0.0010969757769013488
2015-08-31,241,57,184,0.14554542025307776,-0.15426497277676954,0.22673614455510394,0.3333333333333333,0.23651452282157676,-0.02370814468764559,-0.018445145916434143,0.005262998771211447
2015-09-30,243,57,186,0.21149815759850532,0.2057298418459943,0.2190797663283432,0.30612244897959184,0.2345679012345679,0.1050458723523312,0.10633985407318765,0.0012939817208564436
2015-10-30,249,63,186,0.10540380878352118,-0.12279185867895547,0.1895920070493125,0.3,0.25301204819277107,-0.031107916375984992,-0.031268095407869116,-0.0001601790318841237
2015-11-30,249,62,187,-0.11776059075009716,-0.4210672105965601,-0.004224488822171409,0.28,0.24899598393574296,-0.10260484566682074,-0.10113163834962043,0.0014732073172003118
2015-12-31,257,69,188,-0.08034977038277079,-0.32396784800876877,0.04244121891180714,0.35294117647058826,0.26848249027237353,-0.09315803557579201,-0.0900889833156846,0.0030690522601074105
2016-01-29,264,76,188,0.16708450456208543,0.12259740259740258,0.21859936753553771,0.3018867924528302,0.2878787878787879,0.15184648595598912,0.15192110552654936,7.461957056023594e-05
2016-02-29,267,76,191,0.05317755229932958,-0.029719753930280243,0.10094034169192614,0.2830188679245283,0.2846441947565543,0.19299535593129394,0.19299535593129394,0.0
2016-03-31,276,85,191,0.24934804012499823,0.0984170412350987,0.3145546293744833,0.41818181818181815,0.3079710144927536,0.07282487584854597,0.07356865310812316,0.0007437772595771941
2016-04-29,281,87,194,0.1555652305595517,-0.016567033607931762,0.2412749154589868,0.48214285714285715,0.3096085409252669,0.05881300893439916,0.0691599413082485,0.010346932373849337
2016-05-31,303,102,201,0.0988891151227357,0.005886311075425075,0.18609428106989803,0.5737704918032787,0.33663366336633666,0.05438573285488105,0.06646829646949531,0.012082563614614267
2016-06-30,323,119,204,0.3025608921422625,0.29044295684375454,0.3307602603699175,0.7846153846153846,0.3684210526315789,0.016721341975110285,0.020648566555079156,0.0039272245799688715
2016-07-29,347,142,205,0.36231969804106956,0.40192082415636515,0.3473986990012675,0.5797101449275363,0.4092219020172911,0.020753031455864858,0.02255039447911209,0.0017973630232472337
2016-08-31,362,155,207,0.3615040029667626,0.3727885018207599,0.3607940708510569,0.4583333333333333,0.4281767955801105,0.02937405701376622,0.029073237766519353,-0.0003008192472468661
2016-09-30,368,158,210,0.2176506367006568,0.19995314584572507,0.19956072862034446,0.36486486486486486,0.42934782608695654,0.04329500461599719,0.0410173505627251,-0.002277654053272092
2016-10-31,377,167,210,0.25461212383442755,0.38394467519350284,0.15209479968771564,0.44,0.44297082228116713,-0.024004131780279818,-0.02400413178027982,-3.469446951953614e-18
2016-11-30,386,173,213,0.25038963125479574,0.35849507024952376,0.15905856581917885,0.7012987012987013,0.4481865284974093,0.004876843544365633,0.0036355795428444702,-0.0012412640015211627
2016-12-30,395,176,219,0.08522388960607814,0.22690732995817744,0.022547328252996223,0.759493670886076,0.44556962025316454,0.04733283902995684,0.04679742859402024,-0.0005354104359365994
2017-01-26,405,186,219,0.12377429861212724,0.17886884642102857,0.08116923920618782,0.37037037037037035,0.45925925925925926,0.056707135568239475,0.055892588712714845,-0.0008145468555246296
2017-02-28,419,198,221,0.10858976471336729,0.17482041804160006,0.0600097835391953,0.42857142857142855,0.47255369928400953,0.0681133674446218,0.06817845668247913,6.508923785732146e-05
2017-03-31,428,201,227,0.1827977446178764,0.20556228757204079,0.14409615712119567,0.4069767441860465,0.4696261682242991,0.10548745809098185,0.10765338751939114,0.002165929428409291
2017-04-28,430,199,231,0.20818951188562151,0.23148012791228875,0.1960250394283378,0.43023255813953487,0.4627906976744186,0.14587964443591853,0.1476753896065824,0.0017957451706638872
2017-05-31,438,201,237,0.24939507112658257,0.26753066351411264,0.20130206126647182,0.42045454545454547,0.4589041095890411,0.1440142791887963,0.1446698579573865,0.0006555787685901815
2017-06-30,447,208,239,0.3759105385465348,0.4033634176654771,0.34484371154319465,0.4157303370786517,0.465324384787472,0.12234206504850877,0.12431728749174487,0.0019752224432360993
2017-07-31,455,212,243,0.38976630834966103,0.3903749781169355,0.4001231055379093,0.4065934065934066,0.46593406593406594,0.1227801691586676,0.12334536129623096,0.0005651921375633556
2017-08-31,471,226,245,0.4096928755676324,0.4123831429573896,0.39971358395417356,0.43617021276595747,0.47983014861995754,0.10157531921185302,0.09814358861524046,-0.003431730596612559
2017-09-29,476,222,254,0.27866236067416045,0.2523807617450456,0.31738489675537823,0.3684210526315789,0.46638655462184875,0.02721715569647945,0.028791078148315368,0.0015739224518359178
2017-10-31,484,227,257,0.10170681769231134,0.055950419497341856,0.15545326780381863,0.3711340206185567,0.4690082644628099,-0.010890223541567748,-0.012461012465102589,-0.0015707889235348407
2017-11-30,492,229,263,0.1416880689092932,0.07141686568804774,0.19935194982360682,0.3979591836734694,0.4654471544715447,0.005689435583977031,0.0013488244978881352,-0.004340611086088896
2017-12-29,503,233,270,-0.056447409264768066,-0.11586085465025824,0.05841232390019066,0.3564356435643564,0.46322067594433397,-0.08192864607459405,-0.080186010931622,0.0017426351429720432
2018-01-31,521,248,273,-0.2959653017135312,-0.291442903650648,-0.24234921368884443,0.3173076923076923,0.4760076775431862,-0.15926788782640722,-0.15425507968192556,0.005012808144481656
2018-02-28,526,246,280,-0.12009573214788184,-0.09982245885418449,-0.07707878927027131,0.3142857142857143,0.467680608365019,-0.13021041744796588,-0.11772274106358221,0.012487676384383667
2018-03-30,532,242,290,0.039360135148826525,0.0333300804960803,0.06815292813765057,0.39622641509433965,0.4548872180451128,-0.15450335089755812,-0.15645423427145722,-0.0019508833738990927
2018-04-27,539,234,305,0.11233126347305847,0.1372664713912089,0.10097193320814088,0.4074074074074074,0.43413729128014844,-0.13582603802787976,-0.1318169647946094,0.004009073233270377
2018-05-31,543,209,334,-0.16693159700527785,-0.085199011514801,-0.19338636160514794,0.3211009174311927,0.3848987108655617,-0.17172253850632063,-0.16789391826338537,0.00382862024293526
2018-06-29,550,184,366,0.02346897615589413,0.1305137639421317,-0.05843594405021015,0.3090909090909091,0.33454545454545453,-0.1819665742173992,-0.1792050711924633,0.002761503024935913
2018-07-31,556,182,374,0.24797254534671065,0.364691643833026,0.16159848604321084,0.32432432432432434,0.3273381294964029,-0.07910938476701637,-0.07910938476701637,0.0
2018-08-31,566,185,381,-0.11306768611875088,-0.10555892498388991,-0.07812525087712065,0.45132743362831856,0.32685512367491165,0.05680216238580401,0.05267015240863313,-0.004132009977170878
2018-09-28,572,185,387,-0.2619577816302585,-0.3343428982980176,-0.1784951940137697,0.49122807017543857,0.32342657342657344,0.08371437659820873,0.09178096502774229,0.008066588429533561
2018-10-31,578,185,393,-0.40532951711318493,-0.5237708957204048,-0.2866080868740723,0.5603448275862069,0.32006920415224915,0.06429195232382709,0.09212419943337645,0.02783224710954936
2018-11-30,582,178,404,-0.34490935649118276,-0.41800072133107924,-0.26750034804969325,0.5172413793103449,0.30584192439862545,0.06283787532379514,0.07354602784595742,0.01070815252216227
2018-12-28,592,176,416,-0.4335427589958025,-0.583731014747964,-0.32336195918149635,0.5338983050847458,0.2972972972972973,0.0811126642030129,0.10181879956673306,0.020706135363720166
2019-01-31,601,175,426,-0.34562174891238856,-0.46241603224361844,-0.25486108551016806,0.5,0.2911813643926789,0.07850690091857929,0.08991891941686007,0.011412018498280788
2019-02-28,605,173,432,-0.014027098074045815,-0.05443121294575189,0.017141063355892182,0.35537190082644626,0.2859504132231405,0.10956763725954263,0.10710858944613545,-0.002459047813407181
2019-03-29,623,179,444,0.1295553637085123,0.1546481702341347,0.12677442197314365,0.344,0.28731942215088285,0.061907895187410036,0.06347623416647423,0.0015683389790641933
2019-04-30,631,180,451,-0.05002006058296054,-0.0016852371986789713,-0.06102087135111092,0.2777777777777778,0.28526148969889065,0.10320962940781911,0.10351091187172633,0.00030128246390721813
2019-05-31,640,178,462,-0.24306271194509754,-0.29067195500936777,-0.2129091187762589,0.375,0.278125,0.09889657972943956,0.10429127385607181,0.005394694126632252
2019-06-28,643,176,467,-0.14392196560049278,-0.18668060752806517,-0.12297269624653806,0.2558139534883721,0.2737169517884914,0.14669550946463303,0.14613053965313877,-0.0005649698114942592
2019-07-31,650,178,472,-0.13785359528388508,-0.11122223061529114,-0.1423714206352811,0.24615384615384617,0.27384615384615385,0.1711490802796948,0.1697523701628464,-0.0013967101168484153
2019-08-30,654,169,485,0.23705030797859375,0.23761622992392226,0.23064772477456014,0.24427480916030533,0.25840978593272174,0.18295643756786736,0.18231009500665338,-0.0006463425612139861
2019-09-30,658,161,497,0.43836351459783085,0.4305411778237866,0.4403204106097917,0.24242424242424243,0.24468085106382978,0.1681760476837785,0.16739022086012675,-0.0007858268236517474
2019-10-31,663,163,500,0.5415430501654195,0.564799574376112,0.5326427705710823,0.19548872180451127,0.2458521870286576,0.22353378133989293,0.2254687244053855,0.001934943065492578
2019-11-29,669,159,510,0.56983953250049,0.5897271315978029,0.5612394647015628,0.22388059701492538,0.23766816143497757,0.29847026550941197,0.299530043370589,0.001059777861177058
2019-12-31,674,145,529,0.6357136187426177,0.6329554400881751,0.6359243629359904,0.1925925925925926,0.21513353115727002,0.5166152466822818,0.513792964360797,-0.002822282321484737
2020-01-23,677,145,532,0.6457190991586219,0.6162927098094787,0.6530294477249504,0.16296296296296298,0.21418020679468242,0.4608846524024653,0.4550742569449997,-0.005810395457465589
2020-02-28,681,142,539,0.4398610020829549,0.39528197304643214,0.4526257951642975,0.20588235294117646,0.20851688693098386,0.36101756666488655,0.36101756666488655,0.0
2020-03-31,686,142,544,0.3570814591551908,0.34074615824690746,0.3633512774565956,0.26277372262773724,0.20699708454810495,0.45337024926423547,0.45481317639410757,0.0014429271298720958
2020-04-30,694,148,546,0.3594954793304471,0.3912570288409215,0.34773803088379673,0.2733812949640288,0.2132564841498559,0.4020072859544346,0.4027205887444206,0.0007133027899860478
2020-05-29,701,149,552,0.2940842229572615,0.2970542354434972,0.2981646846701328,0.2642857142857143,0.21255349500713266,0.3051490317287702,0.2980622913517252,-0.007086740377045042
2020-06-30,706,143,563,0.2586878061476898,0.18879066942447223,0.2762249579418633,0.2198581560283688,0.20254957507082152,0.25244161483568744,0.2528729769263128,0.00043136209062533126
2020-07-31,718,149,569,0.28700475348730015,0.24158171594413208,0.29258364915233703,0.2361111111111111,0.2075208913649025,0.1898376382190597,0.18914055802942992,-0.0006970801896297729
2020-08-31,726,146,580,0.007085149093919624,0.04312417456354294,-0.01884879931682113,0.2482758620689655,0.20110192837465565,0.04155343255651535,0.037428998772605984,-0.004124433783909365
2020-09-30,733,143,590,0.24964552915168134,0.1597146984470928,0.2602556227794343,0.2585034013605442,0.19508867667121418,0.09360690706532684,0.09512715588719804,0.001520248821871198
2020-10-30,739,148,591,0.3331079817399498,0.29187782495548564,0.33464676282580436,0.24324324324324326,0.20027063599458728,0.12409810316496209,0.12074655005275739,-0.003351553112204697
2020-11-30,743,144,599,0.47562550298452605,0.5025922353508561,0.47087704702932975,0.3087248322147651,0.19380888290713325,0.17701153652598622,0.17669861101616618,-0.00031292550982003897
2020-12-31,748,137,611,0.34858338417820983,0.2872990833908936,0.3548757615788125,0.22,0.18315508021390375,0.15559818684140234,0.15592665106233114,0.00032846422092880356
2021-01-29,757,138,619,0.023424735831019484,-0.07836954809367358,0.037603764697310915,0.1986754966887417,0.18229854689564068,0.09128840016154777,0.09112758534448023,-0.00016081481706753387
2021-02-26,772,140,632,-0.07318507772229377,-0.10209704576764121,-0.07605898724099387,0.2012987012987013,0.18134715025906736,0.08640171127358408,0.08984243375583423,0.0034407224822501498
2021-03-31,779,140,639,-0.03409932926385039,-0.09409809538387529,-0.03077610122595552,0.22435897435897437,0.1797175866495507,0.10229792316591574,0.09825771618978442,-0.004040206976131319
2021-04-30,799,154,645,-0.030469760132496443,0.070060868922349,-0.06264021440623506,0.225,0.1927409261576971,0.10590046395738964,0.10002974491483549,-0.005870719042554151
2021-05-31,817,165,652,0.02590804212441606,0.1507119386637459,-0.006766559310512245,0.26993865030674846,0.20195838433292534,0.09978094646369279,0.09959620750878814,-0.0001847389549046452
2021-06-30,835,179,656,0.0035835183098399943,0.11663214278241583,-0.02027478875646228,0.2694610778443114,0.21437125748502994,0.041323522762484924,0.04370860627212175,0.002385083509636829
2021-07-30,855,189,666,-0.3246476079888706,-0.30014930944382234,-0.3326067305709064,0.2631578947368421,0.22105263157894736,-0.10972253231699682,-0.10861424870993329,0.001108283607063526
2021-08-31,869,198,671,-0.38863451216276435,-0.36942982873141283,-0.4003793307255505,0.26436781609195403,0.22784810126582278,-0.19730715929412476,-0.19687197526284175,0.0004351840312830091
2021-09-30,883,202,681,-0.3208311985827522,-0.28633378005839694,-0.3284074095746014,0.2542372881355932,0.2287655719139298,-0.20061804467612154,-0.20130781295816155,-0.0006897682820400097
2021-10-29,899,218,681,-0.35247394407545135,-0.3754610756317511,-0.34413508734200204,0.2777777777777778,0.2424916573971079,-0.2542224791776943,-0.2514525568852236,0.0027699222924706945
2021-11-30,915,225,690,-0.4055964183273591,-0.4293457648546145,-0.3975553312486981,0.24043715846994534,0.2459016393442623,-0.1941947536076085,-0.19442555612787807,-0.0002308025202695796
2021-12-31,932,237,695,-0.04386027415628522,0.015464456539964195,-0.06698597397546535,0.22043010752688172,0.2542918454935622,-0.11261666010332258,-0.1123976590502777,0.00021900105304488438
2022-01-28,954,255,699,0.34729918193695686,0.4596804075961093,0.3007264339384314,0.2356020942408377,0.2672955974842767,0.03023750596720903,0.027458032513780536,-0.0027794734534284937
2022-02-28,974,268,706,0.2606161982434271,0.29776621258604014,0.2444743776064407,0.21025641025641026,0.2751540041067762,-0.05063077126169889,-0.05103154225158873,-0.00040077098988983845
2022-03-31,1007,288,719,0.2966806199263492,0.40011112048836756,0.25605391140847383,0.19402985074626866,0.28599801390268126,-0.030336925557658347,-0.029362822033591817,0.0009741035240665302
2022-04-29,1035,310,725,0.1884408321966139,0.26926284688270063,0.14542201662969254,0.21739130434782608,0.2995169082125604,0.09440487053011042,0.09411550998947386,-0.0002893605406365518
2022-05-31,1053,317,736,0.29836163373800184,0.3614413397635312,0.2669953852581089,0.2559241706161137,0.3010446343779677,0.016416641529565717,0.016030843615029405,-0.0003857979145363115
2022-06-30,1082,340,742,0.15166269996452877,0.2124876919859372,0.1211747163610366,0.22685185185185186,0.3142329020332717,-0.10617215766428936,-0.103048449245295,0.003123708418994356
2022-07-29,1106,358,748,0.08012121624166012,0.11047057437375599,0.061095025884364655,0.2579185520361991,0.32368896925858953,-0.02498774673696371,-0.02437579493830218,0.0006119517986615287
2022-08-31,1125,370,755,0.24604173119346662,0.2928055265837134,0.22176008761987295,0.27555555555555555,0.3288888888888889,0.0013846682652108684,0.0013436446514992568,-4.1023613711611536e-05
2022-09-30,1145,381,764,-0.004163540339493151,0.025293404182840328,-0.0185262519436902,0.36681222707423583,0.3327510917030568,0.0335287647919889,0.03401251149628257,0.00048374670429367217
2022-10-31,1163,396,767,-0.03641272973725066,-0.05041512919585808,-0.03068948907445168,0.3648068669527897,0.3404987102321582,0.016868733781952073,0.01716855631359674,0.00029982253164466746
2022-11-30,1189,415,774,0.299535302563057,0.3503455292742878,0.2680114142377768,0.40336134453781514,0.3490328006728343,0.003750953676355989,0.0033915299489837027,-0.0003594237273722863
2022-12-30,1218,429,789,0.23489769488233492,0.3283141548735985,0.1943278991876267,0.430327868852459,0.3522167487684729,0.01621280400490103,0.014650769611431495,-0.0015620343934695333
2023-01-31,1238,436,802,0.33558687443214563,0.45815643602631323,0.2730763052304128,0.38306451612903225,0.35218093699515346,-0.022236442296213955,-0.021537822891403675,0.0006986194048102801
2023-02-28,1258,448,810,0.3060618426272673,0.42764708834162196,0.24043719011917414,0.34523809523809523,0.356120826709062,-0.06283694524996263,-0.06317568099308776,-0.00033873574312513755
2023-03-31,1294,456,838,0.36650737927521365,0.38447655074396986,0.3575048410256454,0.3359073359073359,0.35239567233384855,-0.09254874323008078,-0.09288501304009636,-0.00033626981001558254
2023-04-28,1309,461,848,0.19706958527192273,0.22192873616998868,0.1903086730772213,0.2786259541984733,0.3521772345301757,-0.10019144203885293,-0.10244043475906603,-0.0022489927202131027
2023-05-31,1328,460,868,0.24649728176255417,0.2800231035858023,0.2366319748006504,0.2857142857142857,0.3463855421686747,-0.10073049312589788,-0.10008476831742519,0.0006457248084726919
2023-06-30,1338,455,883,0.36295061018960456,0.41428596907381976,0.3354141029179334,0.2947761194029851,0.3400597907324365,-0.09507171449119535,-0.09332463937358842,0.001747075117606925
2023-07-31,1342,443,899,0.4807056217968593,0.5088499068714181,0.46380591154239675,0.31343283582089554,0.3301043219076006,-0.1398964911057356,-0.13773763658085983,0.0021588545248757696
2023-08-31,1353,431,922,0.3870082212565467,0.4249674754342105,0.3695331773689788,0.3284132841328413,0.31855136733185513,-0.03026366042338505,-0.029563979526351272,0.0006996808970337783
2023-09-28,1362,423,939,0.3380420992699075,0.3753534842336043,0.32099553022925426,0.3125,0.31057268722466963,-0.03260918640564305,-0.032590711167001046,1.8475238642005898e-05
2023-10-31,1376,424,952,0.23021082691944522,0.26799789044481703,0.21227197404262846,0.3381818181818182,0.3081395348837209,0.014201150834486536,0.01420951585487511,8.36502038857427e-06
2023-11-30,1387,415,972,0.3126893752193728,0.3681491853702435,0.29267392160846706,0.296028880866426,0.29920692141312183,0.005293699460097498,0.0052337040306627836,-5.999542943471454e-05
2023-12-29,1405,409,996,0.2238623281889811,0.24910426452171897,0.21537767021473692,0.2846975088967972,0.2911032028469751,-0.010142707270960822,-0.009599507544235658,0.0005431997267251638
2024-01-31,1420,386,1034,0.004593830073411653,0.016673473933384766,0.00028524668611784533,0.30985915492957744,0.271830985915493,0.03432383800016698,0.03419096004289847,-0.00013287795726851098
2024-02-29,1425,370,1055,0.5391018368841561,0.6076035538529786,0.5188916251828245,0.27017543859649124,0.2596491228070175,-0.004012253681417111,-0.0037606462393203915,0.0002516074420967191
2024-03-29,1430,343,1087,-0.07183256203154008,-0.011701358284177458,-0.089469289687951,0.24125874125874125,0.23986013986013985,0.04947058923015577,0.04947058923015577,0.0
2024-04-30,1435,330,1105,-0.3457408312168092,-0.28402147444379233,-0.364502593298443,0.2508710801393728,0.22996515679442509,0.0434169671597441,0.04288547074465146,-0.0005314964150926402
2024-05-31,1447,325,1122,-0.35682265316469824,-0.3157806792162621,-0.3704853476314741,0.22491349480968859,0.22460262612301313,0.017097629741243008,0.017097629741243008,0.0
2024-06-28,1457,315,1142,-0.2983177075966675,-0.22991019837750468,-0.31878975411936716,0.2268041237113402,0.21619766643788607,0.02617537846881137,0.02620736415879084,3.198568997946766e-05
2024-07-31,1467,299,1168,-0.4468681954369872,-0.4124082512177056,-0.4565109966404781,0.20477815699658702,0.2038173142467621,0.05300318394951134,0.052845658813977237,-0.0001575251355341034
2024-08-30,1476,274,1202,-0.5391749492400539,-0.4990078534604082,-0.5496065205778338,0.17966101694915254,0.1856368563685637,0.08302855541231713,0.08196467835114327,-0.0010638770611738624
2024-09-30,1485,253,1232,0.01275466480017129,0.03576208112325881,0.006627120194215962,0.19528619528619529,0.17037037037037037,-0.02657798344287238,-0.02742584711777176,-0.0008478636748993802
2024-10-31,1490,249,1241,0.025394222171318554,0.005579479207151185,0.028762634053858496,0.2080536912751678,0.16711409395973154,0.02614007540586442,0.02549686176277657,-0.0006432136430878505
2024-11-29,1493,230,1263,0.029811039110192773,0.04874112028089624,0.022329561165456025,0.19063545150501673,0.15405224380442062,0.04346735791828585,0.04201482755113192,-0.0014525303671539258
2024-12-31,1494,200,1294,-0.01473099678168417,-0.03831845796144904,-0.012833826357603778,0.1806020066889632,0.13386880856760375,0.07834658842962547,0.07839597313876602,4.9384709140551375e-05
2025-01-27,1496,180,1316,0.0323011125178119,-0.05404693560500838,0.04319527582118297,0.15384615384615385,0.12032085561497326,0.15965700596093801,0.15835326506682065,-0.0013037408941173612
2025-02-28,1496,171,1325,0.40435593702741807,0.26030671754625967,0.42024861987468154,0.1705685618729097,0.1143048128342246,0.2965328074229757,0.29716741744221653,0.0006346100192408111
