t_date,phase,n_test,n_rounds,valid_ic,ic_model,ic_base_ret12,ic_base_sharpe,top20_ret,bot20_ret,pool_ret,bench_ret6m,top20_excess_hs300,top20_excess_pool,train_rows,train_label_end_max
2006-03-31,dev,30,23,0.1836268950541989,0.1186975095563299,-0.04293659621802,-0.0398220244716351,0.4482109195172764,0.407854895406273,0.4279708419074771,0.3533976446816853,0.094813274835591,0.0202400776097992,322,2006-03-15
2006-04-28,dev,31,2,0.1501114621660961,-0.1666841727500789,-0.1612903225806451,-0.2213709677419355,0.2668108454574436,0.2543596662898787,0.2545704175486597,0.2862155999887406,-0.0194047545312969,0.0122404279087839,349,2006-04-14
2006-05-31,dev,32,1,0.1522781345271294,,0.1195014662756598,0.096041055718475,0.2959536697431107,0.2353989636927966,0.2269808238080444,0.2555250975684957,0.0404285721746149,0.0689728459350663,376,2006-05-15
2006-06-30,dev,32,4,0.1288744610708445,0.0438119633946817,0.0832111436950146,-0.0267595307917888,0.3945187053206083,0.3200198432769686,0.380102638056997,0.4828887136889574,-0.0883700083683491,0.0144160672636112,403,2006-06-14
2006-07-31,dev,32,3,0.1383355329242485,0.1186918132626019,0.2980205278592375,0.0458211143695014,0.6034429714939514,0.512078270936894,0.5681243838136666,0.7754410010445576,-0.1719980295506061,0.0353185876802848,431,2006-07-14
2006-08-31,dev,34,2,0.0403138479308555,-0.2366119119824473,0.201527883880825,-0.1498854087089381,0.576636235751763,0.6147587196004887,0.6314944197027604,0.9402171071208208,-0.3635808713690577,-0.0548581839509974,460,2006-08-07
2006-09-29,dev,34,1,0.0895595505574613,-0.3043918218216951,0.1361344537815126,-0.1547746371275783,0.8019663759282577,0.772752652296972,0.7866891293524452,1.2636045223104686,-0.4616381463822109,0.0152772465758125,490,2006-08-30
2006-10-31,dev,34,1,0.0894270031373118,0.0313666163337433,0.3442322383498854,-0.0725744843391902,1.053513030019506,0.9371778888004814,0.9487004873438576,1.5500094573269705,-0.4964964273074641,0.1048125426756486,520,2006-10-09
2006-11-30,dev,35,3,0.1144480319027497,-0.0885653276996577,0.2913165266106443,-0.1689075630252101,1.049851167244462,0.9353971087824258,0.9421251990212072,1.4022217063180502,-0.352370539073588,0.107725968223255,552,2006-11-06
2006-12-29,dev,35,8,0.0560603877522097,-0.2483006958012712,0.173109243697479,-0.215406162464986,0.6638981116094919,0.6661514767106673,0.6281430481396227,0.8700799148672225,-0.2061818032577306,0.0357550634698691,584,2006-11-30
2007-01-31,dev,37,8,0.0608624101940968,0.0133837741974791,0.4205784732100521,0.1121384542437173,0.8080297818687274,0.745848813003656,0.7582278997754773,1.0027736146075918,-0.1947438327388644,0.04980188209325,616,2007-01-04
2007-02-28,dev,38,10,0.1327921863428398,-0.009185359374087,0.360761571287887,0.0959623591202538,0.8118409966616906,0.8409655378539729,0.809291364984086,1.0597688176120847,-0.2479278209503941,0.0025496316776045,650,2007-02-02
2007-03-30,dev,39,7,0.123044377989984,0.0706579427712046,0.3427125506072874,0.1180161943319838,0.8651904149894216,0.8922689032099349,0.8363070737837689,1.0321980426949038,-0.1670076277054821,0.0288833412056527,684,2007-03-14
2007-04-30,dev,40,3,0.0882641339670272,-0.1580479067650039,0.0960600375234521,0.1093808630393996,0.4630093535210408,0.4727545808679297,0.4610284575771916,0.4942354095263199,-0.0312260560052791,0.0019808959438492,718,2007-04-12
2007-05-31,dev,41,2,0.0428665283086931,0.235151370923894,0.1146341463414634,0.019163763066202,0.2718871197813239,0.1866012461421142,0.2274654963307315,0.2060758379939469,0.065811281787377,0.0444216234505923,753,2007-05-14
2007-06-29,dev,41,1,0.1459702724015906,0.2223080057506914,0.2071428571428571,-0.1047038327526132,0.4022728840810389,0.3282469268223018,0.3608169425853728,0.4306565910695794,-0.0283837069885405,0.041455941495666,788,2007-06-13
2007-07-31,dev,44,1,0.1606351062148473,0.1929975699730539,0.0577871740662438,0.0467935165609584,0.1003754954236384,0.0454465589492952,0.0704323022229061,0.0249701607240697,0.0754053346995686,0.0299431932007322,825,2007-07-12
2007-08-31,dev,47,2,0.1963244941069246,-0.0457850771750519,-0.0259019426456984,0.0940101757631822,-0.0828060639338979,-0.1087090844090681,-0.0920370430659053,-0.186369615087412,0.103563551153514,0.0092309791320073,863,2007-08-09
2007-09-28,dev,47,4,0.1118949427791439,-0.1601507174462076,-0.0331868640148011,0.2454902867715078,-0.2396087074888282,-0.2241557146336465,-0.2282364229319998,-0.3272100319433745,0.0876013244545463,-0.0113722845568284,902,2007-08-30
2007-10-31,dev,51,4,0.1025251402233483,-0.2067000558128421,-0.0549321266968325,0.0790045248868778,-0.2362495637606078,-0.1685439032296508,-0.207208111318226,-0.3100094347533277,0.0737598709927199,-0.0290414524423817,941,2007-10-08
2007-11-30,dev,52,42,0.0336617091209686,-0.0629070550744769,-0.0845214718688636,0.1213181934602578,-0.2285862738468577,-0.2357498494780254,-0.2114058757744748,-0.323139995541866,0.0945537216950082,-0.0171803980723828,981,2007-11-06
2007-12-28,dev,56,115,0.0822123176178725,0.1296695034763967,-0.1950102529049897,0.214149008885851,-0.3034616701845126,-0.3472090033549367,-0.3217567867123244,-0.4564084840140308,0.1529468138295181,0.0182951165278117,1022,2007-11-30
2008-01-31,dev,56,112,0.069371447479388,0.1718368144675903,-0.1963773069036227,0.0855775803144224,-0.282702871768579,-0.3079468121737976,-0.2984953982575598,-0.4112108451192873,0.1285079733507082,0.0157925264889807,1065,2008-01-02
2008-02-29,dev,56,57,0.0807518449354416,-0.0316662448770343,-0.2620642515379358,0.0758714969241285,-0.3584130853744406,-0.3659267436053785,-0.3677621551934496,-0.4883700035297516,0.1299569181553109,0.009349069819009,1111,2008-02-01
2008-03-31,dev,59,104,0.0626624029084577,0.2885445076426869,-0.0191700759789596,0.1410870835768556,-0.299112314173883,-0.3298692203110061,-0.320889918570978,-0.4453419442663692,0.1462296300924861,0.021777604397095,1158,2008-03-12
2008-04-30,dev,60,104,0.0542666413119865,0.2953639256179126,0.0478466240622395,0.1934426229508197,-0.3607416717897118,-0.4267375611759756,-0.4187060908560168,-0.5727786914209954,0.2120370196312835,0.057964419066305,1208,2008-04-10
2008-05-30,dev,63,6,0.0905216471587031,0.1237124291120504,0.2437596006144393,0.2326228878648233,-0.3320097673822938,-0.3445657261945362,-0.3205717927750174,-0.4592939443362972,0.1272841769540034,-0.0114379746072764,1260,2008-05-08
2008-06-30,dev,63,17,0.0346667788240859,0.296447664861425,0.3329493087557604,0.2027649769585253,-0.1873066626634071,-0.2433452468530981,-0.2159170208522636,-0.348911229560369,0.1616045668969619,0.0286103581888565,1315,2008-06-10
2008-07-31,dev,64,17,0.0398081119663678,0.4448914313227784,0.2727106227106227,0.1986263736263736,-0.0642233480662663,-0.1267370694379024,-0.1021965195095143,-0.1689969734886158,0.1047736254223495,0.037973171443248,1371,2008-07-08
2008-08-29,dev,67,6,0.1395051177153805,0.3509902982710569,0.2537313432835821,0.3113576502514167,0.0064800420591355,-0.0637726212740158,-0.0213921316596623,-0.0735645832984898,0.0800446253576253,0.0278721737187978,1427,2008-08-07
2008-09-26,dev,69,8,0.1442568970598877,-0.0604285245595011,0.0322250639386189,0.3519546949214469,0.1491601097459992,0.1194383740600303,0.1213577734382924,0.1221274018265714,0.0270327079194277,0.0278023363077067,1483,2008-08-29
2008-10-31,dev,70,8,0.1486248105452975,-0.4347694967865251,-0.3007085994226227,0.3413699588837372,0.3732946241876726,0.5292140125986767,0.4673725135127817,0.6765559068559681,-0.3032612826682955,-0.0940778893251091,1543,2008-10-07
2008-11-28,dev,71,14,0.1802595120996326,-0.2861754237090135,-0.1883970489604292,0.348524480214621,0.3410208334901582,0.4737415377151982,0.4233962220275841,0.6178573536387304,-0.2768365201485722,-0.0823753885374258,1604,2008-11-05
2008-12-31,dev,73,38,0.2230361824698691,-0.4576891205153364,-0.203875107984697,0.2416080464025669,0.4536025861540287,0.6009783000796673,0.5500611700718959,0.8695433075024674,-0.4159407213484387,-0.0964585839178672,1667,2008-12-03
2009-01-23,dev,73,38,0.2286218203707732,-0.4250378215365274,-0.0845365913859064,0.234110823151919,0.4692801811155339,0.5888150764427078,0.5508816899959899,0.8372878787729707,-0.3680076976574368,-0.0816015088804559,1730,2008-12-31
2009-02-27,dev,73,10,0.1849934724826038,-0.2628281250682865,-0.0137911884487226,0.3634147846476614,0.262397405682411,0.3304072354746154,0.2938798070953827,0.4234041847447007,-0.1610067790622897,-0.0314824014129717,1796,2009-02-11
2009-03-31,dev,73,1,0.156108468494499,,0.1691040355423917,0.310779958040232,0.1713965356534084,0.1518655436344584,0.1496218094282991,0.1852217231992003,-0.0138251875457919,0.0217747262251092,1864,2009-03-12
2009-04-30,dev,73,1,0.156108468494499,,0.235190670122177,0.3390102431198322,0.2625957309820699,0.2440752208550092,0.249042002193127,0.3207837354160965,-0.0581880044340265,0.0135537287889428,1934,2009-04-09
2009-05-27,dev,75,1,0.1408495253943461,-0.1364831498998963,0.2356472261735419,0.3695590327169274,0.2563669011993686,0.2848641847912576,0.2508961224968484,0.2902907984601293,-0.0339238972607606,0.0054707787025201,2004,2009-05-08
2009-06-30,dev,76,203,0.097506880223403,0.1420915926179084,0.2897607655502392,0.2723171565276828,0.1708214299612302,0.11800709407336,0.1356638666427363,0.1292320732777214,0.0415893566835088,0.0351575633184939,2076,2009-06-09
2009-07-31,dev,80,203,0.0867978925519119,0.1380918893577121,0.0264416315049226,0.0296765119549929,-0.052243772007889,-0.0736744636464231,-0.0609051782107316,-0.134928514853712,0.082684742845823,0.0086614062028425,2149,2009-07-10
2009-08-31,dev,82,108,0.0699262541377933,0.1923922507732583,0.3841164114452389,0.3368160990846857,0.1761665285513861,0.1650438689441162,0.1699328632674707,0.1577354253355949,0.0184311032157911,0.0062336652839153,2222,2009-07-31
2009-09-30,dev,83,18,0.0330624919094286,0.1621567734753851,0.282208975273918,0.2920322404600982,0.1649706734707093,0.1407443305578934,0.160305462066645,0.1287640961726301,0.0362065772980791,0.0046652114040642,2295,2009-08-28
2009-10-30,dev,85,5,0.0789550477747958,0.2370666313064389,-0.0583154191909321,0.0972640218878249,0.016609094602275,-0.0297656111106353,-0.001153178729314,-0.116912350184674,0.1335214447869491,0.0177622733315891,2368,2009-09-29
2009-11-30,dev,87,1,0.0758588226868971,0.0006525587859265,-0.1863016694612524,0.0363599912517314,-0.1086399687383486,-0.0739832184341789,-0.1016754927602158,-0.2184938272940871,0.1098538585557385,-0.0069644759781328,2443,2009-11-05
2009-12-31,dev,88,1,0.0860732315498006,-0.1829732391349595,-0.1547145222077419,0.0805360853791694,-0.1662819416351122,-0.1216099920929976,-0.1434416549591416,-0.251550752247682,0.0852688106125696,-0.0228402866759706,2518,2009-12-01
2010-01-29,dev,89,3,0.1520580340870444,-0.0081557561257039,0.0256384065372829,0.092100783112019,0.009712815659027,-0.0063056294115822,-0.0062297459257906,-0.0892322624841808,0.0989450781432078,0.0159425615848176,2598,2009-12-31
2010-02-26,dev,91,1,0.0874362843229648,0.0052971243357982,0.1062111801242236,0.1681159420289855,-0.0126253225811843,-0.0014654350041983,-0.0159971378901782,-0.1117286158920499,0.0991032933108655,0.0033718153089938,2680,2010-02-03
2010-03-31,dev,91,1,0.1058591802621364,0.020199170972778,0.166778149386845,0.1236502627806975,0.0213649623316038,0.0329323392860359,0.0236416457815783,-0.0516740310502698,0.0730389933818737,-0.0022766834499744,2763,2010-03-11
2010-04-30,dev,93,1,0.1235123195889247,0.2356073102555307,0.2808182387872638,0.1876697203903195,0.1798876726427561,0.1831114090044331,0.1754459143582268,0.1407546868403337,0.0391329858024223,0.0044417582845292,2848,2010-04-13
2010-05-31,dev,96,1,0.1882827214319894,0.2608286738927278,0.2629408572978838,0.2534319045035268,0.1861109886253101,0.1600025598785456,0.1660237178281158,0.14373604532421,0.0423749433011001,0.0200872707971943,2935,2010-05-06
2010-06-30,dev,97,3,0.1274118563905038,0.1349566568008914,0.1802677256469597,0.2238849147906585,0.2761930670745263,0.2546483850538116,0.2532858275806959,0.2390071281705141,0.0371859389040121,0.0229072394938303,3023,2010-06-04
2010-07-30,dev,98,3,0.2488017662149045,0.232444903619016,0.2967248755172171,0.3459186861248716,0.1242611402463094,0.079578562442765,0.1098954144377471,0.0878785407094002,0.0363825995369092,0.0143657258085623,3112,2010-07-12
2010-08-31,dev,100,1,0.1624726403444795,0.0814130368918244,0.2593699369936993,0.2638943894389439,0.0906723042665539,0.0766173209412816,0.0773659204067662,0.1036009380033258,-0.0129286337367718,0.0133063838597877,3203,2010-08-09
2010-09-30,dev,101,3,0.1015657217445245,0.1015942468676892,-0.0957367501456027,-0.0866744321490972,0.0629803369217281,0.0534203022124345,0.0588014141773643,0.1486785889233246,-0.0856982520015964,0.0041789227443637,3294,2010-08-30
2010-10-29,dev,101,7,0.0630495772824194,0.0270212024200755,0.2582178217821782,0.2810133954571928,-0.0530996939787855,-0.0702013395057659,-0.0611403765741724,-0.0765054143763445,0.0234057203975589,0.0080406825953869,3385,2010-10-12
2010-11-30,dev,104,6,0.0675074004646101,-0.036931417035071,-0.3232262882748319,-0.3265549983996586,-0.1043211576151509,-0.0932880869226852,-0.0934010326230836,-0.0409096632594673,-0.0634114943556836,-0.0109201249920672,3481,2010-11-10
2010-12-31,dev,106,1,0.0301505486429146,-0.1459003483456726,-0.1924830591732372,-0.174385973751165,-0.0616656724421898,-0.0439482939921693,-0.0467910127003289,-0.0048125779786276,-0.0568530944635622,-0.0148746597418608,3578,2010-12-08
2011-01-31,dev,112,8,0.0056326545763477,0.0662180374378828,0.1320343731848156,0.1212030614685482,-0.0485074959045191,-0.062447423322234,-0.0542521233384219,-0.0918609670444542,0.043353471139935,0.0057446274339027,3675,2011-01-05
2011-02-28,dev,113,1,-0.0079848298174165,0.0201169096812775,0.004957082972919,0.0278627985893938,-0.082839323017229,-0.078680986866546,-0.0840132800699501,-0.1193835333759935,0.0365442103587645,0.0011739570527211,3773,2011-02-11
2011-03-31,dev,114,301,0.041191470754859,0.2294445231971811,0.130199874445637,0.1472266661266479,-0.1514635395221775,-0.1815945371666749,-0.1553741933013203,-0.1991559550372166,0.047692415515039,0.0039106537791427,3874,2011-03-15
2011-04-29,dev,115,1,0.1308708234259527,0.2188447974527865,0.1445435177148268,0.1134537994160814,-0.0826766466614262,-0.0952994502527888,-0.0936607668454995,-0.1404512699661073,0.0577746233046811,0.0109841201840733,3975,2011-04-13
2011-05-31,dev,116,3,0.1742507252642748,0.0671448200302666,0.1933802329604428,0.1992388421174028,-0.0863773147950989,-0.0801934609545742,-0.0806116941269022,-0.1480049014577772,0.0616275866626782,-0.0057656206681966,4078,2011-05-06
2011-06-30,dev,119,23,0.1651095222802975,-0.1122796522722353,0.0691995442244694,0.084816977638513,-0.2002192184275451,-0.1754503986839016,-0.1908827845700835,-0.2448469804923574,0.0446277620648123,-0.0093364338574615,4183,2011-06-08
2011-07-29,dev,121,27,0.1695290938051434,0.0110147676466603,-0.0919523099850968,0.0048841620376642,-0.1617209124846617,-0.1679037101636926,-0.166173347290485,-0.1490027687689324,-0.0127181437157292,0.0044524348058233,4295,2011-07-11
2011-08-31,dev,124,27,0.1622684286960123,0.0034429583005507,0.0153516915814319,-0.0200157356412273,-0.0970201349800502,-0.0941556598065557,-0.0910295749449954,-0.0582072491829354,-0.0388128857971148,-0.0059905600350548,4408,2011-08-08
2011-09-30,dev,125,36,0.1695316446366234,-0.0754962757240149,0.1379784946236558,0.0486697388632872,-0.03066895806949,-0.0248397531888731,-0.0249094123443263,-0.0028306882713742,-0.0278382697981158,-0.0057595457251637,4522,2011-08-29
2011-10-31,dev,126,15,0.1564756155191404,-0.2872921050698047,0.1340802399700037,0.010657667791526,-0.04562275570533,-0.0230205051680366,-0.0357824367690559,-0.0141330839121479,-0.0314896717931821,-0.0098403189362741,4637,2011-09-30
2011-11-30,dev,126,38,0.1505006912167994,-0.1710656167979002,0.1706276715410574,0.088869891263592,-0.0113604897919391,-0.0044288809626486,-0.0126595832416006,0.0145725594086105,-0.0259330492005496,0.0012990934496614,4753,2011-11-03
2011-12-30,dev,126,101,0.139425857070798,-0.0785631796025496,0.1191361079865016,0.0994585676790401,0.057057614926565,0.0615099103368456,0.0629827977475054,0.0440964948404385,0.0129611200861264,-0.0059251828209403,4870,2011-12-02
2012-01-31,dev,127,11,0.0929660524309586,-0.1577327726869803,0.0753480033745781,-0.0061339988751406,-0.0082821247569238,0.0156542713272742,0.0247017724418216,-0.0525017652358111,0.0442196404788873,-0.0329838971987454,4990,2012-01-04
2012-02-29,dev,131,3,0.1176619584398571,-0.1561749591817554,0.1563711098062243,0.0222761970853573,-0.0874434223400911,-0.0612427042894824,-0.0720180641157678,-0.1629657159842878,0.0755222936441967,-0.0154253582243232,5114,2012-02-09
2012-03-30,dev,134,5,0.1198997458847535,-0.0365055230694833,0.1222982830209852,0.1394057282509757,0.0027777409635905,0.0061411941374236,0.0095253068170367,-0.0548869831304668,0.0576647240940573,-0.0067475658534462,5238,2012-03-13
2012-04-27,dev,135,3,0.0700250737667576,-0.0151936239296801,0.2384157643156765,0.2007511462296361,-0.032137022714004,-0.0176386237258553,-0.0368820610941582,-0.1250012851478416,0.0928642624338375,0.0047450383801541,5364,2012-04-16
2012-05-31,dev,138,2,0.123520872691483,0.1385818840990727,0.3657009650927305,0.2413964734274148,-0.1281594959120408,-0.1413773425203549,-0.1436770421088081,-0.1987779830261067,0.0706184871140658,0.0155175461967672,5490,2012-05-10
2012-06-29,dev,140,5,0.1142505739189452,-0.0060085765035658,0.2083007150510595,0.2261529378321051,0.0130136212683873,0.0049380146995119,0.0043874958912226,0.0249186305559121,-0.0119050092875247,0.0086261253771647,5616,2012-06-11
2012-07-31,dev,145,5,0.1289598070821935,-0.0753860752832865,-0.150928987561014,-0.0633049913399464,0.0947617255266807,0.098637866940023,0.102186274749051,0.1779339386400402,-0.0831722131133594,-0.0074245492223702,5743,2012-07-12
2012-08-31,dev,148,6,0.128038266333625,0.0461379978552206,0.0545538004790162,0.0958106442286691,0.1164022532406479,0.1141306583087367,0.115106538026764,0.1493989662873243,-0.0329967130466763,0.0012957152138838,5872,2012-08-02
2012-09-28,dev,149,3,0.1209491298947132,0.0958817204939726,0.1902702702702702,0.1548703065481589,0.0768106630348994,0.0602018462308423,0.0724596127994944,0.0626713287567168,0.0141393342781825,0.0043510502354049,6006,2012-08-31
2012-10-31,dev,151,11,0.1091796082608815,0.0765047416836805,0.0891390728476821,0.0818926455210874,0.141465551751173,0.1179357822788727,0.1319795465119865,0.1057813927497539,0.0356841590014191,0.0094860052391865,6141,2012-10-09
2012-11-30,dev,156,29,0.0583177667413434,0.0057514592016306,-0.1509980875914715,-0.0487332269128036,0.2485811079487527,0.2303211158294192,0.2410102027463037,0.1304337462803686,0.1181473616683841,0.0075709052024489,6279,2012-11-01
2012-12-31,dev,161,12,0.0816040475576232,0.0435524952808898,-0.0535973084886128,-0.0501581550494594,0.1271128085673646,0.088351738581248,0.1092801382307409,-0.0951726390355426,0.2222854476029072,0.0178326703366236,6419,2012-12-03
2013-01-31,dev,164,1,0.0766774721388231,0.0511228594141065,0.2385183572973487,0.1721872321902248,0.0846897377004395,0.0750331495349273,0.0922645758503909,-0.1257226778101904,0.2104124155106299,-0.0075748381499513,6564,2012-12-31
2013-02-28,dev,164,10,0.0347718785676101,0.131706567250798,0.3146055799654483,0.261219104104036,0.1047928981514434,0.0654035744251248,0.0667537622755312,-0.1206840764335975,0.225476974585041,0.0380391358759121,6711,2013-02-04
2013-03-29,dev,166,3,0.0492379354655267,0.2341737501277111,0.2607276137757344,0.207891336713211,0.1668506218098816,0.1114337309029533,0.1512837010501808,-0.0090341684024138,0.1758847902122955,0.0155669207597008,6859,2013-03-14
2013-04-26,dev,170,1,0.0754343601836334,-0.0003929204576937,0.2231483686592046,0.1711066737501603,0.034416226681161,0.0565981536192317,0.0630899580141574,-0.0436210265491932,0.0780372532303542,-0.0286737313329963,7010,2013-04-15
2013-05-31,dev,174,1,0.0637691665978728,-0.0173851880984234,0.1814094934366012,0.1395700333152994,-0.0054907762397095,0.0060979175393597,0.00423798998398,-0.0596809577559462,0.0541901815162367,-0.0097287662236896,7163,2013-05-14
2013-06-28,dev,174,2,0.0684926553054331,-0.0247447491760426,0.1855599533016315,0.1968700703322987,0.0829010243970933,0.097796706571695,0.1006595026806692,0.0551380758043458,0.0277629485927475,-0.0177584782835758,7324,2013-06-18
2013-07-31,dev,176,2,0.1055157031774079,0.1360047789955198,0.3339555359894343,0.3034448602245212,0.1076651996147191,0.0812280960821705,0.1136036832636915,0.0421979543287545,0.0654672452859646,-0.0059384836489723,7487,2013-07-17
2013-08-30,dev,178,3,0.078105370277794,-0.0086116620903159,0.2826564559663549,0.2669446309242507,0.0165358380752472,0.0094676977955292,0.0288032187928779,-0.0750145857012588,0.0915504237765061,-0.0122673807176307,7651,2013-08-14
2013-09-30,dev,182,2,0.132617302061216,0.0575994053907447,-0.1516973199791785,-0.144756158613599,-0.013760996115503,-0.0153474480445184,-0.0252912672065425,-0.0561535584551005,0.0423925623395974,0.0115302710910395,7817,2013-09-04
2013-10-31,dev,184,3,0.138145174226317,-0.0951303408118567,0.0694534877001021,0.0937469900406464,-0.0456971113816738,-0.0306799475294696,-0.0329778931501653,-0.1003581722849975,0.0546610609033237,-0.0127192182315084,7987,2013-10-14
2013-11-29,dev,186,1,0.1089188350273102,-0.1867069985537108,0.05733907100131,0.1152683820615509,-0.0615773293434837,-0.0286699849508636,-0.0579289984181006,-0.1249159472296207,0.063338617886137,-0.003648330925383,8161,2013-11-07
2013-12-31,dev,186,1,0.1382994030087598,-0.0365977837055516,0.1543827422385296,0.1379529952584981,0.0068076283341224,0.003440141292098,-0.0013824284062678,-0.0778171574051104,0.0846247857392328,0.0081900567403903,8335,2013-12-09
2014-01-30,dev,187,8,0.1084507476369272,-0.1200602790323344,-0.2024066006261492,-0.1684253410604898,0.0077882370926955,0.0342465201567322,0.00511544625383,0.0567581556902541,-0.0489699185975585,0.0026727908388654,8510,2014-01-02
2014-02-28,dev,188,5,0.1048509722814987,0.0360403740236543,-0.0664557247786284,-0.0654515835992682,0.047394110718023,0.0284633491833333,0.035041003077204,0.0731152456824804,-0.0257211349644574,0.0123531076408189,8688,2014-02-11
2014-03-31,dev,190,22,0.0950099192327054,0.1456207870735511,0.2479593398854903,0.2269259536275243,0.1629699974859612,0.1385078358594019,0.1656436592511976,0.1419569912011573,0.0210130062848038,-0.0026736617652363,8869,2014-03-13
2014-04-30,dev,191,25,0.0957636367667109,0.2097478644254615,0.3474906999173326,0.3234344860843207,0.2033372653811937,0.1388919702579291,0.1824764942650853,0.1597236988333958,0.0436135665477978,0.0208607711161084,9053,2014-04-10
2014-05-30,dev,192,11,0.0788014761469581,0.1686618907917511,0.1596943412093427,0.1917963133765564,0.2782938442382733,0.2381163317291091,0.2596216390739887,0.3761180339667158,-0.0978241897284425,0.0186722051642845,9239,2014-05-08
2014-06-30,dev,195,1,0.0706615924509085,0.087665153943175,-0.1490313809901438,-0.1479599928789914,0.2640238768413526,0.2080201675328679,0.2463140555752858,0.6321073493453937,-0.3680834725040411,0.0177098212660667,9425,2014-06-09
2014-07-31,dev,201,9,0.0729826329220916,0.0766149024127628,0.0981971331461504,0.006203635288902,0.2763500887982427,0.2329331864818728,0.2696289064212928,0.4474062557573637,-0.1710561669591209,0.0067211823769499,9612,2014-07-09
2014-08-29,dev,204,1,0.0751470175189236,0.2296046494095125,-0.0001455922991568,-0.0982620802736569,0.3540805530005564,0.2433272873898205,0.332534798976369,0.5365282362686874,-0.182447683268131,0.0215457540241874,9800,2014-08-07
2014-09-30,dev,206,1,0.0873198365306311,0.2007730407534936,-0.0373915102595517,-0.2054690154330838,0.5842385039949952,0.4202353247316468,0.5585532434087908,0.8037921850290579,-0.2195536810340627,0.0256852605862044,9990,2014-08-29
2014-10-31,dev,210,57,0.0754257964348107,0.1629560761014988,-0.1124580084420443,-0.2487539399986394,0.6365053027281761,0.486074853162374,0.6060622075657848,0.8173099578403917,-0.1808046551122156,0.0304430951623912,10181,2014-09-30
2014-11-28,dev,211,20,0.0764249077843512,0.230270702884792,0.1615091784724262,-0.1566497617557262,1.0035045814787458,0.6524750595020302,0.9343589934242272,0.8621890552577434,0.1413155262210024,0.0691455880545186,10372,2014-11-05
2014-12-31,dev,213,70,0.0664720162731415,0.2409863873773411,-0.0744198926587207,-0.2623987621727544,0.2204072067768626,0.1483304491579335,0.1868229503652058,0.1029856765066694,0.1174215302701931,0.0335842564116567,10566,2014-12-03
2015-01-30,dev,216,14,0.0684935737018578,0.3253662384843913,0.1413555769894854,-0.0901296752759618,0.3101661372476075,0.172882193864863,0.2465857448352527,0.1157300131901153,0.1944361240574922,0.0635803924123547,10765,2014-12-31
2015-02-27,dev,220,23,0.0971236508072193,0.1080017288120674,-0.0619520688819641,0.0838033843674456,0.0700827064424446,0.0211459664063064,0.0179412628267592,-0.1027766963171905,0.1728594027596352,0.0521414436156854,10969,2015-02-04
2015-03-31,dev,221,16,0.0804162937810503,-0.2062808886895614,-0.2309471133000544,0.1605912370618252,-0.1133107516632461,-0.0766839442381015,-0.1016328960679173,-0.2093836795184839,0.0960729278552378,-0.0116778555953287,11174,2015-03-12
2015-04-30,dev,223,22,0.1078100231136571,-0.289838950406912,-0.2688245580622262,0.1648328341153453,-0.0700150384874576,-0.0491012021304629,-0.0706120303738451,-0.2197770641232233,0.1497620256357656,0.0005969918863874,11384,2015-04-13
2015-05-29,dev,229,62,0.1187305241596899,-0.3636136529367807,-0.490329059786356,0.0680133502543143,-0.2313746206622035,-0.1156876964086023,-0.1762378145764314,-0.2254841061314084,-0.005890514530795,-0.0551368060857721,11594,2015-05-08
2015-06-30,dev,233,14,0.1135083290567146,-0.1549627593391291,-0.1497042003923756,0.3226682300975627,-0.1160101195702932,-0.0493292621883874,-0.092586738902549,-0.2244427562900766,0.1084326367197833,-0.0234233806677441,11807,2015-06-05
2015-07-31,dev,239,58,0.1281704777587788,-0.0243108540487324,0.0239188143876797,0.3772836749762666,-0.1012118130620378,-0.0713633006982977,-0.095664227941846,-0.217973437255597,0.1167616241935591,-0.0055475851201917,12023,2015-07-09
2015-08-31,dev,241,10,0.1430111787201133,0.0224468415596333,0.1455454202530777,0.2512490998251089,-0.0240085796985302,-0.0251431881525904,-0.0296444740741501,-0.1034452030217409,0.0794366233232107,0.0056358943756198,12242,2015-08-06
2015-09-30,dev,243,9,0.1435981519398853,0.2697032208413624,0.2114981575985053,-0.0054059388386263,0.1035920862122339,0.0566388031918823,0.0912906084800482,0.0084759415388573,0.0951161446733766,0.0123014777321857,12463,2015-08-27
2015-10-30,dev,249,14,0.1493954029880778,-0.0873300532170198,0.1054038087835211,0.3185246793626117,-0.0369193643084516,-0.0224035632213124,-0.0426771751780668,-0.0905919194222879,0.0536725551138363,0.0057578108696151,12685,2015-09-30
2015-11-30,dev,249,5,0.1247959646754067,-0.2303154070186409,-0.1177605907500971,0.2939961134862028,-0.1071676528084998,-0.0602850087673822,-0.1057201745417347,-0.105732596233974,-0.0014350565745257,-0.001447478266765,12914,2015-11-05
2015-12-31,dev,257,3,0.1168056947681679,-0.2262060478289642,-0.0803497703827707,0.281742743869333,-0.1110623797596882,-0.0457983982899565,-0.0971384621915311,-0.1443913905234648,0.0333290107637766,-0.013923917568157,13146,2015-12-03
2016-01-29,dev,264,12,0.1081057869886829,0.4194350918291443,0.1670845045620854,0.0135003815325215,0.1622437371186762,0.0527971597777094,0.1256378615916377,0.0879199209800107,0.0743238161386654,0.0366058755270385,13381,2016-01-04
2016-02-29,dev,267,32,0.084459014056834,0.4543010379869996,0.0531775522993295,-0.0355506828449624,0.2230961108243307,0.0900866128992314,0.1786179690349568,0.1495461112151763,0.0735499996091544,0.0444781417893739,13622,2016-02-04
2016-03-31,dev,276,45,0.0792325696159881,0.4575911384813532,0.2493480401249982,0.2021352435039454,0.09953237132576,0.0232055954914628,0.0576443941672238,0.0235484548589099,0.07598391646685,0.0418879771585361,13864,2016-03-11
2016-04-29,dev,281,103,0.1018007731161363,0.4516603749094094,0.1555652305595517,0.1757244534824605,0.1078450019851876,0.0342187055189771,0.0711212030656676,0.063307932696496,0.0445370692886916,0.03672379891952,14113,2016-04-11
2016-05-31,dev,303,12,0.1069809689554321,0.4563097836356626,0.0988891151227357,0.2106263955081461,0.0998524747292577,0.0205191418803748,0.0622721443859814,0.0913669405217127,0.0084855342075449,0.0375803303432763,14362,2016-05-05
2016-06-30,dev,323,12,0.0996787487001313,0.1098354051136699,0.3025608921422625,0.2605455098388198,0.0236766913419823,0.0034674458153532,0.0040148908981249,0.0679760209593074,-0.044299329617325,0.0196618004438574,14617,2016-06-03
2016-07-29,dev,347,8,0.0840831826239944,0.1222640531904873,0.3623196980410695,0.2873644593971275,0.0082596141378231,0.0004970538724393,-0.0006836434596149,0.0600393891252306,-0.0517797749874075,0.008943257597438,14881,2016-07-08
2016-08-31,dev,362,8,0.079702600835279,0.1577879530344081,0.3615040029667626,0.2495211073856529,0.0156649933146816,-0.0074049530056157,0.0046708807475959,0.0387340682746588,-0.0230690749599772,0.0109941125670857,15147,2016-08-05
2016-09-30,dev,368,9,0.0984609897377071,0.2664023421735175,0.2176506367006568,0.1194621586661311,0.0490943344581147,0.0142879579717541,0.0234165615326068,0.0803129759612206,-0.0312186415031058,0.0256777729255078,15422,2016-08-29
2016-10-31,dev,377,12,0.1195785705189878,0.165325013107506,0.2546121238344275,0.2227684478234735,-0.0171725781382808,-0.0512672922074206,-0.0366227184321281,0.0067545330455076,-0.0239271111837884,0.0194501402938473,15702,2016-10-10
2016-11-30,dev,386,12,0.1223671180296445,0.1155267517510688,0.2503896312547957,0.1854596782901398,-0.0112320763650198,-0.036430595385899,-0.0198020876642176,0.01078829542445,-0.0220203717894699,0.0085700112991978,15998,2016-11-07
2016-12-30,dev,395,7,0.1328050072372631,0.0266338158638866,0.0852238896060781,0.0649637154167129,0.0576220368471794,0.0457785985147436,0.038882551800257,0.10897860203421,-0.0513565651870306,0.0187394850469223,16311,2016-12-06
2017-01-26,dev,405,72,0.1418648676973622,0.0032696208865549,0.1237742986121272,0.1118071248832601,0.0634126423806823,0.0554229330654251,0.0432213026427994,0.0943396337797277,-0.0309269913990454,0.0201913397378828,16659,2017-01-04
2017-02-28,dev,419,178,0.1456259808118784,-0.0083033032788088,0.1085897647133672,0.0913017518845932,0.0618834580061255,0.0525392785788897,0.0534079021509845,0.1104871104984055,-0.04860365249228,0.0084755558551409,17022,2017-02-09
2017-03-31,dev,428,65,0.1297313529612253,0.1025688767555746,0.1827977446178764,0.1634605627251559,0.0949177585837561,0.0560600704931052,0.0745631184465002,0.1233091226216318,-0.0283913640378757,0.0203546401372559,17396,2017-03-14
2017-04-28,dev,430,134,0.1327035164124786,0.1629143101004105,0.2081895118856215,0.1894227609114567,0.1169064729200064,0.0646702409971937,0.0936662740455641,0.1620409953854245,-0.045134522465418,0.0232401988744423,17778,2017-04-13
2017-05-31,dev,438,216,0.1173108410864751,0.1373109818181091,0.2493950711265825,0.208941329664618,0.1134265096922389,0.0773105858938587,0.0999982408832264,0.1469312616934139,-0.033504752001175,0.0134282688090125,18165,2017-05-08
2017-06-30,dev,447,238,0.1006823817594724,0.1230586732390611,0.3759105385465348,0.2768541020856531,0.0923255436515429,0.0678131043467334,0.0740391820303062,0.1147058005376897,-0.0223802568861468,0.0182863616212367,18563,2017-06-09
2017-07-31,dev,455,2,0.1018755863940511,-0.0533827501073811,0.389766308349661,0.3639299026964225,0.0854686096037636,0.083096066437817,0.0707247953093651,0.1439390797921707,-0.058470470188407,0.0147438142943984,18972,2017-07-11
2017-08-31,dev,471,206,0.1019635609481035,-0.005701015938497,0.4096928755676324,0.3668067419911292,0.0374837541900682,0.0562239294143448,0.0507454277812429,0.0799491273498578,-0.0424653731597896,-0.0132616735911747,19395,2017-08-04
2017-09-29,dev,476,143,0.1042872239549829,-0.1802109046200407,0.2786623606741604,0.3297174122876558,-0.0074535521157427,0.0238241331039201,0.0010123248152478,0.0161954864601885,-0.0236490385759313,-0.0084658769309906,19825,2017-08-30
2017-10-31,dev,484,141,0.1319267943734608,-0.2057126823998399,0.1017068176923113,0.1820590720961528,-0.0284024607017283,-0.0026705635225199,-0.019748455380588,-0.033719118740076,0.0053166580383476,-0.0086540053211403,20259,2017-10-09
2017-11-30,dev,492,167,0.1387189470247626,-0.1355520932214482,0.1416880689092932,0.1834517379722654,-0.0095627198886396,0.0042642142022041,-0.0122852426881656,-0.0565345489464939,0.0469718290578542,0.0027225227995259,20702,2017-11-02
2017-12-29,dev,503,3,0.1414725317447972,-0.0422063251208772,-0.056447409264768,0.1900418773641588,-0.0654589966654229,-0.0716847873000355,-0.0722330110206347,-0.1397567017419381,0.0742977050765151,0.0067740143552118,21153,2017-11-30
2018-01-31,dev,521,2,0.1713207977432801,-0.2678145754394261,-0.2959653017135312,0.0238198153248785,-0.1356854370146601,-0.0709704734924692,-0.1097690018931983,-0.2054232338041661,0.0697377967895059,-0.0259164351214618,21614,2018-01-02
2018-02-28,dev,526,8,0.1550917311552787,-0.1800940072609552,-0.1200957321478818,0.171222553537544,-0.1012550836162755,-0.0596792252689486,-0.0970152807675157,-0.1671490654486656,0.06589398183239,-0.0042398028487598,22085,2018-01-31
2018-03-30,dev,532,1,0.1708227152581475,-0.3888166914363386,0.0393601351488265,0.2936999997868077,-0.153927375177703,-0.0907327853923537,-0.1325665604493032,-0.1564210113741241,0.002493636196421,-0.0213608147283997,22563,2018-03-12
2018-04-27,dev,539,4,0.1430417248552699,-0.3421578264575882,0.1123312634730584,0.3108942394125611,-0.146750737268106,-0.0575820353235805,-0.1205401036898113,-0.124207153973899,-0.0225435832942069,-0.0262106335782947,23049,2018-04-12
2018-05-31,dev,543,6,0.1296839493289111,-0.3368039107149982,-0.1669315970052778,0.1828307901619802,-0.1530311076478069,-0.0508043575319486,-0.1252648323823738,-0.1406136584072695,-0.0124174492405373,-0.0277662752654331,23538,2018-05-09
2018-06-29,dev,550,1,0.0756912424826266,-0.3666473729052876,0.0234689761558941,0.11454327272006,-0.2083806552478848,-0.0517137187003496,-0.1436103892509339,-0.1555526440585761,-0.0528280111893087,-0.0647702659969509,24038,2018-06-08
2018-07-31,dev,556,1,0.0484624750171535,-0.4167912988096696,0.2479725453467106,0.2514075885683806,-0.1097703317138132,-0.0224748567982083,-0.0757611621731168,-0.0600354156189759,-0.0497349160948372,-0.0340091695406963,24554,2018-07-10
2018-08-31,dev,566,46,0.1012761012977908,0.1326787149733944,-0.1130676861187508,-0.0852062803781118,0.0717227267021248,0.0559250989383056,0.0692149085881092,0.1091562643199708,-0.0374335376178459,0.0025078181140155,25083,2018-08-09
2018-09-28,dev,572,8,0.0922172848895318,0.2503946633857048,-0.2619577816302585,-0.187163301117877,0.1304555182423847,0.0799484619307635,0.1226900021077587,0.1624701754794097,-0.032014657237025,0.007765516134626,25616,2018-08-30
2018-10-31,dev,578,5,0.0799869179066996,0.1808383550984612,-0.4053295171131849,-0.1807558220710452,0.1589526163838996,0.1221411279839073,0.1526579631990003,0.1828346105662874,-0.0238819941823878,0.0062946531848993,26157,2018-10-09
2018-11-30,dev,582,12,0.0326322909693091,0.1864857016264383,-0.3449093564911827,-0.1468465070772713,0.127221908842521,0.0867207063220197,0.1217749384832392,0.1633963608168462,-0.0361744519743252,0.0054469703592818,26702,2018-11-02
2018-12-28,dev,592,8,-0.0029852330688198,0.3366358572472941,-0.4335427589958025,-0.2104667496967923,0.2270209655522538,0.1103410442380346,0.1943522367357178,0.257779538930744,-0.0307585733784902,0.0326687288165359,27253,2018-12-04
2019-01-31,dev,601,13,-0.0183246347253468,0.2931921097556191,-0.3456217489123885,-0.0875926071109696,0.1893919022769377,0.1145221496205485,0.1628411821905348,0.1348989718684186,0.0544929304085191,0.0265507200864029,27809,2019-01-03
2019-02-28,dev,605,12,-0.0423379192513962,0.1863524172347752,-0.0140270980740458,0.051658935407283,0.1260920765149824,0.0717074500101868,0.1031089727538991,0.0354872907338317,0.0906047857811506,0.0229831037610832,28370,2019-02-11
2019-03-29,dev,623,122,-0.0213970993571432,0.0144168983586953,0.1295553637085123,0.1222161984665076,0.0468780985703555,0.0419251255423834,0.0488590885168525,-0.0089511744962542,0.0558292730666098,-0.0019809899464969,28941,2019-03-14
2019-04-30,dev,631,11,-0.0294190707454563,0.1196343558119494,-0.0500200605829605,-0.068521340024509,0.0894846772524805,0.0717591320002641,0.0982331891102429,0.0183151381308086,0.0711695391216719,-0.0087485118577623,29518,2019-04-11
2019-05-31,dev,640,59,-0.0249506825382897,0.168933502749038,-0.2430627119450975,-0.1288973193396619,0.1244603162641327,0.0871625345950077,0.131016493475981,0.0606178485856889,0.0638424676784437,-0.0065561772118482,30100,2019-05-10
2019-06-28,dev,643,2,0.0204035031837916,0.1552846530041135,-0.1439219656004927,-0.1559746847533362,0.1667044805525879,0.1331326637893945,0.1530895208154049,0.0708374950040346,0.0958669855485532,0.0136149597371829,30690,2019-06-12
2019-07-31,dev,650,2,0.0050311571150356,0.0402408398215945,-0.137853595283885,-0.2883392605207805,0.1736481382455908,0.1551204446695858,0.1839631784178006,0.0305329957378175,0.1431151425077732,-0.0103150401722098,31287,2019-07-10
2019-08-30,dev,654,3,-0.0184821913856456,0.1535547231016557,0.2370503079785937,-0.1395593846412561,0.1616077982611352,0.1221249123018931,0.1541675287870841,0.0398267074360207,0.1217810908251144,0.0074402694740511,31891,2019-08-09
2019-09-30,dev,658,53,-0.0290153076762733,0.3314774603728936,0.4383635145978308,0.0848397744903716,0.138050982088854,0.0567730991547261,0.1083643891038923,-0.0118887579275862,0.1499397400164403,0.0296865929849617,32508,2019-08-30
2019-10-31,dev,663,4,-0.0431445020368875,0.4695503482946928,0.5415430501654195,0.1140620087216852,0.2006599589562248,0.0687828201851404,0.1548725911106143,0.0188918665250574,0.1817680924311673,0.0457873678456104,33136,2019-10-08
2019-11-29,dev,669,29,-0.0408195719041823,0.5439700107406567,0.56983953250049,0.0682401878526595,0.2775590318109856,0.0708216558472196,0.197934652909751,0.0570323227041447,0.2205267091068409,0.0796243789012345,33775,2019-11-06
2019-12-31,dev,674,1,-0.0374861621716814,0.3746431313648908,0.6357136187426177,0.0298349262618379,0.3828020721524186,0.2075512543704982,0.3538518496326049,0.1846366068102627,0.1981654653421559,0.0289502225198136,34419,2019-12-04
2020-01-23,dev,677,7,-0.0317966927995001,0.4689810122431497,0.6457190991586219,0.2215035051171934,0.4183374156789416,0.1466960977000161,0.3291447497560054,0.1927872342497978,0.2255501814291438,0.0891926659229361,35070,2019-12-31
2020-02-28,dev,681,2,-0.0127123078170101,0.4934105292483131,0.4398610020829549,0.0601105387185685,0.372123301632227,0.1331656792771866,0.3121654655445247,0.2289496907271966,0.1431736109050304,0.0599578360877023,35725,2020-02-11
2020-03-31,dev,686,12,-0.0147190356240699,0.5806680154487183,0.3570814591551908,0.0209784108989001,0.4645244528421657,0.156906371269708,0.363182604217901,0.2699251659249271,0.1945992869172386,0.1013418486242647,36385,2020-03-12
2020-04-30,dev,694,2,0.0150169692897299,0.513791426903518,0.3594954793304471,-0.0435170617950042,0.4173959326769213,0.1399584123543076,0.3341343251581539,0.2731634418952011,0.1442324907817201,0.0832616075187674,37049,2020-04-10
2020-05-29,dev,701,13,0.0432321038054441,0.4200739614240603,0.2940842229572615,-0.1643783605837814,0.3436057339258734,0.1805057373208858,0.2895628869259208,0.3077398298380951,0.0358659040877782,0.0540428469999525,37720,2020-05-11
2020-06-30,dev,706,121,0.0583300767880256,0.3156413906798772,0.2586878061476898,-0.0561260825704568,0.2913459974231706,0.194905480732439,0.2491668047240995,0.2515211466765803,0.0398248507465902,0.042179192699071,38396,2020-06-09
2020-07-31,dev,718,69,0.1095154250248569,0.2825957438127623,0.2870047534873001,0.0291473206939906,0.211761060246217,0.1288747391808655,0.1749369922187274,0.1682954756992796,0.0434655845469374,0.0368240680274895,39075,2020-07-13
2020-08-31,dev,726,18,0.1109319227872528,0.0948041256721534,0.0070851490939196,0.0038875236520905,0.0701276167692502,0.0451934010678192,0.0575986711716315,0.0647813687719507,0.0053462479972995,0.0125289455976186,39757,2020-08-04
2020-09-30,dev,733,24,0.1172689682628254,0.308340750711426,0.2496455291516813,0.126754613179021,0.112006441398912,0.053877163417883,0.0857045672427562,0.0767862806669144,0.0352201607319976,0.0263018741561558,40448,2020-09-01
2020-10-30,dev,739,3,0.1274690566016722,0.3127743199855402,0.3331079817399498,0.1225954889838186,0.1197856257588746,0.0606715539771092,0.0929786794148016,0.0632730280742541,0.0565125976846205,0.026806946344073,41146,2020-10-09
2020-11-30,dev,743,18,0.1015865995663612,0.2714401089814345,0.475625502984526,0.005520761668217,0.1481365715350729,0.088064979086728,0.1300623225768243,0.0548087072995484,0.0933278642355245,0.0180742489582486,41853,2020-11-09
2020-12-31,dev,748,3,0.0734063717345739,0.0694713355960025,0.3485833841782098,-0.0380118963678048,0.1236450073446307,0.1299015578773112,0.1064808136080981,-0.0150788029602656,0.1387238103048964,0.0171641937365326,42569,2020-12-03
2021-01-29,dev,757,3,0.057508989902072,-0.2051607359176374,0.0234247358310194,-0.2267633012850037,0.0502072576488775,0.1462228910394294,0.0843502800806716,-0.0684612100415454,0.118668467690423,-0.0341430224317941,43294,2020-12-31
2021-02-26,dev,772,1,-0.0170646754119325,-0.3337731300998134,-0.0731850777222937,-0.3554597251396024,0.0387111253761024,0.247932819317173,0.1156425683775685,-0.0980915203060432,0.1368026456821457,-0.0769314430014661,44029,2021-02-03
2021-03-31,dev,779,3,-0.0082320215798905,-0.3473623508878611,-0.0340993292638503,-0.3253188617666179,0.0483407359730329,0.2360217842775191,0.1142106521914361,-0.0222188944094924,0.0705596303825253,-0.0658699162184032,44767,2021-03-11
2021-04-30,dev,799,1,0.0426840569246436,-0.2672694816086818,-0.0304697601324964,-0.1922515691606989,0.0390277456460126,0.20924320615333,0.0973865410828838,-0.0540149495783048,0.0930426952243175,-0.0583587954368711,45514,2021-04-13
2021-05-31,dev,817,3,0.1158913359473956,-0.1594060578371912,0.025908042124416,-0.0959521272485076,0.0436597581312303,0.1376975663592007,0.0706436444262875,-0.0807551996878968,0.1244149578191271,-0.0269838862950571,46263,2021-05-10
2021-06-30,dev,835,79,0.1614560389058457,-0.0363675221210965,0.0035835183098399,0.1453631719728076,0.0249813980467262,0.041217456402165,0.0162074085912676,-0.0586281769228074,0.0836095749695336,0.0087739894554586,47016,2021-06-08
2021-07-30,dev,855,11,0.1646720489346764,0.2868111622859304,-0.3246476079888706,0.0974985725382861,-0.0213484435438395,-0.1070551957212443,-0.0593057949592743,-0.0356060999715245,0.0142576564276849,0.0379573514154348,47781,2021-07-12
2021-08-31,dev,869,49,0.1309734231078703,0.2958565331175544,-0.3886345121627643,-0.0132960125018811,-0.1050114615589456,-0.1788859144280985,-0.1342247147174237,-0.1312740734266825,0.0262626118677368,0.029213253158478,48561,2021-08-09
2021-09-30,dev,883,33,0.139481836385729,0.2327762487881355,-0.3208311985827522,0.1402521632400673,-0.1270383247924862,-0.189665822774769,-0.1498971131584494,-0.1493195254052136,0.0222812006127273,0.0228587883659631,49350,2021-08-30
2021-10-29,dev,899,12,0.1494220342271538,0.1259255118052101,-0.3524739440754513,0.0267705187567147,-0.1661866628216415,-0.2232884621577404,-0.1813244988112734,-0.2014561692643982,0.0352695064427566,0.0151378359896318,50151,2021-10-11
2021-11-30,dev,915,24,0.1664727551165083,-0.1036585568346966,-0.4055964183273591,-0.0105669117597531,-0.1557942216877927,-0.1308918493570733,-0.1317724035695653,-0.122729472068238,-0.0330647496195546,-0.0240218181182273,50971,2021-11-09
2021-12-31,dev,932,20,0.1838248568470464,-0.0053099452350431,-0.0438602741562852,0.2464166274834908,-0.1058547479203282,-0.1045571050860758,-0.1038327236461321,-0.1252761684188621,0.0194214204985339,-0.0020220242741961,51813,2021-12-03
2022-01-28,dev,954,34,0.1866237240638018,0.101322724438704,0.3472991819369568,0.3184145607143365,0.0177340624804648,-0.0122746170253782,-0.0073484457055739,-0.0892860116587769,0.1070200741392417,0.0250825081860388,52672,2022-01-04
2022-02-28,dev,974,7,0.231999850080167,-0.1169917904639797,0.2606161982434271,0.2570897148292152,-0.061443078606207,-0.0399949677455714,-0.0564691059966522,-0.1097435288540406,0.0483004502478335,-0.0049739726095548,53544,2022-02-10
2022-03-31,dev,1007,21,0.2339086261161259,-0.2578419514053851,0.2966806199263492,0.251826841006263,-0.0659854550592466,-0.0166283174289497,-0.0524361481056294,-0.1172051228189665,0.0512196677597199,-0.0135493069536172,54431,2022-03-14
2022-04-29,dev,1035,22,0.2056254776439524,0.1785768061243301,0.1884408321966139,0.2499379553033577,0.0782973546954989,0.0252744099117264,0.0581199861718912,-0.0599924157937733,0.1382897704892722,0.0201773685236076,55337,2022-04-13
2022-05-31,dev,1053,16,0.1849269628799343,-0.028370746516093,0.2983616337380018,0.2836055087806517,-0.0020922108005446,-0.0030829605650331,-0.0051933679653899,-0.0539090870429996,0.051816876242455,0.0031011571648453,56253,2022-05-10
2022-06-30,dev,1082,95,0.1465984856789023,-0.3914612876514781,0.1516626999645287,0.1874511348101441,-0.121948043061001,-0.0379269389736532,-0.0913738993548233,-0.1331350134927206,0.0111869704317195,-0.0305741437061777,57186,2022-06-10
2022-07-29,dev,1106,4,0.1014199522241565,-0.3465164937267099,0.0801212162416601,-0.0385631802772169,-0.0776437809033062,-0.0027044699041587,-0.0368319003311998,-0.0225320627648915,-0.0551117181384147,-0.0408118805721064,58144,2022-07-13
2022-08-31,dev,1125,4,0.0737043455637318,-0.1933387798765644,0.2460417311934666,0.1018373187191983,-0.0537650817821932,-0.0105185738826899,-0.027308238611485,-0.0171994978964608,-0.0365655838857324,-0.0264568431707081,59124,2022-08-09
2022-09-30,dev,1145,212,0.0595277726763912,0.0682575135374696,-0.0041635403394931,-0.0503662619188808,0.0489310822434119,0.0282922178916975,0.0405390920534801,0.0768493660123759,-0.0279182837689639,0.0083919901899318,60124,2022-08-31
2022-10-31,dev,1163,1,0.0122884699860091,-0.1416413398659787,-0.0364127297372506,-0.2299111970303673,0.0051582671528913,0.015561202646864,0.0198076376264002,0.1479669268102772,-0.1428086596573859,-0.0146493704735089,61155,2022-10-11
2022-11-30,dev,1189,1,-0.0088954479497841,-0.1045490589680946,0.299535302563057,0.0849085878967638,-0.0326145384870999,-0.0084113637257175,-0.0319097197366325,-0.0085257421613132,-0.0240887963257866,-0.0007048187504673,62208,2022-11-07
2022-12-30,dev,1218,376,-0.0137860168259027,-0.2219361640775955,0.2348976948823349,0.0099524408295977,-0.0418483841045163,0.0146643029952935,-0.016358826367982,-0.0072829714792256,-0.0345654126252907,-0.0254895577365343,63284,2022-12-02
2023-01-31,dev,1238,74,-0.0595680793645401,-0.3287946859929657,0.3355868744321456,-0.0197589080959734,-0.0819536983443171,-0.0136064747306351,-0.0646092862734273,-0.0365357681210183,-0.0454179302232988,-0.0173444120708898,64386,2023-01-03
2023-02-28,dev,1258,87,-0.0823935089629834,-0.3582529716886848,0.3060618426272673,-0.0391018934834921,-0.1085554367902055,-0.0349518080544727,-0.0893348960956743,-0.0747497394616827,-0.0338056973285228,-0.0192205406945311,65502,2023-02-08
2023-03-31,dev,1294,63,-0.101891515670616,-0.2922120077206177,0.3665073792752136,0.2468864828145749,-0.1148072058350998,-0.0511395814050025,-0.1016399419429576,-0.0946395959837331,-0.0201676098513667,-0.0131672638921422,66644,2023-03-13
2023-04-28,dev,1309,90,-0.1063079467334044,-0.2258889435065081,0.1970695852719227,0.0662024895016165,-0.1086166302196982,-0.0577490697298585,-0.0927601961589575,-0.1015930163813827,-0.0070236138383154,-0.0158564340607406,67809,2023-04-12
2023-05-31,dev,1328,117,-0.1229744182720646,-0.1969545009207249,0.2464972817625541,0.0382238236262022,-0.1037977059696691,-0.0634037582013815,-0.0920980473131596,-0.1064318608476987,0.0026341548780295,-0.0116996586565094,68989,2023-05-09
2023-06-30,dev,1338,2,-0.1492557905438374,-0.3238849082904154,0.3629506101896045,0.0632465659539482,-0.1381622729121117,-0.0607182994515749,-0.1152045003007253,-0.1207965642771855,-0.0173657086349261,-0.0229577726113863,70201,2023-06-08
2023-07-31,dev,1342,146,-0.1505694331867156,-0.209808785843797,0.4807056217968593,0.2263807069874348,-0.2077845069516771,-0.1402920374652621,-0.1966665228046977,-0.1985037226344644,-0.0092807843172126,-0.0111179841469793,71440,2023-07-12
2023-08-31,dev,1353,148,-0.1684342317706648,-0.2196978853808042,0.3870082212565467,0.1118585335504976,-0.0775697273098413,-0.041416278893258,-0.0691524162520804,-0.0512332721070585,-0.0263364552027828,-0.0084173110577609,72695,2023-08-03
2023-09-28,dev,1362,188,-0.168927267457025,-0.0923089637920109,0.3380420992699075,0.0171432600653989,-0.0660178666340012,-0.0442461362015696,-0.0668668133226172,-0.0579148978036961,-0.008102968830305,0.0008489466886159,73979,2023-08-31
2023-10-31,dev,1376,226,-0.1911144604341625,-0.0736463679199657,0.2302108269194452,0.045753384275956,-0.0120859890307831,0.0057490722580164,-0.0055369573068183,0.0262479615149702,-0.0383339505457533,-0.0065490317239647,75286,2023-10-11
2023-11-30,dev,1387,397,-0.1986828619211572,-0.0474068379090102,0.3126893752193728,0.0670231309483401,-0.0397868936539227,-0.0237273010137694,-0.0358411738923313,0.0137062979466582,-0.0534931916005809,-0.0039457197615913,76614,2023-11-07
2023-12-29,dev,1405,397,-0.2064767357876832,-0.1327839475183223,0.2238623281889811,0.0744617497754789,-0.0661369187445195,-0.0180853044386365,-0.0394285550328642,0.010800877850025,-0.0769377965945445,-0.0267083637116552,77950,2023-12-05
2024-01-31,dev,1420,385,-0.2202187929801192,0.0077670912086282,0.0045938300734116,0.1387831503753983,0.0413813044226269,0.036418665778226,0.0361565172338375,0.0343704204080921,0.0070108840145347,0.0052247871887893,79291,2024-01-03
2024-02-29,dev,1425,400,-0.1667229712785494,-0.2043247644695993,0.5391018368841561,0.2351365989235976,-0.0914556288127988,-0.0496873399227109,-0.0689305130444381,-0.0714067330037431,-0.0200488958090557,-0.0225251157683607,80640,2024-02-01
2024-03-29,dev,1430,400,-0.1241372970389511,0.0454886972942876,-0.07183256203154,0.0815145516599231,0.0695255575469659,0.0701468216484128,0.066032714949313,0.130121860621843,-0.060596303074877,0.0034928425976529,82001,2024-03-13
2024-04-30,dev,1435,234,-0.0780257375118137,0.2270146417321631,-0.3457408312168092,-0.0688692581614689,0.1126779782131984,0.0653989116320892,0.0843818375226104,0.1501780881890271,-0.0375001099758286,0.0282961406905879,83373,2024-04-12
2024-05-31,dev,1447,3,-0.1098935841423805,0.0245385728839584,-0.3568226531646982,-0.1426802784688689,0.0337942037109249,0.0450159974799321,0.0598175052063697,0.0954385915906059,-0.061644387879681,-0.0260233014954447,84761,2024-05-10
2024-06-28,dev,1457,2,-0.0834486787370009,-0.0829939415263149,-0.2983177075966675,-0.1198999672270472,0.0551208733491254,0.0570649552283505,0.0606702771019237,0.1036318734062906,-0.0485110000571652,-0.0055494037527983,86161,2024-06-12
2024-07-31,dev,1467,380,-0.0009063715296551,-0.1550491899134677,-0.4468681954369872,-0.1680166810216797,0.1156651322407755,0.178111631281182,0.1370397779362824,0.1388048635652123,-0.0231397313244368,-0.0213746456955068,87578,2024-07-11
2024-08-30,dev,1476,128,-0.0141586300338091,-0.3880602619361022,-0.5391749492400539,-0.1509985801302764,0.1448879197242947,0.3238560048975367,0.2125140573614988,0.206273980620407,-0.0613860608961122,-0.067626137637204,89003,2024-08-12
2024-09-30,dev,1485,3,-0.010331980419905,-0.1624661387908032,0.0127546648001712,0.051186704613658,-0.0280610649362282,0.0065902533488232,-0.0152750758787302,-0.0665374932644409,0.0384764283282126,-0.0127859890574979,90432,2024-09-02
2024-10-31,dev,1490,2,0.050169272288035,0.0510143370679132,0.0253942221713185,0.0361191130266755,0.0428664384396674,0.0263869678748977,0.0268570273050096,-0.0001105103005879,0.0429769487402553,0.0160094111346577,91866,2024-10-10
2024-11-29,dev,1493,212,-0.0011629579123809,-0.0587205589144934,0.0298110391101927,0.0379526181740514,0.022304540534556,0.0269789657947076,0.038031999075473,-0.0056064176349639,0.0279109581695199,-0.015727458540917,93309,2024-11-07
2024-12-31,dev,1494,192,-0.0071089097302943,0.263862078374282,-0.0147309967816841,-0.1044586133839738,0.0974699569774825,0.0343615334976318,0.0704369996795373,0.0203043982443311,0.0771655587331513,0.0270329572979451,94765,2024-12-05
2025-01-27,dev,1496,1,0.0348694905053797,0.2314999049356295,0.0323011125178119,-0.1827285390088746,0.1452074223044571,0.0932468385884159,0.1340769530127162,0.0776522891844027,0.0675551331200544,0.0111304692917409,96229,2025-01-02
2025-02-28,dev,1496,1,0.0793816205109849,0.3901028664650502,0.404355937027418,-0.0073490819386703,0.2868217872909688,0.0980595122588472,0.2082808989603125,0.1628930638148775,0.1239287234760913,0.0785408883306563,97701,2025-02-12
