t_date,phase,n_test,alpha_sel,valid_ic,ic_model,ic_base_ret12,ic_base_sharpe,top20_ret,bot20_ret,pool_ret,bench_ret6m,top20_excess_hs300,top20_excess_pool,train_rows,train_label_end_max
2006-03-31,dev,30,316.22776601683796,-0.0967,-0.3081201334816463,-0.04293659621802002,-0.03982202447163515,0.3601260311091938,0.4512346916129661,0.4279708419074771,0.35339764468168533,0.006728386427508448,-0.0678448107982833,322,2006-03-15
2006-04-28,dev,32,316.22776601683796,-0.0961,-0.12829912023460407,-0.16129032258064518,-0.1539589442815249,0.21874666691239908,0.23974315208609595,0.25858886174279033,0.2862155999887406,-0.0674689330763415,-0.03984219483039125,349,2006-04-14
2006-05-31,dev,32,316.22776601683796,-0.0827,-0.14369501466275658,0.11950146627565982,0.09604105571847506,0.20890213072270872,0.22165630673835432,0.2269808238080444,0.25552509756849573,-0.04662296684578701,-0.01807869308533569,376,2006-05-15
2006-06-30,dev,32,1000.0,-0.0682,-0.17082111436950145,0.08321114369501466,-0.026759530791788853,0.3802325981072105,0.40754025171940916,0.380102638056997,0.48288871368895747,-0.10265611558174698,0.00012996005021348456,403,2006-06-14
2006-07-31,dev,34,1000.0,-0.0715,-0.06615737203972498,0.29802052785923755,0.04873949579831932,0.5512567279601689,0.5812147486012532,0.5685785774097665,0.7754410010445576,-0.2241842730843887,-0.01732184944959758,431,2006-07-14
2006-08-31,dev,34,1000.0,-0.0316,-0.306951871657754,0.20152788388082504,-0.1498854087089381,0.5489001137536429,0.66530433751423,0.6314944197027604,0.9402171071208207,-0.39131699336717785,-0.08259430594911754,460,2006-08-07
2006-09-29,dev,34,1000.0,-0.0173,-0.27944996180290294,0.1361344537815126,-0.1547746371275783,0.6798376523857296,0.8246401489217078,0.7866891293524452,1.2636045223104686,-0.583766869924739,-0.1068514769667156,490,2006-08-30
2006-10-31,dev,35,1000.0,-0.0192,-0.11008403361344538,0.3442322383498854,-0.04565826330532213,0.8913932383260553,0.9342033534594092,0.9577548360814401,1.5500094573269703,-0.6586162190009149,-0.06636159775538475,520,2006-10-09
2006-11-30,dev,35,1000.0,0.0014,-0.02072829131652661,0.2913165266106443,-0.1689075630252101,0.970190395475182,0.9329817067081027,0.9421251990212071,1.4022217063180502,-0.43203131084286817,0.028065196453974983,552,2006-11-06
2006-12-29,dev,37,1000.0,0.0074,0.0820293978188715,0.17310924369747901,-0.13063063063063063,0.7250288512083441,0.6183732736234128,0.6364546268640559,0.8700799148672225,-0.14505106365887832,0.0885742243442883,584,2006-11-30
2007-01-31,dev,38,1000.0,-0.0129,0.2806652806652806,0.42057847321005215,0.13973082394135025,0.8796945132951562,0.7410137583970369,0.7661342692959322,1.0027736146075918,-0.1230791013124356,0.11356024399922404,616,2007-01-04
2007-02-28,dev,39,1000.0,-0.0263,0.3309716599190284,0.36076157128788705,0.10991902834008098,0.9211758224909581,0.774211226589181,0.8105164087960108,1.0597688176120847,-0.13859299512112666,0.11065941369494725,650,2007-02-02
2007-03-30,dev,39,1.0,-0.0835,0.07307692307692308,0.34271255060728745,0.11801619433198382,0.8785577146826259,0.8826818055430482,0.8363070737837689,1.0321980426949038,-0.1536403280122779,0.042250640898856995,684,2007-03-14
2007-04-30,dev,40,1.0,-0.1009,-0.0028142589118198874,0.09606003752345216,0.10938086303939965,0.4349660088233922,0.4527973478011259,0.4610284575771916,0.49423540952631995,-0.059269400702927744,-0.026062448753799372,718,2007-04-12
2007-05-31,dev,41,1000.0,-0.1558,-0.14006968641114986,0.11463414634146342,0.019163763066202093,0.2286704698097196,0.24403504634803921,0.22746549633073157,0.2060758379939469,0.022594631815772703,0.0012049734789880417,753,2007-05-14
2007-06-29,dev,43,1000.0,-0.1862,0.193446088794926,0.20714285714285718,-0.16007248565388102,0.38035215751662754,0.3341207018027995,0.3561715255868841,0.43065659106957943,-0.05030443355295189,0.024180631929743457,788,2007-06-13
2007-07-31,dev,46,1000.0,-0.1833,-0.007832254085723096,0.05778717406624383,0.03311748381128584,0.05758659941056056,0.05012377182056714,0.06986938284148747,0.024970160724069768,0.03261643868649079,-0.01228278343092691,825,2007-07-12
2007-08-31,dev,47,1000.0,-0.1821,0.07308048103607771,-0.02590194264569843,0.09401017576318225,-0.08896655971174466,-0.10769131722406475,-0.0920370430659053,-0.186369615087412,0.09740305537566735,0.0030704833541606302,863,2007-08-09
2007-09-28,dev,50,1000.0,-0.1546,-0.018103241296518604,-0.03318686401480111,0.2510924369747899,-0.24151311531041858,-0.21553703916658346,-0.22816390507537068,-0.3272100319433745,0.08569691663295592,-0.013349210235047898,902,2007-08-30
2007-10-31,dev,52,1000.0,-0.1513,-0.0010245026893195594,-0.05493212669683258,0.09664475369247844,-0.22188277865814704,-0.19906366923086666,-0.20891434325999528,-0.31000943475332776,0.08812665609518072,-0.012968435398151762,941,2007-10-08
2007-11-30,dev,55,1000.0,-0.0475,-0.007720057720057722,-0.08452147186886365,0.15930735930735934,-0.23421129168039648,-0.20765980750942362,-0.21464775101202088,-0.323139995541866,0.08892870386146953,-0.019563540668375595,981,2007-11-06
2007-12-28,dev,56,1000.0,-0.0139,-0.1775803144224197,-0.19501025290498974,0.214149008885851,-0.3458465060696263,-0.29806904230636755,-0.32175678671232444,-0.4564084840140308,0.11056197794440448,-0.024089719357301864,1022,2007-11-30
2008-01-31,dev,56,1000.0,-0.0347,-0.2592617908407382,-0.1963773069036227,0.08557758031442242,-0.3197802260524293,-0.2629246680615615,-0.2984953982575598,-0.4112108451192873,0.09143061906685801,-0.02128482779486951,1065,2008-01-02
2008-02-29,dev,56,1000.0,-0.0604,-0.42686261107313744,-0.2620642515379358,0.0758714969241285,-0.3925803023187239,-0.3202022663739807,-0.3677621551934496,-0.4883700035297516,0.0957897012110277,-0.024818147125274248,1111,2008-02-01
2008-03-31,dev,60,1000.0,-0.0416,-0.3829397054737428,-0.019170075978959675,0.17243678799666579,-0.3418994864478038,-0.2809533202917442,-0.3221411268185815,-0.4453419442663692,0.10344245781856537,-0.019758359629222344,1158,2008-03-12
2008-04-30,dev,61,1000.0,-0.0244,-0.46790058170280263,0.047846624062239516,0.18995240613432043,-0.4774121121665727,-0.34731020927822204,-0.4203061464332888,-0.5727786914209954,0.09536657925442266,-0.057105965733283914,1208,2008-04-10
2008-05-30,dev,63,1000.0,-0.0142,-0.5130568356374808,0.24375960061443935,0.23262288786482335,-0.3678303064071454,-0.25410897311179426,-0.3205717927750174,-0.4592939443362972,0.0914636379291518,-0.04725851363212802,1260,2008-05-08
2008-06-30,dev,63,316.22776601683796,0.0009,-0.4347638248847926,0.3329493087557604,0.20276497695852536,-0.25647028491245066,-0.16359850077280463,-0.21591702085226364,-0.348911229560369,0.09244094464791835,-0.04055326406018703,1315,2008-06-10
2008-07-31,dev,66,1000.0,0.0067,-0.3696273875378354,0.2727106227106227,0.16138190168040917,-0.14085019883510486,-0.08251685190896364,-0.10442714396869679,-0.16899697348861586,0.02814677465351101,-0.03642305486640807,1371,2008-07-08
2008-08-29,dev,68,316.22776601683796,0.078,-0.18036416383555368,0.25373134328358216,0.3015994197808909,-0.045664767198036894,-0.02223449567819253,-0.02234748687449593,-0.0735645832984898,0.02789981610045291,-0.023317280323540964,1427,2008-08-07
2008-09-26,dev,70,316.22776601683796,0.0981,0.11269355262006822,0.03222506393861893,0.3493482634940075,0.1206559807025864,0.09008828425846759,0.12108567299277172,0.12212740182657145,-0.001471421123985045,-0.00042969229018531563,1483,2008-08-29
2008-10-31,dev,70,1000.0,0.0874,0.5376782433732832,-0.3007085994226227,0.3413699588837372,0.5498024378092888,0.37560260611505564,0.46737251351278175,0.6765559068559681,-0.12675346904667928,0.08242992429650708,1543,2008-10-07
2008-11-28,dev,72,1000.0,0.0794,0.45781079169078404,-0.18839704896042922,0.35500675284584227,0.5094753258066705,0.35732977141669187,0.42415052077044024,0.6178573536387304,-0.10838202783205986,0.0853248050362303,1604,2008-11-05
2008-12-31,dev,73,1000.0,0.0542,0.15836727138097004,-0.20387510798469707,0.24160804640256697,0.5723383783231665,0.5116583145615079,0.5500611700718959,0.8695433075024674,-0.29720492917930097,0.022277208251270553,1667,2008-12-03
2009-01-23,dev,73,1000.0,0.0366,0.05454769838331483,-0.08453659138590645,0.23411082315191908,0.5631273688072568,0.5353938784226522,0.5508816899959899,0.8372878787729707,-0.27416050996571395,0.012245678811266925,1730,2008-12-31
2009-02-27,dev,73,10.0,-0.0008,-0.19878440083919538,-0.013791188448722699,0.3634147846476614,0.27246089328457174,0.3225068009883876,0.2938798070953827,0.42340418474470076,-0.15094329146012903,-0.021418913810810958,1796,2009-02-11
2009-03-31,dev,73,3.1622776601683795,-0.023,0.013729482907565102,0.16910403554239173,0.31077995804023206,0.167516206002527,0.15564037726311958,0.14962180942829917,0.18522172319920038,-0.017705517196673376,0.01789439657422784,1864,2009-03-12
2009-04-30,dev,75,3.1622776601683795,-0.0163,0.13743954480796586,0.235190670122177,0.3454338549075391,0.2679849406562807,0.2115092423770774,0.2502182184028745,0.3207837354160965,-0.052798794759815804,0.017766722253406197,1934,2009-04-09
2009-05-27,dev,75,0.001,-0.0103,0.4044381223328592,0.23564722617354195,0.36955903271692747,0.30038037327705613,0.21989412825172022,0.25089612249684845,0.2902907984601293,0.01008957481692685,0.049484250780207684,2004,2009-05-08
2009-06-30,dev,80,1.0,-0.0249,0.40234411626816696,0.2897607655502392,0.293413033286451,0.16328894406156563,0.09963749780016842,0.13649865866088534,0.12923207327772146,0.03405687078384417,0.02679028540068029,2076,2009-06-09
2009-07-31,dev,82,1.0,-0.0024,0.01897018970189702,0.026441631504922646,0.08017979778191356,-0.0415537637287206,-0.057416176714806144,-0.05912088241642746,-0.13492851485371204,0.09337475112499144,0.017567118687706863,2149,2009-07-10
2009-08-31,dev,83,0.001,0.0068,0.3079635615633265,0.38411641144523895,0.3181646446412829,0.18837656396325927,0.14659976494406612,0.16965991376808864,0.15773542533559493,0.03064113862766435,0.01871665019517063,2222,2009-07-31
2009-09-30,dev,85,1.0,0.0117,0.2266171584913035,0.282208975273918,0.2880789525112371,0.1921135988231717,0.1333842918961084,0.16105372536790852,0.12876409617263018,0.06334950265054151,0.031059873455263176,2295,2009-08-28
2009-10-30,dev,87,0.001,0.0159,-0.023091783917766274,-0.05831541919093218,0.09408033826638476,0.014654610287964057,-0.013780187816826465,-0.0015229695835560144,-0.11691235018467405,0.1315669604726381,0.016177579871520072,2368,2009-09-29
2009-11-30,dev,88,0.31622776601683794,0.0298,-0.15161494839914058,-0.18630166946125243,0.01287379803458843,-0.11008178355925333,-0.10083118632972789,-0.10356918449182134,-0.21849382729408717,0.10841204373483385,-0.0065125990674319845,2443,2009-11-05
2009-12-31,dev,89,0.001,0.0452,-0.14201566224038137,-0.15471452220774193,0.07654068777664284,-0.14864182973574191,-0.14026334615004116,-0.1432522208920452,-0.251550752247682,0.10290892251194006,-0.005389608843696714,2518,2009-12-01
2010-01-29,dev,91,0.001,0.0358,0.050931677018633534,0.025638406537282943,0.1116419812071986,0.003560388350313458,-0.024160696143395007,-0.00696135917420543,-0.08923226248418081,0.09279265083449427,0.010521747524518888,2598,2009-12-31
2010-02-26,dev,91,1.0,0.0275,0.13024366937410417,0.1062111801242236,0.16811594202898553,0.0030446463531340062,-0.03464603903312359,-0.015997137890178207,-0.11172861589204997,0.11477326224518397,0.019041784243312213,2680,2010-02-03
2010-03-31,dev,91,1.0,0.0183,0.2068482242395286,0.16677814938684504,0.12365026278069756,0.04981437281615689,0.0057460043449850794,0.023641645781578385,-0.0516740310502698,0.10148840386642669,0.026172727034578503,2763,2010-03-11
2010-04-30,dev,96,3.1622776601683795,0.03,0.4043000542593598,0.2808182387872638,0.18625881714595768,0.2075845479609449,0.1347080893268367,0.17446364595027938,0.14075468684033376,0.06682986112061112,0.033120902010665504,2848,2010-04-13
2010-05-31,dev,97,100.0,0.0191,0.36896433831264464,0.26294085729788386,0.27228855459709655,0.21482370157763933,0.12334365605622394,0.1676361946117664,0.14373604532421003,0.0710876562534293,0.04718750696587293,2935,2010-05-06
2010-06-30,dev,97,316.22776601683796,0.0154,0.37893172733010727,0.18026772564695978,0.2238849147906585,0.30804494142723254,0.1932214316020485,0.25328582758069595,0.23900712817051417,0.06903781325671837,0.05475911384653659,3023,2010-06-04
2010-07-30,dev,98,316.22776601683796,0.0236,0.3822338682427047,0.29672487551721716,0.34591868612487164,0.14422928109764757,0.0728588576385611,0.1098954144377471,0.08787854070940027,0.056350740388247306,0.03433386665990047,3112,2010-07-12
2010-08-31,dev,101,1000.0,0.0449,0.3127548048922539,0.25936993699369937,0.25683168316831684,0.10445869580470787,0.05032749280479134,0.07847552635846153,0.10360093800332582,0.0008577578013820586,0.025983169446246346,3203,2010-08-09
2010-09-30,dev,101,1000.0,0.0794,-0.01091438555620268,-0.09573675014560279,-0.08667443214909724,0.0663762849889891,0.05513604636103673,0.05880141417736438,0.14867858892332464,-0.08230230393433553,0.007574870811624723,3294,2010-08-30
2010-10-29,dev,103,1000.0,0.1254,0.21839168826604577,0.2582178217821782,0.2840684444053947,-0.04261447478293972,-0.06706643887167266,-0.06088805552135288,-0.0765054143763445,0.033890939593404786,0.01827358073841316,3385,2010-10-12
2010-11-30,dev,105,1000.0,0.1694,-0.3641613103877255,-0.32322628827483196,-0.31472112792867507,-0.1160137459419351,-0.06712524485247039,-0.09318372331189746,-0.04090966325946732,-0.07510408268246778,-0.02283002263003764,3481,2010-11-10
2010-12-31,dev,112,1000.0,0.1657,-0.17206239108893978,-0.19248305917323727,-0.15519185430689858,-0.05274337882944504,-0.038187592874959465,-0.04650233558214361,-0.0048125779786276635,-0.04793080085081738,-0.006241043247301431,3578,2010-12-08
2011-01-31,dev,113,1000.0,0.1274,0.10525484064142658,0.13203437318481565,0.12915862665513342,-0.04012005904323076,-0.05899608943187104,-0.05378065938543133,-0.09186096704445423,0.051740908001223475,0.013660600342200568,3675,2011-01-05
2011-02-28,dev,114,1000.0,0.0868,-0.015086774265405724,0.004957082972919024,0.029950790789979954,-0.07143914309990348,-0.07105793012132534,-0.08433636530211748,-0.1193835333759935,0.047944390276090015,0.012897222202213995,3773,2011-02-11
2011-03-31,dev,115,1000.0,0.0814,0.020989505247376312,0.13019987444563702,0.15983587153791526,-0.14936291345521638,-0.14645302123528706,-0.15564530820754172,-0.19915595503721661,0.049793041582000236,0.006282394752325338,3874,2011-03-15
2011-04-29,dev,116,1000.0,0.1186,0.009810479375696768,0.1445435177148268,0.10788451927882213,-0.0898346954625687,-0.0859447698577659,-0.09399771084824163,-0.14045126996610735,0.05061657450353865,0.00416301538567293,3975,2011-04-13
2011-05-31,dev,117,316.22776601683796,0.2355,0.0985328717648998,0.19338023296044288,0.17959208140388735,-0.07057167183413314,-0.07836960473172608,-0.0813061129742353,-0.14800490145777723,0.07743322962364409,0.010734441140102163,4078,2011-05-06
2011-06-30,dev,120,316.22776601683796,0.239,-0.0855614973262032,0.06919954422446946,0.0874366275435794,-0.20245244264817974,-0.1760194156160475,-0.1909981546182967,-0.24484698049235742,0.04239453784417768,-0.011454288029883047,4183,2011-06-08
2011-07-29,dev,124,31.622776601683793,0.216,-0.23308261211644374,-0.09195230998509683,-0.0017749803304484655,-0.18368738203811463,-0.14659873966971906,-0.16634474585911768,-0.14900276876893248,-0.03468461326918215,-0.01734263617899695,4295,2011-07-11
2011-08-31,dev,124,3.1622776601683795,0.1991,-0.17881353265145553,0.015351691581431943,-0.020015735641227377,-0.09392987509598923,-0.07928278599200517,-0.0910295749449954,-0.058207249182935406,-0.03572262591305382,-0.002900300150993823,4408,2011-08-08
2011-09-30,dev,126,10.0,0.1719,-0.05108661417322835,0.13797849462365588,0.04538732658417698,-0.022859031014016987,-0.015836014232258604,-0.024825633386447117,-0.0028306882713742265,-0.02002834274264276,0.0019666023724301297,4522,2011-08-29
2011-10-31,dev,126,100.0,0.1507,-0.1433910761154856,0.13408023997000373,0.01065766779152606,-0.05281618314328569,-0.030080860755422455,-0.03578243676905597,-0.014133083912147959,-0.03868309923113773,-0.01703374637422972,4637,2011-09-30
2011-11-30,dev,126,100.0,0.1236,0.06067941507311586,0.1706276715410574,0.08886989126359206,-0.009552970651549338,-0.017158285773172258,-0.012659583241600606,0.014572559408610575,-0.02412553006015991,0.003106612590051268,4753,2011-11-03
2011-12-30,dev,127,100.0,0.1006,0.12072319085114358,0.11913610798650168,0.08951420134983126,0.06368823975498199,0.03648221030924114,0.06325153475292136,0.04409649484043854,0.01959174491454345,0.000436705002060625,4870,2011-12-02
2012-01-31,dev,129,316.22776601683796,0.0769,0.021131484794275495,0.07534800337457817,0.0005981663685152059,0.023776201173913363,0.010590451964358828,0.024965106899783287,-0.05250176523581118,0.07627796640972455,-0.0011889057258699237,4990,2012-01-04
2012-02-29,dev,134,100.0,0.0709,0.0128305839224928,0.15637110980622432,0.032855771268968444,-0.07561758404487896,-0.07792480004713573,-0.07256278939045888,-0.16296571598428788,0.08734813193940892,-0.003054794654420087,5114,2012-02-09
2012-03-30,dev,135,1000.0,0.053,0.1315042434884402,0.12229828302098529,0.14668812798751343,0.01498427809644408,-0.00011579783892574554,0.011014891593176453,-0.054886983130466804,0.06987126122691088,0.003969386503267627,5238,2012-03-13
2012-04-27,dev,138,1000.0,0.0437,0.17438565808730352,0.23841576431567651,0.18966458061732142,-0.019793843728688365,-0.05128823707599785,-0.03767157965889908,-0.1250012851478416,0.10520744141915322,0.017877735930210713,5364,2012-04-16
2012-05-31,dev,140,1000.0,0.049,0.3041437974240669,0.36570096509273053,0.2562944173536551,-0.1205588860034332,-0.16712018185857072,-0.14265805509189067,-0.19877798302610672,0.07821909702267352,0.022099169088457465,5490,2012-05-10
2012-06-29,dev,145,1000.0,0.0631,0.2245118878916706,0.2083007150510595,0.2439104078097937,0.012386729017703439,-0.012353919651202942,0.0036846878612212084,0.024918630555912147,-0.012531901538208708,0.00870204115648223,5616,2012-06-11
2012-07-31,dev,147,1000.0,0.0803,-0.08975511715237743,-0.150928987561014,-0.07307195369817679,0.08978436729277056,0.10437809585099779,0.10189040068411334,0.17793393864004026,-0.0881495713472697,-0.01210603339134278,5743,2012-07-12
2012-08-31,dev,148,1000.0,0.0772,0.06843564561685368,0.054553800479016215,0.09581064422866917,0.11955936367340388,0.10118755578640147,0.11510653802676407,0.1493989662873243,-0.02983960261392042,0.004452825646639805,5872,2012-08-02
2012-09-28,dev,151,1000.0,0.0709,0.18749738584872774,0.19027027027027027,0.16212617636807247,0.08811942536955604,0.050821129677657596,0.07282642565008078,0.06267132875671688,0.025448096612839158,0.015292999719475259,6006,2012-08-31
2012-10-31,dev,153,1000.0,0.0652,0.14693820111776768,0.0891390728476821,0.08617466125206062,0.15012529881668737,0.11082103175113314,0.13349758822509028,0.10578139274975396,0.04434390606693342,0.016627710591597095,6141,2012-10-09
2012-11-30,dev,161,1000.0,0.0465,-0.013819875776397516,-0.15099808759147157,-0.03508454106280194,0.2612998511313117,0.23044245051584766,0.24093594447117223,0.13043374628036863,0.13086610485094308,0.020363906660139486,6279,2012-11-01
2012-12-31,dev,163,1000.0,0.0292,0.11348030658220692,-0.05359730848861285,-0.05852882659705942,0.14787053693595978,0.09892920281799412,0.1108566851792972,-0.09517263903554263,0.2430431759715024,0.03701385175666258,6419,2012-12-03
2013-01-31,dev,164,1000.0,0.018,0.27327955599689846,0.23851835729734874,0.17218723219022486,0.1391882725565187,0.06285563627262104,0.09226457585039095,-0.12572267781019042,0.2649109503667091,0.04692369670612774,6564,2012-12-31
2013-02-28,dev,166,1000.0,0.0068,0.31595123006998055,0.3146055799654483,0.25314059722832544,0.11473657015004854,0.01436017131434255,0.06670459541212506,-0.12068407643359758,0.23542064658364611,0.04803197473792348,6711,2013-02-04
2013-03-29,dev,170,1000.0,-0.001,0.16798749396987073,0.26072761377573445,0.16341497670385505,0.16996279521219212,0.12165391131485048,0.1517135692348099,-0.009034168402413889,0.17899696361460601,0.01824922597738224,6859,2013-03-14
2013-04-26,dev,174,1000.0,-0.0002,0.1844164127680173,0.2231483686592046,0.15961160625302542,0.09214070104014643,0.03396153361342176,0.06333783968405345,-0.0436210265491932,0.13576172758933963,0.028802861356092987,7010,2013-04-15
2013-05-31,dev,174,1000.0,0.0015,0.15837011304422108,0.18140949343660126,0.1395700333152994,0.023525184727421558,-0.020149714609264745,0.004237989983980095,-0.059680957755946284,0.08320614248336784,0.01928719474344146,7163,2013-05-14
2013-06-28,dev,175,1000.0,0.0211,0.15548589341692792,0.18555995330163158,0.19078145991939097,0.13606501046459812,0.08389776227310491,0.10089622004029163,0.05513807580434582,0.0809269346602523,0.0351687904243065,7324,2013-06-18
2013-07-31,dev,178,1000.0,0.0273,0.23378893512169535,0.33395553598943434,0.30842648753256896,0.1519651637295131,0.08428871758373242,0.11280168945172069,0.042197954328754506,0.1097672094007586,0.03916347427779242,7487,2013-07-17
2013-08-30,dev,181,1000.0,0.0335,0.28714103575982025,0.2826564559663549,0.26711796490802014,0.06901898771026888,-0.005468296555869053,0.02849562037897023,-0.07501458570125885,0.14403357341152773,0.040523367331298646,7651,2013-08-14
2013-09-30,dev,184,1000.0,0.0472,-0.06883704802450347,-0.1516973199791785,-0.13396389975149775,-0.04215188669016256,-0.025706111505822644,-0.025288778292856536,-0.056153558455100505,0.014001671764937947,-0.016863108397306023,7817,2013-09-04
2013-10-31,dev,186,1000.0,0.0692,0.24514916848882692,0.0694534877001021,0.11489540256143672,-0.016427985207178863,-0.05255404646869644,-0.0321300022089183,-0.10035817228499755,0.08393018707781869,0.015702017001739434,7987,2013-10-14
2013-11-29,dev,186,1000.0,0.0888,0.23858845908181772,0.05733907100131008,0.11526838206155093,-0.04453685058246542,-0.08560683413631308,-0.057928998418100695,-0.12491594722962074,0.08037909664715531,0.013392147835635276,8161,2013-11-07
2013-12-31,dev,187,1000.0,0.0977,0.28264069089294175,0.15438274223852969,0.14368400383176919,0.02107039206130207,-0.03289993919714739,-0.0018161883283083155,-0.07781715740511042,0.09888754946641248,0.022886580389610386,8335,2013-12-09
2014-01-30,dev,188,1000.0,0.1185,-0.15645819901139046,-0.20240660062614926,-0.16844107081904328,-0.014422443738361004,0.009498779123873459,0.005207710904404363,0.05675815569025411,-0.07118059942861511,-0.019630154642765366,8510,2014-01-02
2014-02-28,dev,190,1000.0,0.1422,-0.03393387482668277,-0.0664557247786284,-0.05956339364991887,0.03139449618760747,0.03819328624041172,0.0351680622393828,0.0731152456824804,-0.04172074949487293,-0.003773566051775326,8688,2014-02-11
2014-03-31,dev,191,1000.0,0.1589,0.32394426839349677,0.24795933988549035,0.21723443097271974,0.20910930725118887,0.13163235314439414,0.16535979056517178,0.14195699120115735,0.06715231605003152,0.04374951668601709,8869,2014-03-13
2014-04-30,dev,191,1000.0,0.1505,0.37872175530449154,0.3474906999173326,0.32343448608432074,0.24436170090568593,0.1426013919308252,0.1824764942650853,0.15972369883339588,0.08463800207229005,0.061885206640600626,9053,2014-04-10
2014-05-30,dev,194,1000.0,0.1576,0.19997370291692176,0.15969434120934273,0.18307782703915385,0.30665048945867746,0.24054435838028346,0.25848210410206746,0.37611803396671584,-0.06946754450803838,0.04816838535661,9239,2014-05-08
2014-06-30,dev,199,1000.0,0.1601,-0.17375361656768692,-0.14903138099014387,-0.15657225521547127,0.21557826444796815,0.2529373699094413,0.24560273812191288,0.6321073493453937,-0.41652908489742557,-0.03002447367394473,9425,2014-06-09
2014-07-31,dev,204,1000.0,0.1664,-0.07255585160893625,0.09819713314615044,0.01152864846527341,0.2345905459048213,0.2620479823836332,0.26974940150705234,0.4474062557573637,-0.2128157098525424,-0.03515885560223103,9612,2014-07-09
2014-08-29,dev,205,1000.0,0.1589,-0.11314510175370171,-0.00014559229915683683,-0.10175648758200888,0.27556352369319076,0.33693425067572236,0.3337201367176681,0.5365282362686874,-0.26096471257549664,-0.05815661302447733,9800,2014-08-07
2014-09-30,dev,210,316.22776601683796,0.1547,-0.19084786503095305,-0.03739151025955173,-0.21351763726420747,0.4615916600794191,0.5705789617339365,0.554132473614174,0.8037921850290579,-0.3422005249496388,-0.09254081353475485,9990,2014-08-29
2014-10-31,dev,210,10.0,0.1576,-0.16638731684877855,-0.11245800844204436,-0.2487539399986394,0.5191434208655886,0.6248828495564612,0.6060622075657848,0.8173099578403917,-0.2981665369748031,-0.08691878670019615,10181,2014-09-30
2014-11-28,dev,213,31.622776601683793,0.1555,0.05634423717405827,0.16150917847242627,-0.15421057468067084,1.051129834436939,0.9225936005646219,0.9341944798349012,0.8621890552577434,0.18894077917919572,0.11693535460203786,10372,2014-11-05
2014-12-31,dev,216,0.1,0.1302,-0.05068767191797949,-0.07441989265872079,-0.2595458388406625,0.17830902708161195,0.17568793770593938,0.19107958221204768,0.10298567650666945,0.0753233505749425,-0.012770555130435735,10566,2014-12-03
2015-01-30,dev,219,3.1622776601683795,0.1104,0.0882573377357844,0.14135557698948545,-0.08272076045106083,0.26346348570398265,0.2076887789793509,0.2462589284380872,0.11573001319011533,0.14773347251386731,0.017204557265895454,10765,2014-12-31
2015-02-27,dev,221,31.622776601683793,0.1171,0.09083460259930848,-0.06195206888196412,0.07208022502140149,0.026358239655165174,-0.026346785093440604,0.017269518454896857,-0.10277669631719055,0.12913493597235573,0.009088721200268317,10969,2015-02-04
2015-03-31,dev,222,0.31622776601683794,0.1114,-0.07211795526224439,-0.23094711330005444,0.16918558068650397,-0.12564691445796294,-0.11531756653225439,-0.10102916683994041,-0.2093836795184839,0.08373676506052097,-0.02461774761802253,11174,2015-03-12
2015-04-30,dev,229,0.1,0.0924,-0.17392803253624858,-0.2688245580622262,0.16580296383639948,-0.09058820492494864,-0.05528384012943492,-0.06965986201252956,-0.2197770641232233,0.12918885919827466,-0.020928342912419073,11384,2015-04-13
2015-05-29,dev,232,1.0,0.0814,-0.5239251646680978,-0.49032905978635605,0.07450859041801765,-0.25536848698585535,-0.08253421193297482,-0.1754394386654946,-0.22548410613140846,-0.02988438085444689,-0.07992904832036074,11594,2015-05-08
2015-06-30,dev,235,0.001,0.094,-0.17362941181909805,-0.1497042003923756,0.3187762952277917,-0.10685624709119709,-0.05921871788689951,-0.09342307735636782,-0.2244427562900766,0.1175865091988795,-0.013433169734829276,11807,2015-06-05
2015-07-31,dev,241,0.001,0.09,0.06555845135626352,0.023918814387679756,0.3661491375467234,-0.0945988899262486,-0.09661507105633922,-0.09490168358440038,-0.21797343725559704,0.12337454732934844,0.0003027936581517787,12023,2015-07-09
2015-08-31,dev,242,0.31622776601683794,0.0817,0.1564998236694452,0.14554542025307776,0.2467014755459368,-0.017328856293230364,-0.04583426649748381,-0.030394343149057895,-0.10344520302174098,0.08611634672851062,0.013065486855827532,12242,2015-08-06
2015-09-30,dev,249,0.001,0.0752,0.2430237077341625,0.21149815759850532,-0.0043956471045472215,0.10866384711327054,0.06753742687487538,0.09071267686095694,0.008475941538857334,0.1001879055744132,0.017951170252313603,12463,2015-08-27
2015-10-30,dev,249,0.0031622776601683794,0.0813,0.14828604741546833,0.10540380878352118,0.31852467936261175,-0.03652035753200536,-0.06442551036846725,-0.0426771751780668,-0.09059191942228795,0.05407156189028259,0.006156817646061442,12685,2015-09-30
2015-11-30,dev,255,0.001,0.0796,0.11815872510421492,-0.11776059075009716,0.29430870773506257,-0.09567940776565959,-0.12395780531130632,-0.10632885208501303,-0.10573259623397402,0.010053188468314433,0.01064944431935344,12914,2015-11-05
2015-12-31,dev,264,3.1622776601683795,0.053,0.2007206725407457,-0.08034977038277079,0.29122475200386094,-0.07740706027234308,-0.11225571704771373,-0.09705597662946283,-0.14439139052346484,0.06698433025112176,0.019648916357119753,13146,2015-12-03
2016-01-29,dev,266,10.0,0.0541,0.20242029708572898,0.16708450456208543,0.013127051251193494,0.1608983697514231,0.11040025000707275,0.1267166079060256,0.08791992098001078,0.07297844877141232,0.03418176184539751,13381,2016-01-04
2016-02-29,dev,275,0.001,0.0607,0.13927815123625978,0.05317755229932958,-0.03978419549349413,0.20312795462026953,0.17281062350058074,0.1786432790927996,0.14954611121517636,0.05358184340509317,0.02448467552746994,13622,2016-02-04
2016-03-31,dev,280,0.31622776601683794,0.0586,0.24504539963155503,0.24934804012499823,0.19535343927491786,0.08404396768186394,0.037370439504576095,0.05724282228775059,0.023548454858909995,0.06049551282295394,0.026801145394113345,13864,2016-03-11
2016-04-29,dev,296,316.22776601683796,0.0654,0.34676402134029255,0.1555652305595517,0.13883174391648967,0.1064384688985536,0.050066326471909055,0.07142448494006463,0.06330793269649604,0.04313053620205756,0.03501398395848897,14113,2016-04-11
2016-05-31,dev,313,1000.0,0.0622,0.3137678391692351,0.0988891151227357,0.1971806403238405,0.09478827721573943,0.04420407471000288,0.061909774116424655,0.09136694052171279,0.0034213366940266388,0.032878503099314775,14362,2016-05-05
2016-06-30,dev,348,1000.0,0.0532,0.30133625209888304,0.3025608921422625,0.26691044129719155,0.0314009014948448,-0.013463557984114818,0.005695067939883245,0.06797602095930744,-0.03657511946446264,0.025705833554961553,14617,2016-06-03
2016-07-29,dev,363,1000.0,0.043,0.2520894474686539,0.36231969804106956,0.29983577447163584,0.018263892885140163,-0.014834655423656142,2.1281883248474076e-05,0.06003938912523066,-0.0417754962400905,0.01824261100189169,14881,2016-07-08
2016-08-31,dev,374,1000.0,0.0531,0.16645851672377454,0.3615040029667626,0.23738670413327406,0.015652229877144742,-0.002947645437983873,0.0054009032671020266,0.03873406827465886,-0.02308183839751412,0.010251326610042716,15147,2016-08-05
2016-09-30,dev,382,1000.0,0.0498,0.029278835395257767,0.2176506367006568,0.11301897619173965,0.02751914675663582,0.020188560428444826,0.02461143095062719,0.08031297596122067,-0.05279382920458485,0.0029077158060086296,15422,2016-08-29
2016-10-31,dev,387,316.22776601683796,0.0621,-0.19150901715066074,0.25461212383442755,0.22835794814843344,-0.04527513185006415,-0.026314778611659796,-0.034823243940532767,0.00675453304550766,-0.05202966489557181,-0.01045188790953138,15702,2016-10-10
2016-11-30,dev,398,316.22776601683796,0.0784,-0.1368901095313883,0.25038963125479574,0.19227641398218528,-0.03144120406600111,-0.01166436817932985,-0.018052794786366063,0.010788295424450034,-0.04222949949045114,-0.013388409279635045,15998,2016-11-07
2016-12-30,dev,409,316.22776601683796,0.0987,-0.054715634241054044,0.08522388960607814,0.059163617740017466,0.02914860124778357,0.051521687411431656,0.04256002262686461,0.10897860203421006,-0.07983000078642649,-0.01341142137908104,16311,2016-12-06
2017-01-26,dev,423,316.22776601683796,0.1245,0.001311355952519116,0.12377429861212724,0.11837195261551378,0.0349742119102921,0.04720485328861143,0.044262648175784014,0.09433963377972776,-0.059365421869435664,-0.009288436265491917,16659,2017-01-04
2017-02-28,dev,430,10.0,0.1367,0.051715348807023116,0.10858976471336729,0.10993453748539272,0.05445999307662879,0.05460320249446011,0.054007290457617985,0.11048711049840554,-0.05602711742177675,0.00045270261901080716,17022,2017-02-09
2017-03-31,dev,434,31.622776601683793,0.1374,0.1712759769368729,0.1827977446178764,0.17798602428226823,0.09476413760242886,0.0654269053050329,0.07552895119814153,0.12330912262163185,-0.028544985019202995,0.019235186404287327,17396,2017-03-14
2017-04-28,dev,443,0.03162277660168379,0.1292,0.27090410226779904,0.20818951188562151,0.20592721256643715,0.12967307356017688,0.06005889969244673,0.09437519045683047,0.1620409953854245,-0.032367921825247614,0.0352978831033464,17778,2017-04-13
2017-05-31,dev,451,3.1622776601683795,0.1017,0.23553937824173088,0.24939507112658257,0.23145785504516345,0.14094514959488452,0.08536369004082531,0.10012731775172462,0.14693126169341397,-0.00598611209852945,0.0408178318431599,18165,2017-05-08
2017-06-30,dev,461,0.1,0.0685,0.24560973309440728,0.3759105385465348,0.29819666328201655,0.10691641245499446,0.0553478953062455,0.07491255924425756,0.11470580053768975,-0.007789388082695289,0.0320038532107369,18563,2017-06-09
2017-07-31,dev,471,0.001,0.0664,0.33871809831381317,0.38976630834966103,0.37394817174712486,0.1090583193235281,0.02843255944914257,0.0710231226649722,0.1439390797921707,-0.034880760468642594,0.0380351966585559,18972,2017-07-11
2017-08-31,dev,478,0.03162277660168379,0.053,0.3644734873749888,0.4096928755676324,0.36647739024997633,0.09684305124970631,0.015272137259336573,0.050757544167785565,0.07994912734985782,0.016893923899848493,0.046085507081920746,19395,2017-08-04
2017-09-29,dev,486,10.0,0.0636,0.34519264919993126,0.27866236067416045,0.33734079839345965,0.0426403214640877,-0.029857486867497368,0.001472993927063284,0.016195486460188535,0.026444835003899166,0.041167327537024415,19825,2017-08-30
2017-10-31,dev,489,0.03162277660168379,0.0946,0.1566780649703309,0.10170681769231134,0.18467704692256068,0.0026413671764956457,-0.03286528732642156,-0.019695522366995177,-0.03371911874007605,0.03636048591657169,0.022336889543490824,20259,2017-10-09
2017-11-30,dev,500,1.0,0.1301,0.10514499657998631,0.1416880689092932,0.1790574202296809,0.005535724662024864,-0.023349650766420118,-0.012350507827745733,-0.0565345489464939,0.062070273608518765,0.017886232489770598,20702,2017-11-02
2017-12-29,dev,516,1.0,0.1629,-0.014168092923683493,-0.056447409264768066,0.18849040066067105,-0.0672499531513869,-0.0776966654983031,-0.07099331905418087,-0.1397567017419381,0.0725067485905512,0.003743365902793963,21153,2017-11-30
2018-01-31,dev,529,1.0,0.1642,-0.19577101038562678,-0.2959653017135312,0.035364226492913584,-0.14306332979663386,-0.08648477538802174,-0.10881040691504379,-0.20542323380416616,0.0623599040075323,-0.03425292288159007,21614,2018-01-02
2018-02-28,dev,533,3.1622776601683795,0.1587,-0.16493858653210172,-0.12009573214788184,0.17075754292872178,-0.12123580834451515,-0.07705153302883158,-0.09636314939699102,-0.1671490654486656,0.04591325710415044,-0.024872658947524134,22085,2018-01-31
2018-03-30,dev,541,0.1,0.1584,-0.0746874017086675,0.039360135148826525,0.2960121662845551,-0.1474794412422104,-0.12801006579259452,-0.13180818063634162,-0.15642101137412412,0.008941570131913712,-0.015671260605868792,22563,2018-03-12
2018-04-27,dev,545,0.03162277660168379,0.1768,-0.025890225532697205,0.11233126347305847,0.3173469811354323,-0.1338957497042903,-0.11782173117113051,-0.11972932448485224,-0.12420715397389903,-0.00968859573039127,-0.014166425219438061,23049,2018-04-12
2018-05-31,dev,551,3.1622776601683795,0.1732,-0.07988665954104288,-0.16693159700527785,0.19078233610467493,-0.13323390033316948,-0.12115433745023509,-0.12448559641309294,-0.14061365840726958,0.007379758074100101,-0.008748303920076542,23538,2018-05-09
2018-06-29,dev,556,0.31622776601683794,0.1611,-0.30189352908958195,0.02346897615589413,0.1191858275231433,-0.19097838016853683,-0.11828846768119411,-0.14339183946294554,-0.15555264405857616,-0.035425736109960665,-0.04758654070559129,24038,2018-06-08
2018-07-31,dev,561,0.03162277660168379,0.1454,-0.05968609054750985,0.24797254534671065,0.25495474799431256,-0.08739742164917252,-0.07255452734915839,-0.07538545429205915,-0.06003541561897596,-0.027362006030196562,-0.012011967357113379,24554,2018-07-10
2018-08-31,dev,571,0.03162277660168379,0.1528,-0.04095192299635105,-0.11306768611875088,-0.09326114939535529,0.06984267068254181,0.06782163471166401,0.0690876552710105,0.10915626431997083,-0.03931359363742902,0.0007550154115313068,25083,2018-08-09
2018-09-28,dev,577,10.0,0.1337,-0.15139232877369524,-0.2619577816302585,-0.17617211784295733,0.10248601999292203,0.12679741344386544,0.1219974213669727,0.16247017547940978,-0.05998415548648775,-0.019511401374050663,25616,2018-08-30
2018-10-31,dev,582,1000.0,0.1128,-0.2128459405772083,-0.40532951711318493,-0.1816601014535172,0.12480978875777729,0.16388311360973165,0.1534619335225168,0.18283461056628747,-0.05802482180851018,-0.028652144764739512,26157,2018-10-09
2018-11-30,dev,590,0.1,0.0815,-0.17377823696268754,-0.34490935649118276,-0.152194519650744,0.09340514391330075,0.1277328236349182,0.12143575971238896,0.16339636081684628,-0.06999121690354553,-0.028030615799088207,26702,2018-11-02
2018-12-28,dev,597,0.03162277660168379,0.037,-0.27978966909247144,-0.4335427589958025,-0.2050768957393432,0.1320803824589109,0.21479332356551714,0.19475899205119748,0.257779538930744,-0.1256991564718331,-0.06267860959228658,27253,2018-12-04
2019-01-31,dev,604,1000.0,0.0204,-0.2863011852237907,-0.34562174891238856,-0.08590722821102233,0.08962570252758699,0.17597372455817636,0.16261126154190675,0.1348989718684186,-0.045273269340831604,-0.07298555901431976,27809,2019-01-03
2019-02-28,dev,617,1000.0,0.0284,-0.1372224414505417,-0.014027098074045815,0.05606868223522956,0.06449005003198346,0.10880923692737406,0.10287412549562155,0.03548729073383172,0.029002759298151742,-0.03838407546363809,28370,2019-02-11
2019-03-29,dev,628,1000.0,0.0429,0.028835511847087245,0.1295553637085123,0.12600746289492487,0.04176847389717837,0.040584359712063055,0.04881827489431845,-0.008951174496254266,0.05071964839343263,-0.007049800997140081,28941,2019-03-14
2019-04-30,dev,639,1000.0,0.0551,-0.21894868426862113,-0.05002006058296054,-0.07169059698747964,0.05731504164473125,0.1067318776762407,0.09809354865205008,0.01831513813080865,0.0389999035139226,-0.04077850700731883,29518,2019-04-11
2019-05-31,dev,644,1000.0,0.1042,-0.2859786466955215,-0.24306271194509754,-0.13364368791705075,0.08132343991430033,0.1496699597116408,0.13104393561578964,0.06061784858568897,0.020705591328611356,-0.049720495701489315,30100,2019-05-10
2019-06-28,dev,651,316.22776601683796,0.1203,-0.27571204572194086,-0.14392196560049278,-0.1642932171726947,0.09646115267660227,0.1776381679611642,0.1529132343253267,0.07083749500403469,0.02562365767256758,-0.05645208164872442,30690,2019-06-12
2019-07-31,dev,655,0.31622776601683794,0.1264,-0.36368195490905114,-0.13785359528388508,-0.2831221100746619,0.09637655135896696,0.24292770511319878,0.18436718013825007,0.030532995737817537,0.06584355562114942,-0.08799062877928311,31287,2019-07-10
2019-08-30,dev,660,0.1,0.1299,-0.25927307204353295,0.23705030797859375,-0.14228161054714836,0.09183383756361482,0.1792596212396829,0.1543650277148756,0.03982670743602079,0.05200713012759403,-0.06253119015126077,31891,2019-08-09
2019-09-30,dev,664,0.001,0.1353,0.0011249297533754245,0.43836351459783085,0.08661491814910442,0.09731513435641825,0.10204560785173651,0.10879862913604862,-0.011888757927586258,0.10920389228400451,-0.011483494779630371,32508,2019-08-30
2019-10-31,dev,671,0.31622776601683794,0.1366,-0.008779262088535394,0.5415430501654195,0.11890397649817763,0.14590691929890356,0.14336028225171696,0.1553510335159699,0.018891866525057477,0.1270150527738461,-0.00944411421706634,33136,2019-10-08
2019-11-29,dev,676,0.001,0.1252,0.11081390323749146,0.56983953250049,0.0765023399633103,0.19877026280335158,0.16731189187750486,0.1983711383435207,0.05703232270414471,0.14173794009920687,0.0003991244598308963,33775,2019-11-06
2019-12-31,dev,679,0.001,0.1144,0.04348595747029767,0.6357136187426177,0.030866655575650565,0.3399974547678375,0.31983816357085537,0.35486368313085526,0.18463660681026273,0.15536084795757477,-0.014866228363017764,34419,2019-12-04
2020-01-23,dev,682,0.01,0.1029,0.3012483822981192,0.6457190991586219,0.22206554349893748,0.42226793925457073,0.25922206830048844,0.3299467238949372,0.19278723424979782,0.2294807050047729,0.09232121535963356,35070,2019-12-31
2020-02-28,dev,691,0.03162277660168379,0.0823,0.2243011701447069,0.4398610020829549,0.06692905481709512,0.3565491030683992,0.27092708931264525,0.312778088587685,0.22894969072719662,0.1275994123412026,0.04377101448071419,35725,2020-02-11
2020-03-31,dev,698,0.1,0.0675,0.49943435673722064,0.3570814591551908,0.023402028891341853,0.46461494398583125,0.25019132627111723,0.3641866149293921,0.2699251659249271,0.19468977806090415,0.10042832905643917,36385,2020-03-12
2020-04-30,dev,707,0.001,0.066,0.5018931809018174,0.3594954793304471,-0.03756575096424788,0.42596970963385855,0.20481830047961538,0.33487658237848067,0.27316344189520114,0.1528062677386574,0.09109312725537788,37049,2020-04-10
2020-05-29,dev,716,0.31622776601683794,0.0693,0.3554274387868741,0.2940842229572615,-0.16470003431037536,0.32193607844689553,0.1829227266535769,0.29024554914777945,0.3077398298380951,0.014196248608800421,0.03169052929911609,37720,2020-05-11
2020-06-30,dev,725,0.1,0.0731,0.2951081433850446,0.2586878061476898,-0.057175880805316714,0.26375200156381035,0.14779126761894967,0.250556921706313,0.2515211466765803,0.012230854887230025,0.01319507985749735,38396,2020-06-09
2020-07-31,dev,735,0.001,0.0663,0.34974949166966873,0.28700475348730015,0.028131822566723644,0.20846472984042447,0.08149327533220267,0.17602912964570927,0.1682954756992796,0.04016925414114486,0.0324356001947152,39075,2020-07-13
2020-08-31,dev,738,0.03162277660168379,0.0527,0.07413623325335106,0.007085149093919624,-0.000643443786978892,0.050740608994221274,0.03571591808986052,0.05735259120830722,0.06478136877195073,-0.014040759777729457,-0.006611982214085946,39757,2020-08-04
2020-09-30,dev,747,0.001,0.021,0.29873858813557047,0.24964552915168134,0.13051981405572396,0.11003282728547839,0.04671443491601798,0.08577130084285167,0.0767862806669144,0.033246546618563994,0.02426152644262672,40448,2020-09-01
2020-10-30,dev,749,0.001,-0.021,0.37091346037140427,0.3331079817399498,0.12693904885658594,0.12810687335349286,0.046428703620236794,0.09296346253295373,0.06327302807425417,0.06483384527923869,0.03514341082053912,41146,2020-10-09
2020-11-30,dev,753,0.03162277660168379,-0.0674,0.4427356323338061,0.47562550298452605,0.010472698067147856,0.18205442358625018,0.05700925023208394,0.13072127898525124,0.054808707299548454,0.12724571628670173,0.05133314460099894,41853,2020-11-09
2020-12-31,dev,765,0.1,-0.125,0.33796745633580755,0.34858338417820983,-0.04181263390213849,0.15108477294522948,0.04906795781882445,0.10803089074876782,-0.015078802960265647,0.16616357590549513,0.04305388219646167,42569,2020-12-03
2021-01-29,dev,780,0.01,-0.1854,0.09087209595625947,0.023424735831019484,-0.22253910547316683,0.1145637404060848,0.05030123909383154,0.08443844105127216,-0.06846121004154548,0.18302495044763029,0.030125299354812646,43294,2020-12-31
2021-02-26,dev,789,0.001,-0.2347,0.030495283612370087,-0.07318507772229377,-0.3483975227390499,0.14267800178957013,0.07574240540093718,0.11538030948233634,-0.09809152030604329,0.24076952209561342,0.027297692307233792,44029,2021-02-03
2021-03-31,dev,801,0.03162277660168379,-0.221,0.07570325123520785,-0.03409932926385039,-0.3226789066659194,0.13723358640576241,0.06814091283553873,0.11415836086520689,-0.02221889440949243,0.15945248081525484,0.023075225540555522,44767,2021-03-11
2021-04-30,dev,820,0.001,-0.1866,0.0500964094380808,-0.030469760132496443,-0.1804427532302521,0.14155400867745196,0.0502683772974872,0.09595398605634796,-0.05401494957830488,0.19556895825575685,0.045600022621104006,45514,2021-04-13
2021-05-31,dev,842,0.001,-0.1394,0.02627215824170717,0.02590804212441606,-0.09617114552942958,0.09095620400984761,0.041865277516052075,0.06978283399361232,-0.0807551996878968,0.1717114036977444,0.021173370016235288,46263,2021-05-10
2021-06-30,dev,859,0.001,-0.0974,-0.061264757929349,0.0035835183098399943,0.1572381891601103,0.020180024773915506,0.024782949341842036,0.014642740698658667,-0.05862817692280742,0.07880820169672292,0.005537284075256839,47016,2021-06-08
2021-07-30,dev,872,0.01,-0.0498,-0.5072716975910269,-0.3246476079888706,0.10215438026420944,-0.1275012022826683,0.014523854886649866,-0.05907797430388596,-0.03560609997152453,-0.09189510231114378,-0.06842322797878235,47781,2021-07-12
2021-08-31,dev,887,0.03162277660168379,-0.0133,-0.6524527924108267,-0.38863451216276435,-0.004926776367018031,-0.21388587306500256,-0.03160654202783847,-0.13456387888964186,-0.1312740734266825,-0.08261179963832005,-0.0793219941753607,48561,2021-08-09
2021-09-30,dev,906,3.1622776601683795,0.0003,-0.6260352717070493,-0.3208311985827522,0.13855478371906627,-0.2308776758398461,-0.04295691106268293,-0.1507423087492862,-0.14931952540521365,-0.08155815043463246,-0.0801353670905599,49350,2021-08-30
2021-10-29,dev,916,1000.0,-0.0037,-0.6918788315582416,-0.35247394407545135,0.0314905422686611,-0.2729219155490277,-0.050107221458984864,-0.18059734685088416,-0.20145616926439824,-0.07146574628462948,-0.09232456869814357,50151,2021-10-11
2021-11-30,dev,933,1000.0,0.0244,-0.6589315122971565,-0.4055964183273591,-0.004118368494106465,-0.20055754716424332,-0.02831101751723432,-0.13173655500179451,-0.12272947206823803,-0.07782807509600528,-0.0688209921624488,50971,2021-11-09
2021-12-31,dev,958,1000.0,0.0604,-0.41688680402766665,-0.04386027415628522,0.25610858955297167,-0.11968177892543164,-0.023440538893642945,-0.10365274775606673,-0.12527616841886213,0.005594389493430496,-0.01602903116936491,51813,2021-12-03
2022-01-28,dev,980,1000.0,0.1105,-0.0632630175328277,0.34729918193695686,0.32041983570986465,0.004318042237698942,0.007427538230518241,-0.007314755349461532,-0.08928601165877692,0.09360405389647586,0.011632797587160473,52672,2022-01-04
2022-02-28,dev,1000,1000.0,0.1427,-0.3297049497049497,0.2606161982434271,0.2556588276588277,-0.06648983490420168,-0.008352092252989558,-0.056570940401840214,-0.1097435288540406,0.04325369394983891,-0.00991889450236147,53544,2022-02-10
2022-03-31,dev,1031,1000.0,0.1545,-0.25777153445273726,0.2966806199263492,0.2467287402774106,-0.06251875766872785,-0.006185616790411355,-0.051891077348155214,-0.11720512281896656,0.05468636515023871,-0.010627680320572631,54431,2022-03-14
2022-04-29,dev,1053,1000.0,0.1449,0.03145455284328741,0.1884408321966139,0.24146554568052248,0.06166952594370043,0.03729346273316421,0.05828066496624403,-0.059992415793773346,0.12166194173747377,0.003388860977456401,55337,2022-04-13
2022-05-31,dev,1076,1000.0,0.1234,-0.04342757816697342,0.29836163373800184,0.2863644895080207,-0.0030220955331810937,-0.003656457639631472,-0.005560242596617923,-0.05390908704299968,0.05088699150981859,0.0025381470634368297,56253,2022-05-10
2022-06-30,dev,1102,1000.0,0.0891,-0.4387492523885872,0.15166269996452877,0.1881826848747007,-0.13021710188373414,-0.03467959160287175,-0.09156291797227607,-0.1331350134927206,0.0029179116089864676,-0.03865418391145807,57186,2022-06-10
2022-07-29,dev,1116,1000.0,0.0593,-0.32464601290291506,0.08012121624166012,-0.042533499114608686,-0.07639725544461426,-0.008535751720620401,-0.03666939137790912,-0.022532062764891503,-0.053865192679722756,-0.039727864066705136,58144,2022-07-13
2022-08-31,dev,1142,1000.0,0.037,-0.1282268522318264,0.24604173119346662,0.10487376586656375,-0.03735674906934402,-0.014599674648836545,-0.027000420999328662,-0.017199497896460803,-0.020157251172883216,-0.010356328070015356,59124,2022-08-09
2022-09-30,dev,1165,1000.0,0.0089,-0.04209223426489652,-0.004163540339493151,-0.05021739273972226,0.021970425999115934,0.03188409437342871,0.040152757184310627,0.07684936601237591,-0.05487894001325998,-0.018182331185194692,60124,2022-08-31
2022-10-31,dev,1180,1000.0,-0.0253,-0.2421394116027598,-0.03641272973725066,-0.22778909040793283,-0.030665008063491966,0.03936914077331487,0.019820530073473255,0.14796692681027723,-0.1786319348737692,-0.05048553813696522,61155,2022-10-11
2022-11-30,dev,1212,1000.0,-0.0407,-0.21557613161637346,0.299535302563057,0.0790735950682879,-0.05338389134684097,-0.009999945383633626,-0.03264197080411698,-0.008525742161313299,-0.04485814918552767,-0.020741920542723988,62208,2022-11-07
2022-12-30,dev,1239,1000.0,-0.0584,-0.22460323629218057,0.23489769488233492,0.0025134267173094146,-0.045218675403055006,0.0003523498356719394,-0.016934409393493405,-0.007282971479225631,-0.037935703923829375,-0.0282842660095616,63284,2022-12-02
2023-01-31,dev,1255,1000.0,-0.0891,-0.1918107231574115,0.33558687443214563,-0.012324954289446305,-0.08727161420264457,-0.04752337573644517,-0.06453906109526253,-0.03653576812101833,-0.050735846081626235,-0.022732553107382036,64386,2023-01-03
2023-02-28,dev,1284,1000.0,-0.1175,-0.20174203741327854,0.3060618426272673,-0.0401872418403254,-0.11236510594380593,-0.07823330738179476,-0.08962050259468153,-0.07474973946168273,-0.0376153664821232,-0.022744603349124398,65502,2023-02-08
2023-03-31,dev,1307,1000.0,-0.1297,0.08664291533787354,0.36650737927521365,0.24667189854910773,-0.10866390968873207,-0.1318503792101664,-0.10178792117411352,-0.09463959598373317,-0.014024313704998903,-0.006875988514618556,66644,2023-03-13
2023-04-28,dev,1328,1000.0,-0.1445,-0.015725533265250412,0.19706958527192273,0.06261967140293778,-0.10238976546287656,-0.10473455774681713,-0.09312937186066306,-0.10159301638138274,-0.000796749081493825,-0.009260393602213507,67809,2023-04-12
2023-05-31,dev,1336,1000.0,-0.1695,0.125316237844414,0.24649728176255417,0.03862848873865724,-0.10178870871907612,-0.12972208936781007,-0.0924084567846907,-0.10643186084769873,0.00464315212862261,-0.009380251934385422,68989,2023-05-09
2023-06-30,dev,1341,1000.0,-0.198,0.18636863492577224,0.36295061018960456,0.06184967499891395,-0.12753934906274753,-0.15918780245778016,-0.11533756512983587,-0.12079656427718555,-0.006742784785561978,-0.012201783932911658,70201,2023-06-08
2023-07-31,dev,1349,1000.0,-0.2251,0.39261352207506417,0.4807056217968593,0.22401917919441616,-0.15332525709788683,-0.2544908427333407,-0.19683562765442122,-0.19850372263446447,0.045178465536577644,0.043510370556534395,71440,2023-07-12
2023-08-31,dev,1361,1000.0,-0.2456,0.35659553923107695,0.3870082212565467,0.113493995448296,-0.034075198900397494,-0.09465125121885942,-0.06895636105314656,-0.051233272107058525,0.01715807320666103,0.03488116215274907,72695,2023-08-03
2023-09-28,dev,1372,316.22776601683796,-0.2677,0.45393114532856826,0.3380420992699075,0.018186948006474316,-0.009001621493229917,-0.0995547534810429,-0.06681215244733002,-0.057914897803696186,0.04891327631046627,0.0578105309541001,73979,2023-08-31
2023-10-31,dev,1388,0.31622776601683794,-0.29,0.3686412361850078,0.23021082691944522,0.04568896914772253,0.027850680867482526,-0.03462516999075876,-0.005818613056990235,0.02624796151497022,0.0016027193525123065,0.03366929392447276,75286,2023-10-11
2023-11-30,dev,1400,0.31622776601683794,-0.3095,0.4561196029764739,0.3126893752193728,0.0635511577884916,0.01704286859361224,-0.07901631119435178,-0.03597213113349594,0.01370629794665823,0.0033365706469540082,0.05301499972710818,76614,2023-11-07
2023-12-29,dev,1417,0.001,-0.3266,0.347239177463196,0.2238623281889811,0.07665052729986357,0.010030033123720694,-0.06996887179476276,-0.03934725697479308,0.010800877850025037,-0.0007708447263043428,0.04937729009851377,77950,2023-12-05
2024-01-31,dev,1425,0.1,-0.3397,-0.02421572668769486,0.004593830073411653,0.13987038052290693,0.03115546592648972,0.0498126145878245,0.03602907979716469,0.03437042040809213,-0.0032149544816024098,-0.0048736138706749685,79291,2024-01-03
2024-02-29,dev,1429,0.1,-0.3282,0.5840574277737246,0.5391018368841561,0.23533880189706968,-0.0013388512470413822,-0.11435270808969718,-0.06888792574428201,-0.07140673300374312,0.07006788175670174,0.06754907449724064,80640,2024-02-01
2024-03-29,dev,1434,0.1,-0.3151,-0.18167976242726028,-0.07183256203154008,0.08067272097379845,0.036730686324317446,0.07948663892636679,0.06613418126294839,0.13012186062184306,-0.09339117429752561,-0.02940349493863094,82001,2024-03-13
2024-04-30,dev,1443,0.03162277660168379,-0.3,-0.43355734012754693,-0.3457408312168092,-0.0654609486064721,0.03496720148973078,0.15076817105213444,0.08441253075681197,0.15017808818902711,-0.11521088669929633,-0.049445329267081194,83373,2024-04-12
2024-05-31,dev,1456,3.1622776601683795,-0.2726,-0.4441096680421235,-0.35682265316469824,-0.1430951814638107,0.02009220018056402,0.1438672458407648,0.060060901717502606,0.09543859159060597,-0.07534639141004196,-0.039968701536938586,84761,2024-05-10
2024-06-28,dev,1464,316.22776601683796,-0.2528,-0.36307096331950056,-0.2983177075966675,-0.12455394346662273,0.029327104422072096,0.11501199004015596,0.060746695322123546,0.10363187340629065,-0.07430476898421856,-0.03141959090005145,86161,2024-06-12
2024-07-31,dev,1472,1000.0,-0.2295,-0.5418204874210533,-0.4468681954369872,-0.1702999105526287,0.04910817160184153,0.22958068336485413,0.13745931589734292,0.13880486356521238,-0.08969669196337085,-0.0883511442955014,87578,2024-07-11
2024-08-30,dev,1484,1000.0,-0.2035,-0.6438541245040057,-0.5391749492400539,-0.15033298416293112,0.06693981075140844,0.32998210735577643,0.21269165089208197,0.20627398062040703,-0.1393341698689986,-0.14575184014067355,89003,2024-08-12
2024-09-30,dev,1489,1000.0,-0.1718,0.03107850439922352,0.01275466480017129,0.05118886920043369,0.004866948423373757,0.00816256407995758,-0.015346886013363533,-0.06653749326444092,0.07140444168781468,0.020213834436737292,90432,2024-09-02
2024-10-31,dev,1493,1000.0,-0.1142,0.011543575038902468,0.025394222171318554,0.037188573720296304,0.030141524778725306,0.029028145695336537,0.0270168892764893,-0.00011051030058795153,0.030252035079313257,0.003124635502236007,91866,2024-10-10
2024-11-29,dev,1494,1000.0,-0.1192,0.0704035558596585,0.029811039110192773,0.037257201392469276,0.031316043090691026,0.029907545935882227,0.03804667621370501,-0.005606417634963945,0.03692246072565497,-0.006730633123013981,93309,2024-11-07
2024-12-31,dev,1496,1000.0,-0.1009,-0.21191613997225217,-0.01473099678168417,-0.1041785249894563,0.031753036871853046,0.10766271236390956,0.07039906261035692,0.020304398244331168,0.011448638627521879,-0.03864602573850387,94765,2024-12-05
2025-01-27,dev,1496,1000.0,-0.038,-0.3671590708826305,0.0323011125178119,-0.1827285390088746,0.05186040549447983,0.21441549399521737,0.13407695301271622,0.0776522891844027,-0.02579188368992287,-0.08221654751823639,96229,2025-01-02
2025-02-28,dev,1496,1000.0,0.0067,-0.24412186740013744,0.40435593702741807,-0.0073490819386703215,0.14042454506578292,0.2421374222084372,0.20828089896031254,0.16289306381487756,-0.02246851874909464,-0.06785635389452963,97701,2025-02-12
