fund_code,status,reason,rows_original,rows_removed_dup,rows_removed_nan_zero,rows_after_clean,suspicious_jump_cnt,clean_date_span_days
019024,reject_short_history,窗口覆盖不足：首个净值日2023-11-16 晚于窗口起点2023-09-15+30天,689,0,0,689,0,0
019759,reject_short_history,窗口覆盖不足：首个净值日2023-11-21 晚于窗口起点2023-09-15+30天,686,0,0,686,0,0
019764,reject_short_history,窗口覆盖不足：首个净值日2023-11-21 晚于窗口起点2023-09-15+30天,686,0,0,686,0,0
019765,reject_short_history,窗口覆盖不足：首个净值日2023-10-24 晚于窗口起点2023-09-15+30天,689,0,0,689,0,0
019766,reject_short_history,窗口覆盖不足：首个净值日2023-10-24 晚于窗口起点2023-09-15+30天,689,0,0,689,0,0
019824,reject_short_history,窗口覆盖不足：首个净值日2023-11-06 晚于窗口起点2023-09-15+30天,681,0,0,681,0,0
019825,reject_short_history,窗口覆盖不足：首个净值日2023-11-06 晚于窗口起点2023-09-15+30天,681,0,0,681,0,0
020315,reject_short_history,窗口覆盖不足：首个净值日2023-12-15 晚于窗口起点2023-09-15+30天,668,0,0,668,0,0
020476,reject_short_history,窗口覆盖不足：首个净值日2024-05-07 晚于窗口起点2023-09-15+30天,559,0,0,559,0,0
020477,reject_short_history,窗口覆盖不足：首个净值日2024-05-07 晚于窗口起点2023-09-15+30天,559,0,0,559,0,0
020553,reject_short_history,窗口覆盖不足：首个净值日2024-04-30 晚于窗口起点2023-09-15+30天,571,0,0,571,0,0
020554,reject_short_history,窗口覆盖不足：首个净值日2024-04-30 晚于窗口起点2023-09-15+30天,571,0,0,571,0,0
020722,reject_short_history,窗口覆盖不足：首个净值日2024-03-14 晚于窗口起点2023-09-15+30天,597,0,0,597,0,0
020723,reject_short_history,窗口覆盖不足：首个净值日2024-03-14 晚于窗口起点2023-09-15+30天,597,0,0,597,0,0
020774,reject_short_history,窗口覆盖不足：首个净值日2024-04-17 晚于窗口起点2023-09-15+30天,575,0,0,575,0,0
020775,reject_short_history,窗口覆盖不足：首个净值日2024-04-17 晚于窗口起点2023-09-15+30天,575,0,0,575,0,0
021313,reject_short_history,窗口覆盖不足：首个净值日2024-04-19 晚于窗口起点2023-09-15+30天,586,0,0,586,0,0
021500,reject_short_history,窗口覆盖不足：首个净值日2024-05-16 晚于窗口起点2023-09-15+30天,570,0,0,570,0,0
021875,reject_short_history,窗口覆盖不足：首个净值日2024-09-19 晚于窗口起点2023-09-15+30天,478,0,0,478,0,0
021876,reject_short_history,窗口覆盖不足：首个净值日2024-09-19 晚于窗口起点2023-09-15+30天,478,0,0,478,0,0
021937,reject_short_history,窗口覆盖不足：首个净值日2025-03-11 晚于窗口起点2023-09-15+30天,328,0,0,328,0,0
021938,reject_short_history,窗口覆盖不足：首个净值日2025-03-11 晚于窗口起点2023-09-15+30天,328,0,0,328,0,0
022003,reject_short_history,窗口覆盖不足：首个净值日2024-11-26 晚于窗口起点2023-09-15+30天,397,0,0,397,0,0
022004,reject_short_history,窗口覆盖不足：首个净值日2024-11-26 晚于窗口起点2023-09-15+30天,397,0,0,397,0,0
022292,reject_short_history,窗口覆盖不足：首个净值日2025-01-03 晚于窗口起点2023-09-15+30天,387,0,0,387,0,0
022710,reject_short_history,窗口覆盖不足：首个净值日2024-11-27 晚于窗口起点2023-09-15+30天,438,0,0,438,0,0
022754,reject_short_history,窗口覆盖不足：首个净值日2024-12-11 晚于窗口起点2023-09-15+30天,422,0,0,422,0,0
022755,reject_short_history,窗口覆盖不足：首个净值日2024-12-11 晚于窗口起点2023-09-15+30天,422,0,0,422,0,0
022831,reject_short_history,窗口覆盖不足：首个净值日2024-12-13 晚于窗口起点2023-09-15+30天,426,0,0,426,0,0
022868,reject_short_history,窗口覆盖不足：首个净值日2024-12-16 晚于窗口起点2023-09-15+30天,425,0,0,425,0,0
023101,reject_short_history,窗口覆盖不足：首个净值日2024-12-26 晚于窗口起点2023-09-15+30天,417,0,0,417,0,0
023117,reject_short_history,窗口覆盖不足：首个净值日2025-05-27 晚于窗口起点2023-09-15+30天,300,0,0,300,0,0
023118,reject_short_history,窗口覆盖不足：首个净值日2025-05-27 晚于窗口起点2023-09-15+30天,300,0,0,300,0,0
023178,reject_short_history,窗口覆盖不足：首个净值日2025-01-07 晚于窗口起点2023-09-15+30天,410,0,0,410,0,0
023647,reject_short_history,窗口覆盖不足：首个净值日2025-04-17 晚于窗口起点2023-09-15+30天,332,0,0,332,0,0
023648,reject_short_history,窗口覆盖不足：首个净值日2025-04-17 晚于窗口起点2023-09-15+30天,332,0,0,332,0,0
024168,reject_short_history,窗口覆盖不足：首个净值日2025-06-09 晚于窗口起点2023-09-15+30天,312,0,0,312,0,0
024170,reject_short_history,窗口覆盖不足：首个净值日2025-06-09 晚于窗口起点2023-09-15+30天,312,0,0,312,0,0
024804,reject_short_history,窗口覆盖不足：首个净值日2025-07-22 晚于窗口起点2023-09-15+30天,281,0,0,281,0,0
024805,reject_short_history,窗口覆盖不足：首个净值日2025-07-22 晚于窗口起点2023-09-15+30天,281,0,0,281,0,0
025415,reject_short_history,窗口覆盖不足：首个净值日2025-09-05 晚于窗口起点2023-09-15+30天,248,0,0,248,0,0
019484,reject_duplicate_share,与代表份额000309(大摩品质生活精选股票A)为同一基金,727,0,0,727,0,1095
014930,reject_duplicate_share,与代表份额000513(富国高端制造行业股票A)为同一基金,1127,0,0,1127,0,1095
018817,reject_duplicate_share,与代表份额000586(景顺长城中小创精选股票A)为同一基金,772,0,0,772,0,1095
018998,reject_duplicate_share,与代表份额000688(景顺长城研究精选股票A)为同一基金,758,0,0,758,0,1095
015198,reject_duplicate_share,与代表份额000697(汇添富移动互联股票A)为同一基金,1103,0,0,1103,0,1095
015199,reject_duplicate_share,与代表份额000697(汇添富移动互联股票A)为同一基金,1103,0,0,1103,0,1095
012800,reject_duplicate_share,与代表份额000828(宏利转型机遇股票A)为同一基金,1260,0,0,1260,0,1095
015172,reject_duplicate_share,与代表份额001009(摩根安全战略股票A)为同一基金,1112,0,0,1112,0,1095
015686,reject_duplicate_share,与代表份额001048(富国新兴产业股票A)为同一基金,1036,0,0,1036,0,1095
014863,reject_duplicate_share,与代表份额001070(建信信息产业股票A)为同一基金,1124,0,0,1124,0,1095
013622,reject_duplicate_share,与代表份额001072(华安智能装备主题股票A)为同一基金,1197,0,0,1197,0,1095
015608,reject_duplicate_share,与代表份额001105(信澳转型创新股票A)为同一基金,1046,0,0,1046,0,1095
001638,reject_duplicate_share,与代表份额001162(前海开源优势蓝筹股票A)为同一基金,2730,0,0,2730,0,1095
016919,reject_duplicate_share,与代表份额001313(摩根智慧互联股票A)为同一基金,946,0,0,946,0,1095
015773,reject_duplicate_share,与代表份额001404(招商移动互联网产业股票基金A)为同一基金,1059,0,0,1059,0,1095
017177,reject_duplicate_share,与代表份额001482(摩根新兴服务股票A)为同一基金,926,0,0,926,0,1095
017916,reject_duplicate_share,与代表份额001521(国寿安保成长优选股票A)为同一基金,872,0,0,872,0,1095
014536,reject_duplicate_share,与代表份额001707(诺安高端制造股票A)为同一基金,1150,0,0,1150,0,1095
015114,reject_duplicate_share,与代表份额001725(汇添富高端制造股票A)为同一基金,1118,0,0,1118,0,1095
013613,reject_duplicate_share,与代表份额001877(宝盈国家安全沪港深股票A)为同一基金,1208,0,0,1208,0,1095
016052,reject_duplicate_share,与代表份额002289(华商改革创新股票A)为同一基金,1021,0,0,1021,0,1095
005885,reject_duplicate_share,与代表份额003853(金鹰信息产业股票A)为同一基金,2049,0,0,2049,0,1095
015060,reject_duplicate_share,与代表份额004640(华夏节能环保股票A)为同一基金,1112,0,0,1112,0,1095
010236,reject_duplicate_share,与代表份额005310(广发电子信息传媒股票A)为同一基金,1450,0,0,1450,0,1095
005496,reject_duplicate_share,与代表份额005495(创金合信科技成长股票A)为同一基金,2117,0,0,2117,0,1095
005629,reject_duplicate_share,与代表份额005628(汇安趋势动力股票A)为同一基金,2042,0,0,2042,0,1095
005661,reject_duplicate_share,与代表份额005660(嘉实资源精选股票A)为同一基金,1875,0,12,1863,0,1095
015159,reject_duplicate_share,与代表份额005825(申万菱信智能驱动股票A)为同一基金,1109,0,0,1109,0,1095
005963,reject_duplicate_share,与代表份额005962(宝盈人工智能股票A)为同一基金,1950,0,0,1950,0,1095
006080,reject_duplicate_share,与代表份额006081(海富通电子传媒股票A)为同一基金,1864,0,0,1864,0,1095
006503,reject_duplicate_share,与代表份额006502(财通集成电路产业股票A)为同一基金,1852,0,0,1852,0,1095
011126,reject_duplicate_share,与代表份额006751(富国互联科技股票A)为同一基金,1387,0,0,1387,0,1095
007134,reject_duplicate_share,与代表份额007133(嘉实长青竞争优势股票A)为同一基金,1760,0,2,1758,0,1095
016050,reject_duplicate_share,与代表份额008009(华商高端装备制造股票A)为同一基金,1021,0,0,1021,0,1095
008935,reject_duplicate_share,与代表份额008934(大成科技消费股票A)为同一基金,1500,0,0,1500,0,1095
009492,reject_duplicate_share,与代表份额009491(宝盈创新驱动股票A)为同一基金,1457,0,0,1457,0,1095
018495,reject_duplicate_share,与代表份额009891(融通产业趋势臻选股票A)为同一基金,811,0,0,811,0,1095
015754,reject_duplicate_share,与代表份额009899(上银内需增长股票A)为同一基金,1054,0,0,1054,0,1095
010362,reject_duplicate_share,与代表份额010361(嘉实品质优选股票A)为同一基金,1245,0,0,1245,0,1095
010392,reject_duplicate_share,与代表份额010391(易方达战略新兴产业股票A)为同一基金,1345,0,0,1345,0,1095
010681,reject_duplicate_share,与代表份额010680(华夏新兴成长股票A)为同一基金,1339,0,0,1339,0,1095
011378,reject_duplicate_share,与代表份额011377(创金合信积极成长股票A)为同一基金,1338,0,0,1338,0,1095
012351,reject_duplicate_share,与代表份额012350(万家元贞量化选股股票A)为同一基金,824,0,0,824,0,1095
012497,reject_duplicate_share,与代表份额012496(同泰行业优选股票A)为同一基金,1181,0,0,1181,0,1095
012697,reject_duplicate_share,与代表份额012696(同泰数字经济股票A)为同一基金,1206,0,0,1206,0,1095
012836,reject_duplicate_share,与代表份额012835(招商景气精选股票A)为同一基金,1220,0,0,1220,0,1095
013340,reject_duplicate_share,与代表份额013339(创金合信芯片产业股票发起A)为同一基金,1199,0,0,1199,0,1095
014186,reject_duplicate_share,与代表份额014185(招商专精特新股票A)为同一基金,1116,0,0,1116,0,1095
014192,reject_duplicate_share,与代表份额014191(广发先进制造股票发起式A)为同一基金,1075,0,0,1075,0,1095
014300,reject_duplicate_share,与代表份额014299(宏利先进制造股票A)为同一基金,1092,0,0,1092,0,1095
014417,reject_duplicate_share,与代表份额014416(泰康研究精选股票发起A)为同一基金,1101,0,0,1101,0,1095
014737,reject_duplicate_share,与代表份额014736(创金合信专精特新股票发起A)为同一基金,1112,0,0,1112,0,1095
015146,reject_duplicate_share,与代表份额015145(同泰新能源1年持有股票A)为同一基金,962,0,0,962,0,1095
015475,reject_duplicate_share,与代表份额164205(天弘文化新兴产业股票A)为同一基金,1091,0,0,1091,0,1095
017489,reject_duplicate_share,与代表份额017488(嘉实信息产业股票发起式A)为同一基金,900,0,0,900,0,1095
017745,reject_duplicate_share,与代表份额017744(嘉实绿色主题股票发起式A)为同一基金,840,0,0,840,0,1095
017747,reject_duplicate_share,与代表份额017746(建信电子行业股票A)为同一基金,790,0,0,790,0,1095
000309,ok,success,3096,0,0,3096,0,1096
000411,ok,success,3093,0,0,3093,0,1095
000513,ok,success,2963,0,0,2963,0,1095
000524,ok,success,3022,0,0,3022,0,1095
000577,ok,success,3010,0,0,3010,0,1095
000586,ok,success,3015,0,0,3015,0,1095
000688,ok,success,2904,0,0,2904,0,1095
000697,ok,success,2911,0,0,2911,0,1095
000751,ok,success,2888,0,0,2888,0,1095
000793,ok,success,2888,0,0,2888,0,1095
000828,ok,success,2884,0,0,2884,0,1095
000960,ok,success,2815,0,0,2815,0,1095
000979,ok,success,2746,0,0,2746,0,1095
001008,ok,success,2825,0,0,2825,0,1095
001009,ok,success,2789,0,0,2789,0,1095
001036,ok,success,2797,0,0,2797,0,1095
001039,ok,success,2742,0,0,2742,0,1095
001040,ok,success,2779,0,0,2779,0,1095
001042,ok,success,2745,0,0,2745,0,1095
001048,ok,success,2776,0,0,2776,0,1095
001070,ok,success,2759,0,0,2759,0,1095
001072,ok,success,2749,0,0,2749,0,1095
001105,ok,success,2773,0,0,2773,0,1095
001162,ok,success,2772,0,0,2772,0,1095
001188,ok,success,2746,0,0,2746,0,1095
001313,ok,success,2734,0,0,2734,0,1095
001396,ok,success,2722,0,0,2722,0,1095
001404,ok,success,2726,0,0,2726,0,1095
001409,ok,success,2736,0,0,2736,0,1095
001410,ok,success,2700,0,0,2700,0,1095
001416,ok,success,2716,0,0,2716,0,1095
001482,ok,success,2694,0,0,2694,0,1095
001496,ok,success,2732,0,0,2732,0,1095
001521,ok,success,2604,0,0,2604,0,1095
001672,ok,success,2675,0,0,2675,0,1095
001678,ok,success,1885,0,0,1885,0,1095
001707,ok,success,2242,0,0,2242,0,1095
001725,ok,success,2282,0,0,2282,0,1095
001749,ok,success,2052,0,0,2052,0,1095
001764,ok,success,2472,0,0,2472,0,1095
001877,ok,success,2585,0,0,2585,0,1095
001956,ok,success,2556,0,0,2556,0,1095
002229,ok,success,2544,0,0,2544,0,1095
002289,ok,success,2064,0,0,2064,0,1095
002861,ok,success,2240,0,0,2240,0,1095
002980,ok,success,2424,0,0,2424,0,1095
003145,ok,success,2413,0,0,2413,0,1095
003853,ok,success,2275,0,0,2275,0,1095
004352,ok,success,2231,0,0,2231,0,1095
004450,ok,success,2251,0,5,2246,0,1095
004640,ok,success,2197,0,0,2197,0,1095
005268,ok,success,2126,0,0,2126,0,1095
005310,ok,success,2124,0,0,2124,0,1095
005328,ok,success,2102,0,0,2102,0,1095
005495,ok,success,2117,0,0,2117,0,1095
005628,ok,success,2042,0,0,2042,0,1095
005660,ok,success,1875,0,12,1863,0,1095
005777,ok,success,2005,0,0,2005,0,1095
005825,ok,success,1996,0,0,1996,0,1095
005826,ok,success,1920,0,0,1920,0,1095
005962,ok,success,1950,0,0,1950,0,1095
006081,ok,success,1864,0,0,1864,0,1095
006265,ok,success,1933,0,0,1933,0,1095
006502,ok,success,1852,0,0,1852,0,1095
006751,ok,success,1803,0,0,1803,0,1095
006868,ok,success,1816,0,0,1816,0,1095
007133,ok,success,1760,0,0,1760,0,1095
007685,ok,success,1674,0,0,1674,0,1095
008009,ok,success,1626,0,0,1626,0,1095
008286,ok,success,1582,0,0,1582,0,1095
008382,ok,success,1518,0,0,1518,0,1095
008934,ok,success,1500,0,0,1500,0,1095
009491,ok,success,1457,0,0,1457,0,1095
009891,ok,success,1433,0,0,1433,0,1095
009899,ok,success,1429,0,0,1429,0,1095
009988,ok,success,1440,0,0,1440,0,1095
010013,ok,success,1457,0,0,1457,0,1095
010361,ok,success,1245,0,0,1245,0,1095
010391,ok,success,1345,0,0,1345,0,1095
010680,ok,success,1339,0,0,1339,0,1095
011122,ok,success,1243,0,0,1243,0,1095
011377,ok,success,1338,0,0,1338,0,1095
012350,ok,success,824,0,0,824,0,1095
012496,ok,success,1181,0,0,1181,0,1095
012696,ok,success,1206,0,0,1206,0,1095
012835,ok,success,1220,0,0,1220,0,1095
013242,ok,success,1198,0,0,1198,0,1095
013339,ok,success,1199,0,0,1199,0,1095
014185,ok,success,1116,0,0,1116,0,1095
014191,ok,success,1075,0,0,1075,0,1095
014299,ok,success,1092,0,0,1092,0,1095
014416,ok,success,1101,0,0,1101,0,1095
014736,ok,success,1112,0,0,1112,0,1095
015145,ok,success,962,0,0,962,0,1095
164205,ok,success,3902,0,0,3902,0,1095
017488,ok,success,900,0,0,900,0,1095
017744,ok,success,840,0,0,840,0,1095
017746,ok,success,790,0,0,790,0,1095
340006,ok,success,4864,0,0,4864,0,1095
501201,ok,success,1377,0,0,1377,0,1095
519935,ok,success,2421,0,0,2421,0,1095
540010,ok,success,3645,0,0,3645,0,1095
