t_date,n,partial_ic
2004-11-30,30,-0.02845402276261982
2004-12-31,33,-0.22187797785842686
2005-01-31,36,0.022712629099253284
2005-02-28,36,-0.1308135495504458
2005-03-31,36,-0.06013587636381645
2005-04-29,37,-0.1816006719131755
2005-05-31,39,-0.07983937189111724
2005-06-30,47,-0.10463121666566731
2005-07-29,56,-0.3603750516554329
2005-08-31,59,-0.22057751184807306
2005-09-30,63,-0.2625543836541664
2005-10-31,67,-0.12628576801764324
2005-11-30,67,-0.13111365440149197
2005-12-30,70,-0.20192311112542127
2006-01-25,70,-0.15132237795380354
2006-02-28,73,-0.15860049857564915
2006-03-31,76,-0.11103937509333991
2006-04-28,80,-0.0015206719224349894
2006-05-31,82,0.1176151852340939
2006-06-30,82,0.1446055853661644
2006-07-31,84,0.3000424344220841
2006-08-31,87,0.2492069443878049
2006-09-29,89,0.17752616012807299
2006-10-31,95,0.10281466394642277
2006-11-30,98,0.019630076220904933
2006-12-29,101,0.16291690552889676
2007-01-31,106,0.018218210888743546
2007-02-28,109,0.05124386797862905
2007-03-30,110,0.06736886984600013
2007-04-30,112,0.3647596651405561
2007-05-31,115,0.38887627108127154
2007-06-29,118,0.18689468665228756
2007-07-31,124,0.2929657030862934
2007-08-31,132,-0.11004567979836076
2007-09-28,137,0.08404324400615402
2007-10-31,146,-0.07686127003461275
2007-11-30,151,-0.07717217046939731
2007-12-28,164,-0.08099162587441495
2008-01-31,169,-0.0907944308466942
2008-02-29,173,-0.019148257099634945
2008-03-31,180,-0.20723853450956226
2008-04-30,183,-0.22796873990791786
2008-05-30,191,-0.2977279003997643
2008-06-30,195,-0.3084283248953339
2008-07-31,199,-0.26905231241571753
2008-08-29,207,-0.3395095500887235
2008-09-26,212,-0.12900339780384368
2008-10-31,214,0.029962978270293955
2008-11-28,215,0.1079994842782333
2008-12-31,218,0.20151394780738824
2009-01-23,219,0.27106484363800415
2009-02-27,221,0.18376535409351105
2009-03-31,221,0.24556611726193192
2009-04-30,221,0.2977773670607366
2009-05-27,224,0.21820079347620405
2009-06-30,227,0.02788572500077586
2009-07-31,242,-0.2396617843444352
2009-08-31,247,0.05146708277560561
2009-09-30,254,-0.25705671192009166
2009-10-30,257,-0.4203837364528084
2009-11-30,262,-0.34944296248036194
2009-12-31,270,-0.3554475865446423
2010-01-29,273,-0.2700699774954753
2010-02-26,276,-0.2600462701908423
2010-03-31,278,-0.19865355842558544
2010-04-30,282,-0.010900682267405091
2010-05-31,290,0.025252125071920047
2010-06-30,296,-0.04590481451146946
2010-07-30,302,-0.031099969452250985
2010-08-31,308,0.017938180069433145
2010-09-30,312,-0.021296800016073106
2010-10-29,315,0.0028924954943896756
2010-11-30,320,-0.0009564529405591542
2010-12-31,327,0.08293767874476221
2011-01-31,336,0.017264328565048923
2011-02-28,338,-0.02525731515466609
2011-03-31,340,-0.004946963294757135
2011-04-29,348,-0.0697265278146754
2011-05-31,353,-0.13477898248030445
2011-06-30,357,-0.09187133906735634
2011-07-29,363,-0.0017479796598283285
2011-08-31,374,0.0013501512188257528
2011-09-30,379,0.02171575167187771
2011-10-31,386,0.06645455387724038
2011-11-30,392,0.048498704188891135
2011-12-30,395,-0.023251162361456107
2012-01-31,397,-0.09287189500266882
2012-02-29,407,-0.16766682156549217
2012-03-30,417,-0.10695631293422135
2012-04-27,420,-0.10992985504454736
2012-05-31,425,-0.03520676322634844
2012-06-29,434,-0.07423287439055083
2012-07-31,442,-0.1190253383981245
2012-08-31,453,0.003266621630478787
2012-09-28,461,-0.03800838972922083
2012-10-31,474,-0.10167398392192056
2012-11-30,481,-0.12072584555581412
2012-12-31,486,-0.06851626688769413
2013-01-31,499,-0.0934251455081329
2013-02-28,501,-0.0946310484766713
2013-03-29,504,-0.13374511164142325
2013-04-26,512,-0.1463461114420457
2013-05-31,520,-0.01441295579761746
2013-06-28,523,-0.03472657824294961
2013-07-31,532,-0.09212816799180829
2013-08-30,545,-0.1161457110052296
2013-09-30,556,-0.13477601330894304
2013-10-31,571,-0.16806840203227139
2013-11-29,577,-0.12415193630478993
2013-12-31,578,-0.23354241921500848
2014-01-30,587,-0.21127016077155322
2014-02-28,590,-0.16613220155006406
2014-03-31,597,-0.1368487451609772
2014-04-30,603,-0.20155591185737512
2014-05-30,612,-0.27666818434648777
2014-06-30,620,-0.24141249021238095
2014-07-31,636,-0.1384206287402795
2014-08-29,645,-0.1311626895293802
2014-09-30,656,-0.03996022202693276
2014-10-31,663,0.00834842847618129
2014-11-28,673,0.138692680678859
2014-12-31,685,0.10378635338897513
2015-01-30,695,0.08945642130751703
2015-02-27,703,-0.017572591529808692
2015-03-31,710,-0.07760056834455686
2015-04-30,727,-0.07418711338149495
2015-05-29,745,-0.04442786803600295
2015-06-30,759,-0.07199468368088183
2015-07-31,777,-0.07106774950818122
2015-08-31,785,0.017047596670950474
2015-09-30,797,-0.0670507198807818
2015-10-30,812,0.019214237791641112
2015-11-30,824,0.05762747286344751
2015-12-31,840,0.05024233523950127
2016-01-29,859,-0.04279539920962753
2016-02-29,866,-0.02300207263848024
2016-03-31,898,-0.034571386950716876
2016-04-29,927,-0.024385746303513117
2016-05-31,994,-0.0800109166685586
2016-06-30,1077,-0.12126457375548849
2016-07-29,1152,-0.18626056053386
2016-08-31,1185,-0.14044974017619735
2016-09-30,1217,-0.17455726562138776
2016-10-31,1239,-0.14736449933890364
2016-11-30,1259,-0.07307067590268669
2016-12-30,1293,-0.07157889045999552
2017-01-26,1314,-0.09305258216733044
2017-02-28,1352,-0.06335999567654625
2017-03-31,1395,-0.08486148256865542
2017-04-28,1425,-0.038790769105606096
2017-05-31,1455,-0.034732275010974326
2017-06-30,1495,-0.03815903866534911
2017-07-31,1536,0.0018063993026193198
2017-08-31,1581,0.07940030600930038
2017-09-29,1617,0.04735828292834952
2017-10-31,1655,0.0019045900222396325
2017-11-30,1693,0.01152847966915269
2017-12-29,1743,-0.045247747010230197
2018-01-31,1804,-0.03554218610682056
2018-02-28,1837,-0.07586070792756659
2018-03-30,1878,-0.10884795605119524
2018-04-27,1910,-0.15245818912407147
2018-05-31,1945,-0.12742871754318189
2018-06-29,1987,-0.17326235596359232
2018-07-31,2017,-0.14107508243362624
2018-08-31,2044,0.04969279702964372
2018-09-28,2068,0.09610675398555579
2018-10-31,2085,0.14860198135740416
2018-11-30,2098,0.10522823087701032
2018-12-28,2120,0.1499439148538274
2019-01-31,2157,0.14891564846441094
2019-02-28,2170,0.1993563064263956
2019-03-29,2235,0.16919590615123045
2019-04-30,2269,0.22019322494653026
2019-05-31,2306,0.22944075088085075
2019-06-28,2330,0.23538445422239973
2019-07-31,2353,0.2247598241339083
2019-08-30,2388,0.08844845306694907
2019-09-30,2410,0.045903783590720844
2019-10-31,2443,0.01846365975864186
2019-11-29,2461,0.028616800628304722
2019-12-31,2473,-0.0014372001423952458
2020-01-23,2495,0.05470525831329006
2020-02-28,2517,0.10205369905682989
2020-03-31,2542,0.12422380881820236
2020-04-30,2574,0.0819051092655045
2020-05-29,2597,0.036887374399188565
2020-06-30,2606,0.026758759553918023
2020-07-31,2617,0.02909360794935373
2020-08-31,2642,0.004106919074099564
2020-09-30,2664,-0.04595112052416523
2020-10-30,2680,-0.06899284697999297
2020-11-30,2687,-0.00418262909133615
2020-12-31,2699,-0.04425167379266037
2021-01-29,2724,-0.03575631201907341
2021-02-26,2753,-0.0243229037368279
2021-03-31,2769,-0.028317299144452603
2021-04-30,2798,-0.053780019723592885
2021-05-31,2851,-0.05735208687084531
2021-06-30,2910,-0.048857979869453026
2021-07-30,2968,-0.037124273609356606
2021-08-31,3015,-0.07235879473632546
2021-09-30,3046,-0.09180054799244358
2021-10-29,3102,-0.06852834707235188
2021-11-30,3162,-0.044143449265347814
2021-12-31,3204,-0.06134845430875173
2022-01-28,3251,-0.016066040329510548
2022-02-28,3306,-0.023653713985965562
2022-03-31,3394,0.0012916923657089634
2022-04-29,3455,0.03821859177859653
2022-05-31,3535,-0.03323386802993592
2022-06-30,3614,-0.06404323607616956
2022-07-29,3684,-0.012730442892112599
2022-08-31,3752,-0.07930786881795902
2022-09-30,3830,-0.08019636711060854
2022-10-31,3898,-0.08652780133890857
2022-11-30,3970,-0.16351504070929876
2022-12-30,4050,-0.13376052595946725
2023-01-31,4096,-0.14343579676720983
2023-02-28,4159,-0.11086821296547353
2023-03-31,4252,-0.1448591807385171
2023-04-28,4313,-0.13701604499937572
2023-05-31,4356,-0.1142815226521355
2023-06-30,4406,-0.13981406616350242
2023-07-31,4429,-0.1798926228775136
2023-08-31,4456,-0.11380151497502547
2023-09-28,4490,-0.0789705380119013
2023-10-31,4508,0.03415759398792697
2023-11-30,4533,0.02485217925376126
2023-12-29,4568,0.012896857880530768
2024-01-31,4610,0.09696726338496618
2024-02-29,4631,-0.03566071737031797
2024-03-29,4655,0.15449225799800134
2024-04-30,4674,0.06264868445921916
2024-05-31,4700,0.007787467019375198
2024-06-28,4730,-0.0055963038904294484
2024-07-31,4766,0.046477802468066105
2024-08-30,4769,0.0550170271329915
2024-09-30,4767,-0.11958928511571333
2024-10-31,4781,0.0014218960008634785
2024-11-29,4794,0.046571027141735014
2024-12-31,4809,0.07382563853245051
2025-01-27,4811,0.09439050775476587
2025-02-28,4828,0.13404349387049974
