factor_set,variant,t_date,regime,r_gross,r_net,pool_ret,pool_ret_net,nav_gross,nav_net
size_growth_sector,orig_all,2015-04-30,bull,0.0,-0.00024999999999997247,0.12047294705564458,0.12021298570606209,1.0,0.99975
size_growth_sector,orig_all,2015-05-29,bull,0.20387157007062268,0.20357060217810496,0.1702299269876139,0.1698572790057835,1.2038715700706226,1.2032697095275604
size_growth_sector,orig_all,2015-06-30,bull,-0.17967848711802253,-0.179883567496243,-0.11845862088991652,-0.11872489174419254,0.9875617476759346,0.9868212615175748
size_growth_sector,orig_all,2015-07-31,bull,-0.1784155689522691,-0.178620965060031,-0.11759315101411079,-0.11782324458215065,0.8113653565888356,0.8105542954435483
size_growth_sector,orig_all,2015-08-31,bull,-0.13184829550401161,-0.1320653334301356,-0.10672464407124585,-0.10690928716931292,0.704388217291593,0.7035081721525674
size_growth_sector,orig_all,2015-09-30,bull,0.005550829529358447,0.005299441821976059,-0.0034214717818626126,-0.0035665525083813376,0.7082981562082673,0.7072363727821747
size_growth_sector,orig_all,2015-10-30,bull,0.151956843052051,0.15070888980541142,0.12725508028596794,0.12700996596344072,0.8159289079652641,0.8138231813541823
size_growth_sector,orig_all,2015-11-30,bull,0.07461747808293516,0.07345330914834536,0.05518302016847872,0.054993495236811185,0.8768114653725954,0.873601187086281
size_growth_sector,orig_all,2015-12-31,bull,0.04159398245903154,0.040465588978034095,0.034793600637231255,0.03461851182297759,0.9132815460831808,0.9089519736536371
size_growth_sector,orig_all,2016-01-29,mix,-0.22828900499233049,-0.22912502523692213,-0.20336814959161117,-0.203638980057799,0.7047894106499942,0.7006883297510973
size_growth_sector,orig_all,2016-02-29,mix,-0.01790513943804026,-0.01896907553698235,-0.017354311028180528,-0.017552273172559807,0.6921700579778518,0.6873969198961667
size_growth_sector,orig_all,2016-03-31,mix,0.13271122191521043,0.13148411809146898,0.11099033292873164,0.11071543039435472,0.7840287921452146,0.7777786976875063
size_growth_sector,orig_all,2016-04-29,mix,-0.010271364634593853,-0.011343570656239699,-0.011414223806501818,-0.01174529060349394,0.7759757465370709,0.76895591007537
size_growth_sector,orig_all,2016-05-31,bear,0.004259216603610213,0.003171269118956266,0.0017799843945536119,0.0013535139952918218,0.7792807953207204,0.771394476206831
size_growth_sector,orig_all,2016-06-30,bear,0.034766657183180526,0.033645659971232256,0.03822296711128016,0.03764724188633406,0.8063737835810721,0.7973485524569729
size_growth_sector,orig_all,2016-07-29,bear,0.0017588701557382548,0.0006736313797361948,-0.001349981174338771,-0.001688903474772463,0.8077920903633826,0.7978856714624951
size_growth_sector,orig_all,2016-08-31,bear,0.020235687429669347,0.019130432101620576,0.019018221799253613,0.018813310354274027,0.8241383186121353,0.8131495691252644
size_growth_sector,orig_all,2016-09-30,mix,-0.0005577083803984743,-0.0016404375296530382,-0.008042168216531774,-0.008180405646148858,0.8236786897652377,0.8118156480548501
size_growth_sector,orig_all,2016-10-31,mix,0.014126814323333556,0.013028176941149994,0.013386264918724685,0.013311314345967773,0.8353146456776379,0.822392125961303
size_growth_sector,orig_all,2016-11-30,mix,0.009747453501791159,0.008653560427164253,0.00922253741500714,0.00908498006760916,0.8434568363457459,0.8295087459181332
size_growth_sector,orig_all,2016-12-30,mix,-0.02959303436673059,-0.030644308579499957,-0.036242258068097666,-0.03643805262811328,0.8184963892009124,0.8040890239388239
size_growth_sector,orig_all,2017-01-26,mix,-0.005909414795442815,-0.006986346262747745,-0.0033888821805812923,-0.0035455085137007236,0.813659554528552,0.7984713795915124
size_growth_sector,orig_all,2017-02-28,mix,0.028517591718640645,0.027403364327612145,0.021351000130490013,0.02115753037801693,0.8368631655025682,0.8203521817116297
size_growth_sector,orig_all,2017-03-31,mix,0.005788119354309332,0.004698515558342109,0.00855828469797347,0.008397655120574443,0.8417070293877221,0.8242066192007217
size_growth_sector,orig_all,2017-04-28,mix,-0.006744844080645888,-0.007820870499558485,-0.00551403334408088,-0.005668850454690677,0.8360298467129182,0.8177606059670739
size_growth_sector,orig_all,2017-05-31,mix,-0.021976076907252923,-0.023035602823936685,-0.021310000466876956,-0.021479368678843258,0.8176571905047963,0.7989229974429546
size_growth_sector,orig_all,2017-06-30,mix,0.05720478579977662,0.056059480615160195,0.045074394009206216,0.04485169448840054,0.8644310949452704,0.8437102057311135
size_growth_sector,orig_all,2017-07-31,mix,0.022094579092887538,0.020987309965536882,0.010237028227165886,0.01007026874644712,0.88353033614289,0.8614174133398793
size_growth_sector,orig_all,2017-08-31,mix,0.02052043801075518,0.019414874202910104,0.01866551796823226,0.018501795781529884,0.9016607656363318,0.8781417240560693
size_growth_sector,orig_all,2017-09-29,mix,0.02912240665459911,0.028007524047390042,0.017957032420599987,0.017801428190906243,0.9279192971176903,0.9027362995095862
size_growth_sector,orig_all,2017-10-31,mix,0.048466913621173856,0.047331074464751044,0.025380788374533485,0.025207027972358853,0.9728926815385138,0.9454637785237082
size_growth_sector,orig_all,2017-11-30,bull,-0.01934785821046739,-0.020410231364072717,-0.02065054263328479,-0.020847831819023055,0.9540692918821053,0.9261666440576889
size_growth_sector,orig_all,2017-12-29,mix,0.03234022995258462,0.03122186137013605,0.012227062731329823,0.012028432461510974,0.9849241121722722,0.9550832906241022
size_growth_sector,orig_all,2018-01-31,bull,0.03527363541112652,0.03415208897276445,0.015628713767250623,0.015353743466663072,1.0196659662126644,0.9877013801418972
size_growth_sector,orig_all,2018-02-28,bull,-0.03372849755093713,-0.03477529167859028,-0.023286628430537835,-0.02344245437475867,0.9852741651684866,0.9533537765561165
size_growth_sector,orig_all,2018-03-30,mix,-0.01847276606574563,-0.019536087235841104,-0.0007678921857144683,-0.0009489337943044962,0.9670734260047064,0.9347289740106977
size_growth_sector,orig_all,2018-04-27,mix,-0.03301727767213372,-0.034064842287988895,-0.021772381290360555,-0.02191586286458347,0.9351432941689674,0.9028875789290096
size_growth_sector,orig_all,2018-05-31,mix,0.05483442013933156,0.053691682850847355,0.012029845291826059,0.011849813097138728,0.986421334451907,0.9513651324668354
size_growth_sector,orig_all,2018-06-29,mix,-0.05019720664923002,-0.05122615967536004,-0.04095437825828368,-0.041109817856816444,0.9369057388832155,0.9026303502815193
size_growth_sector,orig_all,2018-07-31,mix,-0.018676291575861207,-0.019739392259987443,-0.0049154317702618565,-0.00505076259138082,0.9194078141247348,0.8848129757315425
size_growth_sector,orig_all,2018-08-31,mix,-0.06527153895820594,-0.06628416145766791,-0.041638276339678454,-0.041782213021727355,0.8593966511666132,0.8261638895883133
size_growth_sector,orig_all,2018-09-28,mix,0.004264534015596643,0.003176580770413162,0.0014902794651026807,0.0013571536854370958,0.8630615774184032,0.8287882659131893
size_growth_sector,orig_all,2018-10-31,mix,-0.09194906485221205,-0.09293278669862215,-0.06437120816804939,-0.064529347531455,0.7837038724649059,0.7517666627787579
size_growth_sector,orig_all,2018-11-30,mix,0.021252470427975498,0.020146113585011838,0.014570461397620388,0.014484181799092388,0.8003595158387562,0.7669118393565241
size_growth_sector,orig_all,2018-12-28,bear,-0.023394914463941194,-0.02445290330660521,-0.026812175557183262,-0.02695910931761547,0.7816351734253072,0.7481586183040483
size_growth_sector,orig_all,2019-01-31,bear,0.02065234525073439,0.019546638543379347,0.02649575682155533,0.026359968942816447,0.7977777728870042,0.7627826043891517
size_growth_sector,orig_all,2019-02-28,bear,0.043345295270697644,0.0422150045341545,0.10232087740031606,0.10204759269671371,0.832357686013191,0.7949834754920139
size_growth_sector,orig_all,2019-03-29,mix,0.030423166245646425,0.029306874482213585,0.058184614631166344,0.057995004344052026,0.8576806422706119,0.8182819564236923
size_growth_sector,orig_all,2019-04-30,mix,-0.005075911770441411,-0.006153746199356713,-0.007663995189286275,-0.007823710655121774,0.8533271310032308,0.8132464569443478
size_growth_sector,orig_all,2019-05-31,mix,-0.023527745312374785,-0.024585590254952994,-0.03833760143545905,-0.03846418183144096,0.8332502675968473,0.7932523127776219
size_growth_sector,orig_all,2019-06-28,mix,0.02520264254175243,0.02409200634566555,0.033223023213189866,0.03310848018852042,0.8542503762389102,0.8123633525307742
size_growth_sector,orig_all,2019-07-31,mix,0.020794533288291152,0.01968867254389539,0.021426783450281463,0.021321199217902764,0.8720141141241454,0.8283577085654137
size_growth_sector,orig_all,2019-08-30,mix,0.030779275138035415,0.029662597589969142,0.023172703794575363,0.02305397391229458,0.8988540764670226,0.8529289499351385
size_growth_sector,orig_all,2019-09-30,mix,0.001410273413572977,0.00032541228404170397,0.010317412587662615,0.01023121676421579,0.9001217064737458,0.8532065034928621
size_growth_sector,orig_all,2019-10-31,mix,0.031630844854676106,0.03051324477275008,0.017818324556986728,0.017720894023312672,0.9285933165215431,0.879240602375642
size_growth_sector,orig_all,2019-11-29,bull,-0.006652676862532257,-0.007728803129264494,0.00038863038497760106,0.00031184129652350734,0.9224156852500182,0.8724451248566248
size_growth_sector,orig_all,2019-12-31,mix,0.06905450646280203,0.0678963640808008,0.058490703360082344,0.05835081677599896,0.9861126451485056,0.93168097669441
size_growth_sector,orig_all,2020-01-23,bull,0.04779167053816732,0.04665656289508435,0.025158025227429087,0.02501583994980683,1.0332406157989638,0.9751500087817063
size_growth_sector,orig_all,2020-02-28,bull,0.06029514864362834,0.0591464955659311,0.027642349483682382,0.027501684772613277,1.0955400123131962,1.0328267144522312
size_growth_sector,orig_all,2020-03-31,mix,-0.08108866057323406,-0.08208414785761309,-0.053474749042807586,-0.053650109832338644,1.0067041401103347,0.9480480137118416
size_growth_sector,orig_all,2020-04-30,mix,0.09693134345594139,0.09574300116719736,0.06264604303301975,0.06248880673227153,1.1042853248738878,1.0388169757952135
size_growth_sector,orig_all,2020-05-29,mix,0.034496809764378675,0.03337610488713394,0.01918749664965519,0.019058051516528396,1.1423796456516575,1.0734886401378898
size_growth_sector,orig_all,2020-06-30,mix,0.15844678029633874,0.15719179628435098,0.09085964436137549,0.0906406820050103,1.323386022381235,1.24223224777201
size_growth_sector,orig_all,2020-07-31,mix,0.12340666049377319,0.12218963661157156,0.11301185831677421,0.11278141568865596,1.486700671947441,1.3940201547144477
size_growth_sector,orig_all,2020-08-31,bull,-0.023466321611834803,-0.024524233096755332,0.01955488265663949,0.019435995683287466,1.4518132758389914,1.3598328794986556
size_growth_sector,orig_all,2020-09-30,bull,-0.05621584039155877,-0.05723827323113462,-0.03419678281572953,-0.03432630799459191,1.3701983724460807,1.281998393593231
size_growth_sector,orig_all,2020-10-30,mix,0.03086223678438609,0.029745469361202925,0.020589552015514347,0.02049402914445908,1.412485759058092,1.32013203753097
size_growth_sector,orig_all,2020-11-30,mix,-0.016391607907177114,-0.017457183665277598,0.021305422719408766,0.021176691601645592,1.3893328463211403,1.2970862500893747
size_growth_sector,orig_all,2020-12-31,bull,0.13744659387175298,0.13621436006172538,0.07356983699190324,0.07334389534318797,1.5802919138021287,1.473768023590162
size_growth_sector,orig_all,2021-01-29,bull,0.04805871345696014,0.046923316517381686,0.0276223589101166,0.02747414128103509,1.6562387100658964,1.5429221070342791
size_growth_sector,orig_all,2021-02-26,bull,-0.05230178070862814,-0.05332845377952711,-0.018798835239821402,-0.018946587969852047,1.5696144762508888,1.460640456763891
size_growth_sector,orig_all,2021-03-31,bull,-0.05462536781087816,-0.05564952366241638,-0.03229126315963078,-0.032430640468819494,1.4838737081644051,1.3793565111029262
size_growth_sector,orig_all,2021-04-30,bull,0.07285393779241091,0.07169167935980236,0.04062488826000652,0.040445007790545384,1.5919797509908087,1.478244895819773
size_growth_sector,orig_all,2021-05-31,bull,0.07612162633385243,0.07495582790532418,0.03804067909666406,0.03783383410307928,1.7131638387267905,1.5890479658327636
size_growth_sector,orig_all,2021-06-30,bull,0.04866320153911143,0.0475271497374441,0.024980474004477154,0.02478376728016607,1.7965318758802702,1.6645708864448783
size_growth_sector,orig_all,2021-07-30,bull,0.028648356024853754,0.02753398697249354,-0.006326060223094407,-0.006591224944835439,1.8479995606704867,1.7104031595470435
size_growth_sector,orig_all,2021-08-31,mix,0.05302328984803561,0.051882514617366926,0.014797341437092562,0.014595929390069484,1.9459865770149603,1.7991431764738335
size_growth_sector,orig_all,2021-09-30,mix,-0.05207061426593287,-0.053097537767144765,-0.016544060835633777,-0.01675892606599838,1.8446578605965311,1.7036131037125133
size_growth_sector,orig_all,2021-10-29,mix,0.0689512442615068,0.06779321374689018,0.013936508781646213,0.01377959690823971,1.9718493153214312,1.8191065109944986
size_growth_sector,orig_all,2021-11-30,mix,0.011294329825256291,0.010198760967945697,0.019140513661632556,0.018977471535425616,1.9941200318543773,1.837659143475365
size_growth_sector,orig_all,2021-12-31,mix,-0.06996026167630985,-0.07096780472616049,-0.007919070579300792,-0.00810728427812868,1.8546108726118737,1.707244508227962
size_growth_sector,orig_all,2022-01-28,mix,-0.12210549930818469,-0.12305655168393415,-0.07895705298503097,-0.07916999514768919,1.6281526859892128,1.497156886164095
size_growth_sector,orig_all,2022-02-28,mix,0.05226659463829672,0.05112663916077187,0.009331004631546265,0.009177785825467133,1.713250682437065,1.5737014860500713
size_growth_sector,orig_all,2022-03-31,mix,-0.10187594954740153,-0.10284891726872514,-0.06624488506718197,-0.06646742454887533,1.5387116423510554,1.4118479921056377
size_growth_sector,orig_all,2022-04-29,mix,-0.10641893441742521,-0.10738698057180629,-0.05537709430279401,-0.05560463707003349,1.3749635889963698,1.2602338992070459
size_growth_sector,orig_all,2022-05-31,mix,0.09150966426503904,0.09032719546208523,0.04253774653995665,0.042353332855799675,1.5007860454020807,1.3740672929486666
size_growth_sector,orig_all,2022-06-30,bear,0.11868276242720965,0.11747085610124675,0.08189815060355946,0.08164809954007346,1.6789034790826072,1.535480154192069
size_growth_sector,orig_all,2022-07-29,mix,0.0014241976162888837,0.0003393214022047175,-0.022135192793972268,-0.02231408244028732,1.681294569415496,1.536001175471047
size_growth_sector,orig_all,2022-08-31,mix,-0.038845121419145465,-0.03988637253760796,-0.02666692066781473,-0.026867891101188146,1.6159844777252013,1.474735660368005
size_growth_sector,orig_all,2022-09-30,mix,-0.05598783668424879,-0.05701051652784084,-0.04874290850178709,-0.048935826494898915,1.5255090027020417,1.3906602186283987
size_growth_sector,orig_all,2022-10-31,bear,-0.027845489045255568,-0.028898656432123193,-0.02331249772754602,-0.02351545973931779,1.4830304584788634,1.3504720067564353
size_growth_sector,orig_all,2022-11-30,bear,0.035765465620852706,0.03464338636643016,0.03251421630050147,0.032265888662590836,1.5360717333562668,1.3972569302635467
size_growth_sector,orig_all,2022-12-30,bear,-0.03451510813517761,-0.035561050101364455,-0.010205201778692049,-0.010371142346058404,1.4830540513760857,1.347569006561966
size_growth_sector,orig_all,2023-01-31,bear,0.05412897185125684,0.05298699879841795,0.05151851620545764,0.05135488716972936,1.5633302423769142,1.4189726438934502
size_growth_sector,orig_all,2023-02-28,mix,0.01172631920569347,0.010630282359887389,-0.012103255063683534,-0.012270875009658622,1.5816623518229402,1.4340567237589936
size_growth_sector,orig_all,2023-03-31,mix,-0.00937964429456998,-0.010452816346584126,-0.00853409551913082,-0.008728496599413882,1.566826921568728,1.4190667921949567
size_growth_sector,orig_all,2023-04-28,mix,-0.005614451508533339,-0.006691702519399101,-0.013597932547377864,-0.013750298682049578,1.558030047795316,1.40957081936643
size_growth_sector,orig_all,2023-05-31,mix,-0.027782528027013084,-0.028835763621650523,-0.030538179790954842,-0.03067212603380498,1.514744034325514,1.3689247684112034
size_growth_sector,orig_all,2023-06-30,mix,0.0023206918003638908,0.0012348443842469248,0.013385905890088824,0.013268767439915008,1.5182592883856236,1.3706151774739324
size_growth_sector,orig_all,2023-07-31,mix,-0.038559803309628944,-0.039601363522710153,-0.0060960174897541995,-0.0062641485263768,1.4597155088524567,1.3163369475810434
size_growth_sector,orig_all,2023-08-31,mix,-0.04268850791228223,-0.0437255953620439,-0.0399494890045752,-0.04006670235644283,1.3974024318031275,1.2587793308510067
size_growth_sector,orig_all,2023-09-28,mix,-0.023997201108983457,-0.025054537474448746,-0.017651817524713245,-0.01774626192540596,1.3638686846169652,1.2272411969341386
size_growth_sector,orig_all,2023-10-31,mix,-0.03111496542058223,-0.03216459087470991,-0.021825917617422575,-0.021941600052471033,1.3214319576568934,1.1877674859301628
size_growth_sector,orig_all,2023-11-30,mix,0.020419481544724446,0.0193140271063843,0.0021578660799209206,0.002055033786399596,1.3484149131288774,1.2107080593494999
size_growth_sector,orig_all,2023-12-29,mix,-0.007200324579510652,-0.008275857561216182,-0.01721243031077456,-0.017321889402962865,1.3387058880864968,1.2006884119021068
size_growth_sector,orig_all,2024-01-31,mix,-0.13796172223410338,-0.13889559703501642,-0.11040852923736638,-0.11066174757105174,1.1540157182011488,1.033918078077938
size_growth_sector,orig_all,2024-02-29,bear,0.08702405062331835,0.08584644123514318,0.08910933822513496,0.08893854687610259,1.2544428404819907,1.1226762656096079
size_growth_sector,orig_all,2024-03-29,mix,0.024474529972966678,0.023364682565496064,0.01446490479431417,0.014369676798191566,1.2851447393807407,1.148907240179393
size_growth_sector,orig_all,2024-04-30,mix,0.013590367381933656,0.01249231115060323,0.01729269415817638,0.01719481950512125,1.3026103285278845,1.1632597469068948
size_growth_sector,orig_all,2024-05-31,mix,0.0013918837681156562,0.00030704256070035463,-0.008681146143550247,-0.008787331653188124,1.3044234107003423,1.1636169171583448
size_growth_sector,orig_all,2024-06-28,mix,-0.01118331661471615,-0.012254534688383556,-0.026213090648857282,-0.026357306527218127,1.2898356306988323,1.149357333283038
size_growth_sector,orig_all,2024-07-31,mix,-0.021148474177385922,-0.022208896663693745,-0.016194807844556527,-0.016300396291564878,1.2625575751699258,1.1238313750384965
size_growth_sector,orig_all,2024-08-30,mix,-0.02555621418089614,-0.026611861615533527,-0.03137099691934178,-0.03147622261562211,1.2302913833631703,1.0939241300067772
size_growth_sector,orig_all,2024-09-30,mix,0.11957317349268733,0.11836030255473684,0.1436349950521585,0.14339616481655093,1.377401228392613,1.2234013210063066
size_growth_sector,orig_all,2024-10-31,mix,-0.028424237695238264,-0.029476778104401746,-0.005013311204183129,-0.0051587176018415,1.338249648475068,1.1873393917343718
size_growth_sector,orig_all,2024-11-29,mix,-0.02114199700478164,-0.022202426508026396,0.0022380848408222838,0.0021432848665303705,1.3099563784153583,1.1609775761493046
size_growth_sector,orig_all,2024-12-31,mix,0.011933388422345535,0.010837127251554834,-0.005917312848309484,-0.006033856271267957,1.3255885966953178,1.1735592378782362
size_growth_sector,orig_all,2025-01-27,mix,0.007448059047674035,0.0063566569837056885,-0.0003065945588188765,-0.00040172047581610304,1.3354616588364279,1.1810191514034873
size_growth_sector,orig_all,2025-02-28,mix,0.014954601112527643,0.013855066961322438,0.031320520842421776,0.031184954174252377,1.3554329552454012,1.1973822508287868
size_growth_sector,orig,2015-04-30,bull,0.0,-0.00024999999999997247,0.12047294705564458,0.12021298570606209,1.0,0.99975
size_growth_sector,orig,2015-05-29,bull,0.20387157007062268,0.20357060217810496,0.1702299269876139,0.1698572790057835,1.2038715700706226,1.2032697095275604
size_growth_sector,orig,2015-06-30,bull,-0.17967848711802253,-0.179883567496243,-0.11845862088991652,-0.11872489174419254,0.9875617476759346,0.9868212615175748
size_growth_sector,orig,2015-07-31,bull,-0.1784155689522691,-0.178620965060031,-0.11759315101411079,-0.11782324458215065,0.8113653565888356,0.8105542954435483
size_growth_sector,orig,2015-08-31,bull,-0.13184829550401161,-0.1320653334301356,-0.10672464407124585,-0.10690928716931292,0.704388217291593,0.7035081721525674
size_growth_sector,orig,2015-09-30,bull,0.005550829529358447,0.005299441821976059,-0.0034214717818626126,-0.003561091427117913,0.7082981562082673,0.7072363727821747
size_growth_sector,orig,2015-10-30,bull,0.151956843052051,0.15070888980541142,0.12739771703533095,0.1271584654961435,0.8159289079652641,0.8138231813541823
size_growth_sector,orig,2015-11-30,bull,0.07461747808293516,0.07345330914834536,0.055451071635045784,0.05525479171662506,0.8768114653725954,0.873601187086281
size_growth_sector,orig,2015-12-31,bull,0.04159398245903154,0.040465588978034095,0.03487614709185821,0.03474673765255365,0.9132815460831808,0.9089519736536371
size_growth_sector,orig,2016-01-29,mix,-0.22828900499233049,-0.22912502523692213,-0.20374834540157952,-0.20402994315766476,0.7047894106499942,0.7006883297510973
size_growth_sector,orig,2016-02-29,mix,-0.01790513943804026,-0.01896907553698235,-0.01741284604477807,-0.017563772885593187,0.6921700579778518,0.6873969198961667
size_growth_sector,orig,2016-03-31,mix,0.13271122191521043,0.13148411809146898,0.11134030401621095,0.1110309071471749,0.7840287921452146,0.7777786976875063
size_growth_sector,orig,2016-04-29,mix,-0.010343991236625627,-0.011416118579452683,-0.011394600000562725,-0.011610388767915758,0.7759188051900023,0.7688994838461335
size_growth_sector,orig,2016-05-31,bear,0.004282934901486723,0.00319496172201017,0.00179957429668866,0.0013275819279381373,0.7792420149214705,0.7713560882650953
size_growth_sector,orig,2016-06-30,bear,0.03505685556034666,0.03393554396682297,0.03809082093340896,0.037561478860155706,0.8065597896851261,0.797532476712492
size_growth_sector,orig,2016-07-29,bear,0.0018740759966582672,0.0007887124143284296,-0.001344955462241783,-0.0017352581982469362,0.8080713440268447,0.7981615004777052
size_growth_sector,orig,2016-08-31,bear,0.020233822635379806,0.019128569327524714,0.019049967622307835,0.01882638718967189,0.8244217162786168,0.8134291880741541
size_growth_sector,orig,2016-09-30,mix,-0.0005105494386943348,-0.0015933296768023686,-0.00804678580485297,-0.008241048603519818,0.8240008082341234,0.8121331272088183
size_growth_sector,orig,2016-10-31,mix,0.013748746081828711,0.012650518273573219,0.013411839824572775,0.01333153259161124,0.8353297861177559,0.8224070321751475
size_growth_sector,orig,2016-11-30,mix,0.009397698620234695,0.008304184446729312,0.00923816087914222,0.00911772850694792,0.8431799636961956,0.8292364518606172
size_growth_sector,orig,2016-12-30,mix,-0.029412087692165866,-0.030463557930499374,-0.03635640825455861,-0.03653631226520315,0.818380280663686,0.8039749591712796
size_growth_sector,orig,2017-01-26,mix,-0.006260366411798553,-0.007336917681519006,-0.0033825823973522157,-0.0035609380877476005,0.8132569202425408,0.7980762610778374
size_growth_sector,orig,2017-02-28,mix,0.028171100052437323,0.02705724802738052,0.021397368721874817,0.021216788776716733,0.8361672623110306,0.8196700084185848
size_growth_sector,orig,2017-03-31,mix,0.005766832550425605,0.004677251815162764,0.008613613176137727,0.008439850832181905,0.8409892988969261,0.8235038114532951
size_growth_sector,orig,2017-04-28,mix,-0.006562839139394675,-0.007639062730326995,-0.0055871187965433975,-0.0057322727477711055,0.8354700214103132,0.81721301417894
size_growth_sector,orig,2017-05-31,mix,-0.021908215707810198,-0.02296781514079338,-0.021426034728209174,-0.021597329630720474,0.8171663639638472,0.7984434167386275
size_growth_sector,orig,2017-06-30,mix,0.05716441804807897,0.05601915659519352,0.04511161974154028,0.04486445382803517,0.8638792036083053,0.84317154353331
size_growth_sector,orig,2017-07-31,mix,0.022094579092887538,0.020987309965536882,0.010199940551074647,0.010047334826974952,0.8829662509991296,0.8608674460715637
size_growth_sector,orig,2017-08-31,mix,0.020626810450359617,0.019521131405704883,0.018689699835846015,0.01852935659289412,0.9011790284925533,0.8776725526092203
size_growth_sector,orig,2017-09-29,mix,0.029260818491826285,0.028145785938460177,0.017967791018249708,0.017800674448355647,0.9275482644739143,0.9023753363990213
size_growth_sector,orig,2017-10-31,mix,0.04869005033620268,0.04755396944833845,0.0253955123123795,0.025233303576850608,0.9727106361604065,0.9452868655770745
size_growth_sector,orig,2017-11-30,bull,-0.019749484334023005,-0.020811422392661094,-0.020738150853674715,-0.020937972501147595,0.9535001026900191,0.9256141013353154
size_growth_sector,orig,2017-12-29,mix,0.032385540887042555,0.03126712321774838,0.012225204483997618,0.012020674910460993,0.9843797192514859,0.9545553914938522
size_growth_sector,orig,2018-01-31,bull,0.03510304220949723,0.03398168058043716,0.015633349737796957,0.015364054344377376,1.018934442086544,0.9869927879039304
size_growth_sector,orig,2018-02-28,bull,-0.033769084038300784,-0.03481583419725931,-0.02322934208191526,-0.02338060870124392,0.9845259592822044,0.9526298106463764
size_growth_sector,orig,2018-03-30,mix,-0.018773645664041043,-0.019836640881238377,-0.0007307864815852225,-0.0009175756662864742,0.9660428177755902,0.9337328351998221
size_growth_sector,orig,2018-04-27,mix,-0.0329987728094103,-0.034046357472200084,-0.02177525119363518,-0.02193115354001507,0.9341645903076509,0.9019426333090781
size_growth_sector,orig,2018-05-31,mix,0.05488987399343342,0.05374707662994038,0.012012930002204509,0.011830271537636161,0.9854407669587651,0.9504194131373513
size_growth_sector,orig,2018-06-29,mix,-0.05019720664923002,-0.05122615967536004,-0.04095437825828368,-0.041107923198979046,0.9359743931391603,0.9017330765214154
size_growth_sector,orig,2018-07-31,mix,-0.018676291575861207,-0.019739392259987443,-0.004918251421928391,-0.005056013851140073,0.9184938624653536,0.883933413610154
size_growth_sector,orig,2018-08-31,mix,-0.06527153895820594,-0.06628416145766791,-0.041638276339678454,-0.041782213021727355,0.8585423545385732,0.825342628504591
size_growth_sector,orig,2018-09-28,mix,0.004264534015596643,0.003176580770413162,0.0014902794651026807,0.0013571536854370958,0.8622036376133334,0.8279643960273009
size_growth_sector,orig,2018-10-31,mix,-0.09194906485221205,-0.09293278669862215,-0.06437120816804939,-0.064529347531455,0.7829248194226118,0.7510193574172422
size_growth_sector,orig,2018-11-30,mix,0.021252470427975498,0.020146113585011838,0.014570461397620388,0.014484181799092388,0.7995639059947189,0.7661494786963126
size_growth_sector,orig,2018-12-28,bear,-0.023394914463941194,-0.02445290330660521,-0.026812175557183262,-0.02695910931761547,0.7808581768055178,0.7474148995753457
size_growth_sector,orig,2019-01-31,bear,0.02065234525073439,0.019546638543379347,0.02649575682155533,0.026359968942816447,0.7969847294647644,0.7620243484592811
size_growth_sector,orig,2019-02-28,bear,0.043345295270697644,0.0422150045341545,0.10232087740031606,0.10204759269671371,0.8315302678896517,0.7941932097846258
size_growth_sector,orig,2019-03-29,mix,0.030423166245646425,0.029306874482213585,0.058184614631166344,0.057995004344052026,0.8568280514679455,0.8174685304984102
size_growth_sector,orig,2019-04-30,mix,-0.005075911770441411,-0.006153746199356713,-0.007663995189286275,-0.007823710655121774,0.8524788678762549,0.8124380366357619
size_growth_sector,orig,2019-05-31,mix,-0.023527745312374785,-0.024585590254952994,-0.03833760143545905,-0.03846418183144096,0.8324219621886808,0.7924637679594966
size_growth_sector,orig,2019-06-28,mix,0.02520264254175243,0.02409200634566555,0.033223023213189866,0.03310848018852042,0.8534011953456263,0.8115558100858868
size_growth_sector,orig,2019-07-31,mix,0.020794533288291152,0.01968867254389539,0.021426783450281463,0.021321199217902764,0.8711472749105084,0.8275342666817637
size_growth_sector,orig,2019-08-30,mix,0.030779275138035415,0.029662597589969142,0.023172703794575363,0.02305397391229458,0.8979605565707286,0.852081082626255
size_growth_sector,orig,2019-09-30,mix,0.001410273413572977,0.00032541228404170397,0.010317412587662615,0.01023121676421579,0.8992269264700975,0.8523583602775412
size_growth_sector,orig,2019-10-31,mix,0.031630844854676106,0.03051324477275008,0.017818324556986728,0.017720894023312672,0.9276702338704204,0.8783665795587897
size_growth_sector,orig,2019-11-29,bull,-0.006652676862532257,-0.007728803129264494,0.00038863038497760106,0.00031184129652350734,0.9214987435694908,0.8715778571900544
size_growth_sector,orig,2019-12-31,mix,0.06905450646280203,0.0678963640808008,0.058490703360082344,0.05835081677599896,0.9851323845127742,0.9307548247065945
size_growth_sector,orig,2020-01-23,bull,0.04779167053816732,0.04665656289508435,0.025158025227429087,0.02501583994980683,1.0322135068698879,0.974180645725421
size_growth_sector,orig,2020-02-28,bull,0.06029514864362834,0.0591464955659311,0.027642349483682382,0.027501684772613277,1.0944509736985686,1.0318000169682355
size_growth_sector,orig,2020-03-31,mix,-0.08108866057323406,-0.08208414785761309,-0.053474749042807586,-0.053650109832338644,1.0057034101782798,0.9471055918159272
size_growth_sector,orig,2020-04-30,mix,0.09693134345594139,0.09574300116719736,0.06264604303301975,0.06248880673227153,1.103187592845082,1.0377843235986186
size_growth_sector,orig,2020-05-29,mix,0.034496809764378675,0.03337610488713394,0.01918749664965519,0.019058051516528396,1.1412440453698818,1.0724215220332693
size_growth_sector,orig,2020-06-30,mix,0.15844678029633874,0.15719179628435098,0.09085964436137549,0.0906406820050103,1.3220704898911082,1.2409973874556766
size_growth_sector,orig,2020-07-31,mix,0.12340666049377319,0.12218963661157156,0.11301185831677421,0.11278141568865596,1.4852227939859366,1.3926344072647954
size_growth_sector,orig,2020-08-31,bull,-0.023466321611834803,-0.024524233096755332,0.01955488265663949,0.019435995683287466,1.4503700782370348,1.358481116442472
size_growth_sector,orig,2020-09-30,bull,-0.05621584039155877,-0.05723827323113462,-0.03419678281572953,-0.03432630799459191,1.368836305410169,1.280724003120201
size_growth_sector,orig,2020-10-30,mix,0.03086223678438609,0.029745469361202925,0.020589552015514347,0.02049402914445908,1.411081655586802,1.31881973971517
size_growth_sector,orig,2020-11-30,mix,-0.016391607907177114,-0.017457183665277598,0.021305422719408766,0.021176691601645592,1.387951758363413,1.2957968612975685
size_growth_sector,orig,2020-12-31,bull,0.13744659387175298,0.13621436006172538,0.07356983699190324,0.07334389534318797,1.5787210000087744,1.4723030015292091
size_growth_sector,orig,2021-01-29,bull,0.04805871345696014,0.046923316517381686,0.0276223589101166,0.02747414128103509,1.6545923001766816,1.5413883412794553
size_growth_sector,orig,2021-02-26,bull,-0.05230178070862814,-0.05332845377952711,-0.018798835239821402,-0.018946587969852047,1.5680541765306562,1.4591884843652319
size_growth_sector,orig,2021-03-31,bull,-0.05462536781087816,-0.05564952366241638,-0.03229126315963078,-0.032430640468819494,1.4823986403902853,1.3779853402766233
size_growth_sector,orig,2021-04-30,bull,0.07285393779241091,0.07169167935980236,0.04062488826000652,0.040445007790545384,1.5903972187208337,1.4767754234542432
size_growth_sector,orig,2021-05-31,bull,0.07612162633385243,0.07495582790532418,0.03804067909666406,0.03783383410307928,1.7114608415266992,1.5874683479494918
size_growth_sector,orig,2021-06-30,bull,0.04866320153911143,0.0475271497374441,0.024980474004477154,0.02478376728016607,1.7947460053842104,1.6629161938259402
size_growth_sector,orig,2021-07-30,bull,0.028648356024853754,0.02753398697249354,-0.006326060223094407,-0.006591224944835439,1.8461625279206415,1.7087029066430923
size_growth_sector,orig,2021-08-31,mix,0.05302328984803561,0.051882514617366926,0.014797341437092562,0.014598715617393898,1.94405213874516,1.79735471017374
size_growth_sector,orig,2021-09-30,mix,-0.05207061426593287,-0.053097537767144765,-0.016551423933880382,-0.016767758751850548,1.842824149715699,1.7019196005693342
size_growth_sector,orig,2021-10-29,mix,0.0689512442615068,0.06779321374689018,0.01392473848786245,0.013789488625359114,1.9698891677937496,1.8172981998307531
size_growth_sector,orig,2021-11-30,mix,0.011294329825256291,0.010198760967945697,0.019197611048643554,0.019014175788384824,1.992137745774012,1.835832389778305
size_growth_sector,orig,2021-12-31,mix,-0.06996026167630985,-0.07096780472616049,-0.007932036951338053,-0.008106745833520002,1.852767267784408,1.7055473952305578
size_growth_sector,orig,2022-01-28,mix,-0.12210549930818469,-0.12305655168393415,-0.07887682770774349,-0.07908535324534849,1.6265341954497317,1.4956686140399693
size_growth_sector,orig,2022-02-28,mix,0.05226659463829672,0.05112663916077187,0.009346965833922393,0.009196903578380988,1.7115475989086308,1.5721371235740826
size_growth_sector,orig,2022-03-31,mix,-0.10187594954740153,-0.10284891726872514,-0.06610334265085584,-0.06630474860743552,1.537182062074239,1.4104445226165203
size_growth_sector,orig,2022-04-29,mix,-0.106808073479441,-0.10777569806650489,-0.055366031751128746,-0.055566939002639204,1.372998607436935,1.2584328796074467
size_growth_sector,orig,2022-05-31,mix,0.09174829759148949,0.09056557026909862,0.042682730972620625,0.04268273097262054,1.4989688922647593,1.372403570994479
size_growth_sector,orig,2022-06-30,bear,0.1012815888228601,0.10008853376830218,0.0,0.0,1.6507868432693769,1.5097654321536984
size_growth_sector,orig,2022-07-29,mix,0.0011135119548499894,2.8972316898912e-05,0.0,0.0,1.6526250141542664,1.5098091735562418
size_growth_sector,orig,2022-08-31,mix,-0.023170821848168696,-0.024229053457833105,0.0,0.0,1.6143323343694707,1.4732279263790207
size_growth_sector,orig,2022-09-30,mix,-0.021399817051003106,-0.022459967249197854,0.0,0.0,1.579785917754445,1.4401392754019442
size_growth_sector,orig,2022-10-31,bear,-0.004700528164869488,-0.005778769259357497,0.0,0.0,1.5723600895535763,1.431817042828058
size_growth_sector,orig,2022-11-30,bear,0.00036705287918521165,-0.0007166780947671647,0.03234997007983651,0.03209346598148022,1.5729372288515628,1.430790890917749
size_growth_sector,orig,2022-12-30,bear,-0.011324160348599547,-0.012395225841555169,-0.010171670236164686,-0.010366108140067998,1.555125035453766,1.4130559146927835
size_growth_sector,orig,2023-01-31,bear,0.02411014101393145,0.02300068836116642,0.05168985171165638,0.05154874098767426,1.5926193193528515,1.445557173423535
size_growth_sector,orig,2023-02-28,mix,0.009153513086699892,0.008060263447522642,-0.012056143816497,-0.012215583769863758,1.6071973811346791,1.457208745069785
size_growth_sector,orig,2023-03-31,mix,-0.00588873671141875,-0.006965690579981421,-0.008375851132614619,-0.00861354337188125,1.5977330189138952,1.447058279841186
size_growth_sector,orig,2023-04-28,mix,-0.005797073726498961,-0.006874126896628585,-0.01366222943145323,-0.013837553281882076,1.5884708428079897,1.4371110175987405
size_growth_sector,orig,2023-05-31,mix,-0.0276501887347238,-0.028703567696927834,-0.030538179790954842,-0.03067212603380498,1.544549324204743,1.3958608042170941
size_growth_sector,orig,2023-06-30,mix,0.0024230169062191514,0.0013370586379040095,0.013385905890088824,0.013268767439915008,1.5482917933297804,1.3977271519626842
size_growth_sector,orig,2023-07-31,mix,-0.03753182407749081,-0.038574497934740215,-0.0060960174897541995,-0.0062641485263768,1.4901815781219043,1.3438105288259692
size_growth_sector,orig,2023-08-31,mix,-0.04253027063622187,-0.04356752950969922,-0.0399494890045752,-0.04006670235644283,1.4268037523072676,1.2852640239558992
size_growth_sector,orig,2023-09-28,mix,-0.023997201108983457,-0.025054537474448746,-0.017651817524713245,-0.01774626192540596,1.3925644557200978,1.2530623283031355
size_growth_sector,orig,2023-10-31,mix,-0.03111496542058223,-0.03216459087470991,-0.021825917617422575,-0.021941600052471033,1.3492348608344351,1.2127580911727536
size_growth_sector,orig,2023-11-30,mix,0.020419481544724446,0.0193140271063843,0.0021578660799209206,0.0020576489609183124,1.3767855371747428,1.236181333819151
size_growth_sector,orig,2023-12-29,mix,-0.007200324579510652,-0.008275857561216182,-0.01721958835836456,-0.017331889731232675,1.3668722344307087,1.2259508731806295
size_growth_sector,orig,2024-01-31,mix,-0.13796172223410338,-0.13889559703501642,-0.11040852923736638,-0.11066112702493525,1.178296186894671,1.0556716947146063
size_growth_sector,orig,2024-02-29,bear,0.08702405062331835,0.08584644123514318,0.08911425526948306,0.0889426479151425,1.280836293912256,1.1462973528185278
size_growth_sector,orig,2024-03-29,mix,0.024474529972966678,0.023364682565496064,0.01446490479431417,0.014370384671458236,1.312184160178075,1.173080226592801
size_growth_sector,orig,2024-04-30,mix,0.013590367381933656,0.01249231115060323,0.017288883678420523,0.017190170978016672,1.3300172249876492,1.1877347097880184
size_growth_sector,orig,2024-05-31,mix,0.0013918837681156562,0.00030704256070035463,-0.008681146143550247,-0.008787331653188124,1.331868454374424,1.1880993948947445
size_growth_sector,orig,2024-06-28,mix,-0.01118331661471615,-0.012254534688383556,-0.026213090648857282,-0.02635330189277696,1.316973747760002,1.1735397896467594
size_growth_sector,orig,2024-07-31,mix,-0.021162489727216977,-0.022222897030012567,-0.01618869511413387,-0.01629738556884719,1.2891033043520166,1.1474603357408169
size_growth_sector,orig,2024-08-30,mix,-0.02555363703568392,-0.026609287262228554,-0.03137459451108978,-0.03147756208615626,1.2561620264111044,1.1169272340450762
size_growth_sector,orig,2024-09-30,mix,0.11979206428739313,0.11857895621774839,0.14360199352186478,0.14335960709573548,1.4066402686343253,1.249371299629318
size_growth_sector,orig,2024-10-31,mix,-0.02838937059850964,-0.029441948780361216,-0.005013311204183129,-0.0051587176018415,1.3667066367492784,1.2125873738179784
size_growth_sector,orig,2024-11-29,mix,-0.02109841464607329,-0.0221588913635401,0.0022380848408222838,0.0021432848665303705,1.3378712934276018,1.1857177819327454
size_growth_sector,orig,2024-12-31,mix,0.011980668242731272,0.010884355852134986,-0.005917312848309484,-0.006033856271267957,1.3538998855456317,1.1986235562115055
size_growth_sector,orig,2025-01-27,mix,0.007448059047674035,0.0063566569837056885,-0.0003065945588188765,-0.00040172047581610304,1.3639838118378147,1.2062427950109316
size_growth_sector,orig,2025-02-28,mix,0.014954601112527643,0.013855066961322438,0.031320520842421776,0.031184954174252377,1.3843816456677942,1.2229553697074207
size_growth_sector,neutral,2015-04-30,bull,0.0,-0.00024999999999997247,0.12047294705564458,0.12021298570606209,1.0,0.99975
size_growth_sector,neutral,2015-05-29,bull,0.20704657250080213,0.20674481085767704,0.1702299269876139,0.1698572790057835,1.2070465725008022,1.2064431246549627
size_growth_sector,neutral,2015-06-30,bull,-0.1644838227183677,-0.16469270176268813,-0.11845862088991652,-0.11872489174419254,1.0085069380567668,1.0077507469325173
size_growth_sector,neutral,2015-07-31,bull,-0.16689432558596093,-0.1671026020045644,-0.11759315101411079,-0.11782324458215065,0.8401928527810202,0.8393529749480504
size_growth_sector,neutral,2015-08-31,bull,-0.12609125407485108,-0.12630973126133238,-0.10672464407124585,-0.10690928716931292,0.7342518823091346,0.7333345262489623
size_growth_sector,neutral,2015-09-30,bull,0.00330925592363653,0.00305842860965555,-0.0034214717818626126,-0.003561091427117913,0.7366817097001074,0.7355773775444904
size_growth_sector,neutral,2015-10-30,bull,0.14920606783015006,0.14796109459000073,0.12739771703533095,0.1271584654961435,0.8465990908468526,0.8444142114816154
size_growth_sector,neutral,2015-11-30,bull,0.07051968205837479,0.06935995240281168,0.055451071635045784,0.05525479171662506,0.9063009895642818,0.902982740998238
size_growth_sector,neutral,2015-12-31,bull,0.038665804278661446,0.03754058299069296,0.03487614709185821,0.03474673765255365,0.9413438462443315,0.9368812395258458
size_growth_sector,neutral,2016-01-29,mix,-0.21662535560713161,-0.2174740114718905,-0.20374834540157952,-0.20402994315766476,0.7374249008030682,0.733133918093403
size_growth_sector,neutral,2016-02-29,mix,-0.017389173238906132,-0.01845366830123063,-0.01741284604477807,-0.017563772885593187,0.7246016914523206,0.7196049079485257
size_growth_sector,neutral,2016-03-31,mix,0.13049882715452318,0.12927412009177242,0.11134030401621095,0.1110309071471749,0.819161362341032,0.8126311992372922
size_growth_sector,neutral,2016-04-29,mix,-0.008758128870807427,-0.009831974231197305,-0.011394600000562725,-0.011610388767915758,0.8119870415636631,0.8046414302269241
size_growth_sector,neutral,2016-05-31,bear,0.0047011407808562325,0.0036127145450102205,0.00179957429668866,0.0013275819279381373,0.8158043069582848,0.8075483700254228
size_growth_sector,neutral,2016-06-30,bear,0.043317419725392735,0.042187159187356826,0.03809082093340896,0.037561478860155706,0.8511428445365798,0.8416165416631758
size_growth_sector,neutral,2016-07-29,bear,-0.0006191204507959353,-0.0017017830703075498,-0.001344955462241783,-0.0017352581982469362,0.8506158845949786,0.8401842928808826
size_growth_sector,neutral,2016-08-31,bear,0.026950780965746105,0.02583825095303327,0.019049967622307835,0.01882638718967189,0.8735406469866822,0.8618931854871357
size_growth_sector,neutral,2016-09-30,mix,-0.002221211998319474,-0.003302139018654615,-0.00804678580485297,-0.008241048603519818,0.8716003280205756,0.8590470943694261
size_growth_sector,neutral,2016-10-31,mix,0.0183335255144008,0.01723033086176029,0.013411839824572775,0.01333153259161124,0.887579834872701,0.8738487600312451
size_growth_sector,neutral,2016-11-30,mix,0.01413854565756933,0.013039895566440363,0.00923816087914222,0.00911772850694792,0.9001289228927866,0.8852436566029159
size_growth_sector,neutral,2016-12-30,mix,-0.035741584766087464,-0.036786198049257535,-0.03635640825455861,-0.03653631226520315,0.867956888694807,0.8526789081292722
size_growth_sector,neutral,2017-01-26,mix,-0.013183055643229557,-0.014252107332949349,-0.0033825823973522157,-0.0035609380877476005,0.856514564735219,0.8405264368100717
size_growth_sector,neutral,2017-02-28,mix,0.031538938065899635,0.030421437549661645,0.021397368721874817,0.021216788776716733,0.8835281245449441,0.8660964593163288
size_growth_sector,neutral,2017-03-31,mix,0.006590096030119002,0.005499623426086453,0.008613613176137727,0.008439850832181905,0.8893506597310062,0.8708596636932354
size_growth_sector,neutral,2017-04-28,mix,-0.012707183761931003,-0.013776750979522245,-0.0055871187965433975,-0.0057322727477711055,0.8780495174690097,0.8588620469684233
size_growth_sector,neutral,2017-05-31,mix,-0.035854143715071694,-0.03689863505938029,-0.021426034728209174,-0.021597329630720474,0.8465678038807265,0.8271712097309831
size_growth_sector,neutral,2017-06-30,mix,0.05407711304620447,0.052935196173737875,0.04511161974154028,0.04486445382803517,0.8923477467124616,0.8709576799873608
size_growth_sector,neutral,2017-07-31,mix,0.0269202022437011,0.025807705357937083,0.010199940551074647,0.010047334826974952,0.9163699285256721,0.8934350991717072
size_growth_sector,neutral,2017-08-31,mix,0.02302342270845291,0.021915147333852136,0.018689699835846015,0.01852935659289412,0.9374679007474335,0.9130148610032899
size_growth_sector,neutral,2017-09-29,mix,0.02403105572002047,0.022921688742990387,0.017967791018249708,0.017800674448355647,0.9599962441060257,0.9339427034649319
size_growth_sector,neutral,2017-10-31,mix,0.025380987556972764,0.02427015815378608,0.0253955123123795,0.025233303576850608,0.9843618968324214,0.9566096405846003
size_growth_sector,neutral,2017-11-30,bull,-0.01636040919484984,-0.01742601875155536,-0.020738150853674715,-0.020937972501147595,0.9682573334044244,0.9399397430498544
size_growth_sector,neutral,2017-12-29,mix,0.016669703216660225,0.015568311038175464,0.012225204483997618,0.012020674910460993,0.9843978957896311,0.9545730173267972
size_growth_sector,neutral,2018-01-31,bull,0.0240255101678661,0.0229161491985177,0.015633349737796957,0.015364054344377376,1.008048557444151,0.9764481550127373
size_growth_sector,neutral,2018-02-28,bull,-0.01953920092756422,-0.020601366793225995,-0.02322934208191526,-0.02338060870124392,0.9883520941355084,0.9563319884167512
size_growth_sector,neutral,2018-03-30,mix,-0.0027121680274291918,-0.0037925631787328884,-0.0007307864815852225,-0.0009175756662864742,0.9856715171859514,0.9527050389308374
size_growth_sector,neutral,2018-04-27,mix,-0.030118580573101666,-0.031169285444147432,-0.02177525119363518,-0.02193115354001507,0.955984490176975,0.9230099036283245
size_growth_sector,neutral,2018-05-31,mix,0.019494934378692538,0.018390481533115732,0.012012930002204509,0.011830271537636161,0.974621345080023,0.9399845002158841
size_growth_sector,neutral,2018-06-29,mix,-0.04516182603013847,-0.04619623405193918,-0.04095437825828368,-0.041107923198979046,0.9306056654482594,0.896560756238716
size_growth_sector,neutral,2018-07-31,mix,-0.004891248916670328,-0.0059692833970106385,-0.004918251421928391,-0.005056013851140073,0.9260538414952882,0.891208931002089
size_growth_sector,neutral,2018-08-31,mix,-0.05555364668284,-0.05657679689893358,-0.041638276339678454,-0.041782213021727355,0.8746081735755723,0.840787184318268
size_growth_sector,neutral,2018-09-28,mix,-0.001421921529014715,-0.0025037144473583073,0.0014902794651026807,0.0013571536854370958,0.8733645493841129,0.8386820932977367
size_growth_sector,neutral,2018-10-31,mix,-0.09339029496294611,-0.09437245547673634,-0.06437120816804939,-0.064529347531455,0.79180077650695,0.75953360478886
size_growth_sector,neutral,2018-11-30,mix,0.024489072429417558,0.02337920926761905,0.014570461397620388,0.014484181799092388,0.8111912430724978,0.7772908998810079
size_growth_sector,neutral,2018-12-28,bear,-0.03673544127542803,-0.03777897788071305,-0.026812175557183262,-0.02695910931761547,0.7813917747994665,0.7479256441675237
size_growth_sector,neutral,2019-01-31,bear,0.03654402271064034,0.03542110001937049,0.02649575682155533,0.026359968942816447,0.8099469735636459,0.7744179932166336
size_growth_sector,neutral,2019-02-28,bear,0.14682870906420487,0.14558631129605204,0.10232087740031606,0.10204759269671371,0.9288704421024556,0.8871626522503344
size_growth_sector,neutral,2019-03-29,mix,0.08094630446420122,0.07977527930103157,0.058184614631166344,0.057995004344052026,1.0040590717166782,0.9579363006190488
size_growth_sector,neutral,2019-04-30,mix,-0.015595918972148291,-0.016662356726595107,-0.007663995189286275,-0.007823710655121774,0.9883998477909345,0.9419748242567794
size_growth_sector,neutral,2019-05-31,mix,-0.050288220306697655,-0.05131707473469871,-0.03833760143545905,-0.03846418183144096,0.9386949784941175,0.8936354318021895
size_growth_sector,neutral,2019-06-28,mix,0.03750876656582305,0.03638479873537692,0.033223023213189866,0.03310848018852042,0.9739042693189638,0.9261501771311138
size_growth_sector,neutral,2019-07-31,mix,0.029829414519769486,0.028713765987373074,0.021426783450281463,0.021321199217902764,1.0029552634710523,0.9527434365864207
size_growth_sector,neutral,2019-08-30,mix,0.036617237914339545,0.03549423590659884,0.023172703794575363,0.02305397391229458,1.039680714971011,0.9865603368830828
size_growth_sector,neutral,2019-09-30,mix,0.015186502994244356,0.014086717616000666,0.010317412587662615,0.01023121676421579,1.0554698292619764,1.0004577337599012
size_growth_sector,neutral,2019-10-31,mix,0.021551522814991026,0.020444841998608076,0.017818324556986728,0.017720894023312672,1.0782168113678505,1.0209119340529078
size_growth_sector,neutral,2019-11-29,bull,0.0017180523033635071,0.0006328577467016316,0.00038863038497760106,0.00031184129652350734,1.0800692442441464,1.0215580260790733
size_growth_sector,neutral,2019-12-31,mix,0.08223594899693094,0.08106352671885086,0.058490703360082344,0.05835081677599896,1.1688897635269617,1.1043691224209908
size_growth_sector,neutral,2020-01-23,bull,0.04206523728413605,0.04093633327707824,0.025158025227429087,0.02501583994980683,1.2180593887887212,1.149577944877331
size_growth_sector,neutral,2020-02-28,bull,0.0558700587027812,0.05472619947251989,0.027642349483682382,0.027501684772613277,1.2861124383438207,1.2124899767978972
size_growth_sector,neutral,2020-03-31,mix,-0.07183211252133304,-0.07283762773276825,-0.053474749042807586,-0.053650109832338644,1.1937282649576213,1.1241750832381792
size_growth_sector,neutral,2020-04-30,mix,0.07910320081348042,0.07793417234593258,0.06264604303301975,0.06248880673227153,1.2881559916172916,1.2117867379222664
size_growth_sector,neutral,2020-05-29,mix,0.02556890861375356,0.024457875629422032,0.01918749664965519,0.019058051516528396,1.3210927344472132,1.2414244672477524
size_growth_sector,neutral,2020-06-30,mix,0.1250353270854808,0.12381653881447141,0.09085964436137549,0.0906406820050103,1.4862759966090726,1.395133347981968
size_growth_sector,neutral,2020-07-31,mix,0.15121481682554738,0.14996766744065315,0.11301185831677421,0.11278141568865596,1.7110229491885214,1.6043582419474929
size_growth_sector,neutral,2020-08-31,bull,0.004578652667895621,0.0034903591275055046,0.01955488265663949,0.019435995683287466,1.7188571289796541,1.609958028381063
size_growth_sector,neutral,2020-09-30,bull,-0.050486112924637706,-0.051514752968969346,-0.03419678281572953,-0.03432630799459191,1.6320787138646689,1.5270214382586036
size_growth_sector,neutral,2020-10-30,mix,0.015481053277003491,0.014380948802620086,0.020589552015514347,0.02049402914445908,1.6573450113862713,1.548981455382704
size_growth_sector,neutral,2020-11-30,mix,0.022259868100974616,0.02115241991053196,0.021305422719408766,0.021176691601645592,1.6942372927375382,1.581746161560586
size_growth_sector,neutral,2020-12-31,bull,0.0871877558012602,0.08600996906580871,0.07356983699190324,0.07334389534318797,1.8419540400861267,1.7177920999863736
size_growth_sector,neutral,2021-01-29,bull,0.04193007644001273,0.04080131885720273,0.0276223589101166,0.02747414128103509,1.9191873137859283,1.7878802831883016
size_growth_sector,neutral,2021-02-26,bull,-0.016403683553883153,-0.017469246230033098,-0.018798835239821402,-0.018946587969852047,1.887705572409957,1.7566473622914638
size_growth_sector,neutral,2021-03-31,bull,-0.04201116631199408,-0.043048987548489404,-0.03229126315963078,-0.032430640468819494,1.8084008596593644,1.6810254718650919
size_growth_sector,neutral,2021-04-30,bull,0.05348651934260352,0.052345242279982385,0.04062488826000652,0.040445007790545384,1.9051259272187158,1.7690191574686918
size_growth_sector,neutral,2021-05-31,bull,0.05531737714202967,0.054174116650125725,0.03804067909666406,0.03783383410307928,2.0105124966377326,1.8648542076617078
size_growth_sector,neutral,2021-06-30,bull,0.041923098798397125,0.040794348774698896,0.024980474004477154,0.02478376728016607,2.0947994106696886,1.9409297206230243
size_growth_sector,neutral,2021-07-30,bull,0.02169890111097442,0.020592060634770926,-0.006326060223094407,-0.006591224944835439,2.140254255929138,1.9808974631179226
size_growth_sector,neutral,2021-08-31,mix,0.04573497478889099,0.04460209523286962,0.014797341437092562,0.014598715617393898,2.2381387303658737,2.069249640414458
size_growth_sector,neutral,2021-09-30,mix,-0.03606466058159288,-0.03710892386596276,-0.016551423933880382,-0.016767758751850548,2.1574210167207113,1.992462013048647
size_growth_sector,neutral,2021-10-29,mix,0.043408987391610004,0.04227862765526913,0.01392473848786245,0.013789488625359114,2.251072478433935,2.0767005726155987
size_growth_sector,neutral,2021-11-30,mix,0.02815706112084355,0.027043224304629243,0.019197611048643554,0.019014175788384824,2.314456063796648,2.1328612520143944
size_growth_sector,neutral,2021-12-31,mix,-0.0446944168012875,-0.045729331183086086,-0.007932036951338053,-0.008106745833520002,2.2110127998130533,2.0353269334534563
size_growth_sector,neutral,2022-01-28,mix,-0.12053840565181351,-0.12149115571235736,-0.07887682770774349,-0.07908535324534849,1.9445008420478356,1.7880527120557077
size_growth_sector,neutral,2022-02-28,mix,0.04083323023398797,0.03970566090123451,0.009346965833922393,0.009196903578380988,2.0239010926213585,1.8590485267141243
size_growth_sector,neutral,2022-03-31,mix,-0.0955829741291097,-0.09656275924046975,-0.06610334265085584,-0.06630474860743552,1.8304506068454545,1.6795336714126783
size_growth_sector,neutral,2022-04-29,mix,-0.09053232079923147,-0.09151757745169897,-0.055366031751128746,-0.055566939002639204,1.664735665299374,1.525826818556432
size_growth_sector,neutral,2022-05-31,mix,0.07782158789237163,0.07665394783882151,0.042682730972620625,0.04268273097262054,1.7942880381940347,1.642787467917132
size_growth_sector,neutral,2022-06-30,bear,0.09199424264107726,0.09081124887821623,0.0,0.0,1.9593522073476395,1.7919710495201693
size_growth_sector,neutral,2022-07-29,mix,-0.0075758212809520385,-0.008650947474564297,0.0,0.0,1.9445085051983348,1.7764688020948305
size_growth_sector,neutral,2022-08-31,mix,-0.016021342846519918,-0.0170873197251028,0.0,0.0,1.9133548677685783,1.7461137116917658
size_growth_sector,neutral,2022-09-30,mix,-0.019709247997694343,-0.020771229645696887,0.0,0.0,1.8756440821721316,1.709844782798716
size_growth_sector,neutral,2022-10-31,bear,-0.005724925486003271,-0.0068020568167267426,0.0,0.0,1.8649061595634333,1.6982143214383354
size_growth_sector,neutral,2022-11-30,bear,0.007850710404850053,0.006758872135244731,0.03234997007983651,0.03209346598148022,1.8795469977543868,1.7096923348951785
size_growth_sector,neutral,2022-12-30,bear,-0.010611642655058364,-0.011683480042182004,-0.010171670236164686,-0.010366108140067998,1.8596019166608295,1.6897171786221592
size_growth_sector,neutral,2023-01-31,bear,0.0366024087739704,0.035479422831131924,0.05168985171165638,0.05154874098767426,1.9276678261713083,1.749667368867522
size_growth_sector,neutral,2023-02-28,mix,0.006334838720340602,0.0052446426450603045,-0.012056143816497,-0.012215583769863758,1.939879290956493,1.758843748964955
size_growth_sector,neutral,2023-03-31,mix,-0.008647711367791208,-0.009721676347142716,-0.008375851132614619,-0.00861354337188125,1.9231037747599458,1.7417448392923227
size_growth_sector,neutral,2023-04-28,mix,-0.01741415081233954,-0.01847861881562618,-0.01366222943145323,-0.013837553281882076,1.8896145555984967,1.7095598003329557
size_growth_sector,neutral,2023-05-31,mix,-0.028560130526353714,-0.02961252371828349,-0.030538179790954842,-0.03067212603380498,1.8356469172461056,1.6589354201977722
size_growth_sector,neutral,2023-06-30,mix,0.010651820951611215,0.00955694814558039,0.013385905890088824,0.013268767439915008,1.8551998995389885,1.674789779985469
size_growth_sector,neutral,2023-07-31,mix,-0.03295623892699154,-0.03400386966815394,-0.0060960174897541995,-0.0062641485263768,1.794059488392451,1.617840446585287
size_growth_sector,neutral,2023-08-31,mix,-0.04425822015439437,-0.04529360708256047,-0.0399494890045752,-0.04006670235644283,1.7146576085850977,1.5445626170753788
size_growth_sector,neutral,2023-09-28,mix,-0.0164132428340038,-0.01747879515426698,-0.017651817524713245,-0.01774626192540596,1.6865145168782183,1.5175655234885796
size_growth_sector,neutral,2023-10-31,mix,-0.02557613030961102,-0.026631756168442267,-0.021825917617422575,-0.021941600052471033,1.6433800018254903,1.4771500884973974
size_growth_sector,neutral,2023-11-30,mix,0.018971640248183617,0.01786775430458154,0.0021578660799209206,0.0020576489609183124,1.6745576160111828,1.5035434433496597
size_growth_sector,neutral,2023-12-29,mix,-0.013890493830994617,-0.014958779129344402,-0.01721958835836456,-0.017331889731232675,1.6512971837763344,1.4810522690692183
size_growth_sector,neutral,2024-01-31,mix,-0.18274491854119168,-0.183630278212772,-0.11040852923736638,-0.11066112702493525,1.349531014439829,1.2090862288523805
size_growth_sector,neutral,2024-02-29,bear,0.13554807278479594,0.13431789570594588,0.08911425526948306,0.0889426479151425,1.5324573426104584,1.37148814683887
size_growth_sector,neutral,2024-03-29,mix,0.019605102183427633,0.018500529989395664,0.01446490479431417,0.014370384671458236,1.5625013254040803,1.396861404429563
size_growth_sector,neutral,2024-04-30,mix,0.011460155467163809,0.010364406965407857,0.017288883678420523,0.017190170978016672,1.5804078335108607,1.4113390444993423
size_growth_sector,neutral,2024-05-31,mix,-0.02669775839215774,-0.027752169153899553,-0.008681146143550247,-0.008787331653188124,1.5382144870107144,1.3721713246028937
size_growth_sector,neutral,2024-06-28,mix,-0.004804706171136812,-0.0058828344061180315,-0.026213090648857282,-0.02635330189277696,1.5308238183724419,1.3640990679234313
size_growth_sector,neutral,2024-07-31,mix,-0.01763947637406134,-0.018703700274656176,-0.01618869511413387,-0.01629738556884719,1.5038208877954107,1.3385853678120536
size_growth_sector,neutral,2024-08-30,mix,-0.04950561677834614,-0.05053531902683617,-0.03137459451108978,-0.03147756208615626,1.429373307220939,1.2709395292050167
size_growth_sector,neutral,2024-09-30,mix,0.18317059093615531,0.18188882279597451,0.14360199352186478,0.14335960709573548,1.6911924605729651,1.5021092240169873
size_growth_sector,neutral,2024-10-31,mix,0.02617829307045064,0.025066599919624233,-0.005013311204183129,-0.0051587176018415,1.7354649924443808,1.5397619949709984
size_growth_sector,neutral,2024-11-29,mix,-0.01272456561350381,-0.013794114000755808,0.0022380848408222838,0.0021432848665303705,1.7133819542780835,1.5185223424783372
size_growth_sector,neutral,2024-12-31,mix,-7.655351529969473e-05,-0.0011598039156580642,-0.005917312848309484,-0.006033856271267957,1.7132507888664326,1.5167611543195165
size_growth_sector,neutral,2025-01-27,mix,0.014207868397363559,0.01310914320659995,-0.0003065945588188765,-0.00040172047581610304,1.7375924306063264,1.536644593501699
size_growth_sector,neutral,2025-02-28,mix,0.05076826156395309,0.04962992928059218,0.031320520842421776,0.031184954174252377,1.8258069776148933,1.6129081560065928
size_growth_sector,group,2015-04-30,bull,0.0,-0.00024999999999997247,0.12047294705564458,0.12021298570606209,1.0,0.99975
size_growth_sector,group,2015-05-29,bull,0.19303288911066802,0.19273463088839038,0.1702299269876139,0.1698572790057835,1.193032889110668,1.1924364472306683
size_growth_sector,group,2015-06-30,bull,-0.16992319390286836,-0.17013071310439265,-0.11845862088991652,-0.11872489174419254,0.9903089301618168,0.9895663841316462
size_growth_sector,group,2015-07-31,bull,-0.17110200776341566,-0.17130923226147476,-0.11759315101411079,-0.11782324458215065,0.8208650839050897,0.8200445265942903
size_growth_sector,group,2015-08-31,bull,-0.12898753838500177,-0.1292052915004055,-0.10672464407124585,-0.10690928716931292,0.7149837173859742,0.714090434492363
size_growth_sector,group,2015-09-30,bull,0.0019990982302787357,0.001748598455721062,-0.0034214717818626126,-0.003561091427117913,0.7164130400700786,0.7153390919233615
size_growth_sector,group,2015-10-30,bull,0.1497934360357564,0.14854782648005105,0.12739771703533095,0.1271584654961435,0.8237270109629977,0.8216011592247904
size_growth_sector,group,2015-11-30,bull,0.0743321641719812,0.07316830432746158,0.055451071635045784,0.05525479171662506,0.8849564223747947,0.881716322878745
size_growth_sector,group,2015-12-31,bull,0.04323337501836844,0.04210320552876512,0.03487614709185821,0.03474673765255365,0.9232160752582378,0.9188394064389759
size_growth_sector,group,2016-01-29,mix,-0.22229277734734873,-0.22313529350522243,-0.20374834540157952,-0.20402994315766476,0.7179918097973652,0.7138139057990507
size_growth_sector,group,2016-02-29,mix,-0.01592732931719908,-0.01699340804377214,-0.01741284604477807,-0.017563772885593187,0.7065561177956708,0.7016837748304887
size_growth_sector,group,2016-03-31,mix,0.13018119498718106,0.12895683202594488,0.11134030401621095,0.1110309071471749,0.7985364375358147,0.792170691516635
size_growth_sector,group,2016-04-29,mix,-0.008120352066740876,-0.009194888352001884,-0.011394600000562725,-0.011610388767915758,0.7920520405249029,0.7848867704524114
size_growth_sector,group,2016-05-31,bear,0.004318517563698024,0.0032305058363373274,0.00179957429668866,0.0013275819279381373,0.7954725311732724,0.7874223517452219
size_growth_sector,group,2016-06-30,bear,0.03528135814410809,0.0341598033394519,0.03809082093340896,0.037561478860155706,0.8235378824393969,0.8143205444259274
size_growth_sector,group,2016-07-29,bear,0.0022904030015719304,0.001204588398320272,-0.001344955462241783,-0.0017352581982469362,0.8254241160772443,0.8153014655062567
size_growth_sector,group,2016-08-31,bear,0.019946794788662018,0.018841852427641026,0.019049967622307835,0.01882638718967189,0.8418886815342498,0.830663255403365
size_growth_sector,group,2016-09-30,mix,-0.0009652317757479715,-0.002047519441324197,-0.00804678580485297,-0.008241048603519818,0.8410760638271904,0.828962456238733
size_growth_sector,group,2016-10-31,mix,0.013164513127791157,0.012066918238569313,0.013411839824572775,0.01333153259161124,0.8521484207109142,0.8389654784210093
size_growth_sector,group,2016-11-30,mix,0.007431446823074722,0.006340062755683107,0.00923816087914222,0.00911772850694792,0.8584811163847945,0.8442845722040502
size_growth_sector,group,2016-12-30,mix,-0.030141624969563737,-0.031192304875846677,-0.03635640825455861,-0.03653631226520315,0.8326051005312717,0.8179493904258877
size_growth_sector,group,2017-01-26,mix,-0.006794653372115715,-0.007870625830962541,-0.0033825823973522157,-0.0035609380877476005,0.8269478374773062,0.8115116168251816
size_growth_sector,group,2017-02-28,mix,0.027295945044486628,0.02618304110402181,0.021397368721874817,0.021216788776716733,0.8495201602037439,0.8327594588449065
size_growth_sector,group,2017-03-31,mix,0.006174893062545546,0.005084870261727881,0.008613613176137727,0.008439850832181905,0.8547658563474786,0.8369939326523597
size_growth_sector,group,2017-04-28,mix,-0.007325075500885685,-0.008400473335759662,-0.0055871187965433975,-0.0057322727477711055,0.8485046319141542,0.8299627874389209
size_growth_sector,group,2017-05-31,mix,-0.022416654866639154,-0.023475703490533628,-0.021426034728209174,-0.021597329630720474,0.8294839964277899,0.810478827132828
size_growth_sector,group,2017-06-30,mix,0.052745392582612814,0.05160491840731507,0.04511161974154028,0.04486445382803517,0.8732354554603684,0.8523035208778741
size_growth_sector,group,2017-07-31,mix,0.023427243569442462,0.022318530722242214,0.010199940551074647,0.010047334826974952,0.8936929551689115,0.8713256831932621
size_growth_sector,group,2017-08-31,mix,0.022442701721855567,0.021335055461656927,0.018689699835846015,0.01852935659289412,0.913749839592691,0.8899154649693565
size_growth_sector,group,2017-09-29,mix,0.027759646046223985,0.026646239763007173,0.017967791018249708,0.017800674448355647,0.939115211714578,0.913628365817738
size_growth_sector,group,2017-10-31,mix,0.04349829978416948,0.04236784329273657,0.0253955123123795,0.025233303576850608,0.9799651267256125,0.9523368292485029
size_growth_sector,group,2017-11-30,bull,-0.018287635402009037,-0.019351157130323537,-0.020738150853674715,-0.020937972501147595,0.9620438817813709,0.9339080096247211
size_growth_sector,group,2017-12-29,mix,0.020762067128568693,0.01965624155584611,0.012225204483997618,0.012020674910460993,0.9820179014355445,0.952265131052844
size_growth_sector,group,2018-01-31,bull,0.027609000682459667,0.02649575759838707,0.015633349737796957,0.015364054344377376,1.009130434346466,0.9774961171346165
size_growth_sector,group,2018-02-28,bull,-0.026931152851662355,-0.027985310769406357,-0.02322934208191526,-0.02338060870124392,0.9819533883718169,0.9501405845207161
size_growth_sector,group,2018-03-30,mix,-0.012689890287784548,-0.013759476239972757,-0.0007307864815852225,-0.0009175756662864742,0.9694925076056602,0.9370671477233695
size_growth_sector,group,2018-04-27,mix,-0.032092059800836674,-0.03314062673605234,-0.02177525119363518,-0.02193115354001507,0.9383794960751163,0.9060121551540521
size_growth_sector,group,2018-05-31,mix,0.03649885071645328,0.03537597696151029,0.012012930002204509,0.011830271537636161,0.9726292692177425,0.9380632202816301
size_growth_sector,group,2018-06-29,mix,-0.048126748033047645,-0.049157944056011815,-0.04095437825828368,-0.041107923198979046,0.9258197854485329,0.8919499609780235
size_growth_sector,group,2018-07-31,mix,-0.00972379349201536,-0.0107965927157323,-0.004918251421928391,-0.005056013851140073,0.9168173050440095,0.8823199405265304
size_growth_sector,group,2018-08-31,mix,-0.05787974864756821,-0.05890037891986666,-0.041638276339678454,-0.041782213021727355,0.8637521498723214,0.8303509617009636
size_growth_sector,group,2018-09-28,mix,0.00536106593249578,0.004271924777735636,0.0014902794651026807,0.0013571536854370958,0.8683827820971219,0.8338981585484705
size_growth_sector,group,2018-10-31,mix,-0.08286646644042846,-0.08386002776845136,-0.06437120816804939,-0.064529347531455,0.7964229694270248,0.7639674358165353
size_growth_sector,group,2018-11-30,mix,0.020245081401608574,0.01913981589675684,0.014570461397620388,0.014484181799092388,0.8125466172731858,0.7785896318891812
size_growth_sector,group,2018-12-28,bear,-0.020795324241787816,-0.021856129307192496,-0.026812175557183262,-0.02695910931761547,0.795649446905422,0.7615726762173718
size_growth_sector,group,2019-01-31,bear,0.021192559772767853,0.020086267833014038,0.02649575682155533,0.026359968942816447,0.8125112953671348,0.7768698289661792
size_growth_sector,group,2019-02-28,bear,0.039591414552215994,0.03846519051978459,0.10232087740031606,0.10204759269671371,0.8446797668903732,0.8067522749464358
size_growth_sector,group,2019-03-29,mix,0.031418265739671034,0.030300895951786533,0.058184614631166344,0.057995004344052026,0.8712181402714584,0.8311975916884548
size_growth_sector,group,2019-04-30,mix,-0.004470173074212419,-0.005548663720048697,-0.007663995189286275,-0.007823710655121774,0.8673236443990515,0.8265855557672612
size_growth_sector,group,2019-05-31,mix,-0.024403996614013157,-0.025460892284348002,-0.03833760143545905,-0.03846418183144096,0.8461574811178835,0.8055399499680731
size_growth_sector,group,2019-06-28,mix,0.02692824055514963,0.02581573496121492,0.033223023213189866,0.03310848018852042,0.8689430133169653,0.8263355558171191
size_growth_sector,group,2019-07-31,mix,0.020995180657974264,0.019889102545594728,0.021426783450281463,0.021321199217902764,0.8871866288630396,0.8427706284238369
size_growth_sector,group,2019-08-30,mix,0.03765093974159401,0.0365268178902074,0.023172703794575363,0.02305397391229458,0.9205900391659099,0.87355435769149
size_growth_sector,group,2019-09-30,mix,0.004189833875415755,0.003101961555384225,0.010317412587662615,0.01023121676421579,0.9244471584973776,0.8762640897255874
size_growth_sector,group,2019-10-31,mix,0.029244012803806535,0.02812899845660244,0.017818324556986728,0.017720894023312672,0.9514817030369175,0.9009125209530546
size_growth_sector,group,2019-11-29,bull,-0.004347207071132755,-0.005425830930139042,0.00038863038497760106,0.00031184129652350734,0.9473454150494219,0.896024321931518
size_growth_sector,group,2019-12-31,mix,0.07157828516093118,0.07041740868534019,0.058490703360082344,0.05835081677599896,1.0151547753137302,0.9591200328009746
size_growth_sector,group,2020-01-23,bull,0.04044499540564773,0.03931784666062499,0.025158025227429087,0.02501583994980683,1.0562127055373154,0.9968305671797769
size_growth_sector,group,2020-02-28,bull,0.05576182185119203,0.054618079877519765,0.027642349483682382,0.027501684772613277,1.1151090502604526,1.0512755387223554
size_growth_sector,group,2020-03-31,mix,-0.07565274691446065,-0.07665412310530328,-0.053474749042807586,-0.053650109832338644,1.030747987499074,0.9706909341595379
size_growth_sector,group,2020-04-30,mix,0.0892500089310051,0.08806998808799649,0.06264604303301975,0.06248880673227153,1.1227422545889818,1.0561796731680946
size_growth_sector,group,2020-05-29,mix,0.03505360044337425,0.0339322923762273,0.01918749664965519,0.019058051516528396,1.1620984129822372,1.0920182706398625
size_growth_sector,group,2020-06-30,mix,0.143407040869609,0.142168349908667,0.09085964436137549,0.0906406820050103,1.3287515075872887,1.247268706246848
size_growth_sector,group,2020-07-31,mix,0.1395293365181787,0.13829484640361733,0.11301185831677421,0.11278141568865596,1.5141513238384727,1.4197595404012944
size_growth_sector,group,2020-08-31,bull,-0.0004258562526195171,-0.0015087282416791359,0.01955488265663949,0.019435995683287466,1.513506513029804,1.4176175090862975
size_growth_sector,group,2020-09-30,bull,-0.0496999001977134,-0.05072939197249926,-0.03419678281572953,-0.03432630799459191,1.4382853903836335,1.3457026348007806
size_growth_sector,group,2020-10-30,mix,0.020443724889765463,0.019338244187801612,0.020589552015514347,0.02049402914445908,1.4676893012176055,1.3717261609567262
size_growth_sector,group,2020-11-30,mix,0.00959037517982219,0.00849665227337737,0.021305422719408766,0.021176691601645592,1.4817649922636933,1.3833812411606703
size_growth_sector,group,2020-12-31,bull,0.10353513106238772,0.10233963467040352,0.07356983699190324,0.07334389534318797,1.6351797249413729,1.5249559719909427
size_growth_sector,group,2021-01-29,bull,0.048586862132327706,0.04745089303168437,0.0276223589101166,0.02747414128103509,1.714627976798677,1.597316494695913
size_growth_sector,group,2021-02-26,bull,-0.028166795378704673,-0.029219614683711148,-0.018798835239821402,-0.018946587969852047,1.6663324014255863,1.5506435221929624
size_growth_sector,group,2021-03-31,bull,-0.045949326706105846,-0.04698288160217423,-0.03229126315963078,-0.032430640468819494,1.5897655495115122,1.477789821182592
size_growth_sector,group,2021-04-30,bull,0.0609951000615036,0.059845688703103805,0.04062488826000652,0.040445007790545384,1.6867334582782982,1.5662291707897007
size_growth_sector,group,2021-05-31,bull,0.059196601990703195,0.058049139005213135,0.03804067909666406,0.03783383410307928,1.7865823474724007,1.6571474256388918
size_growth_sector,group,2021-06-30,bull,0.03690199673102859,0.035778686234570145,0.024980474004477154,0.02478376728016607,1.852510803418541,1.7164379834252514
size_growth_sector,group,2021-07-30,bull,0.009544639013688872,0.008450965654757336,-0.006326060223094407,-0.006591224944835439,1.8701923503061295,1.7309435418716992
size_growth_sector,group,2021-08-31,mix,0.046220857629392896,0.04508745170029438,0.014797341437092562,0.014598715617393898,1.9566342446692089,1.808987375211776
size_growth_sector,group,2021-09-30,mix,-0.03817080001112619,-0.039212781644447414,-0.016551423933880382,-0.016767758751850548,1.8819479502210197,1.7380519482700345
size_growth_sector,group,2021-10-29,mix,0.0454679487211733,0.04433535844339209,0.01392473848786245,0.013789488625359114,1.9675162631175862,1.8151091043898224
size_growth_sector,group,2021-11-30,mix,0.014655579136536173,0.013556368925804918,0.019197611048643554,0.019014175788384824,1.996351353414128,1.8397153930495183
size_growth_sector,group,2021-12-31,mix,-0.04984114390106245,-0.05087048266183625,-0.007932036951338053,-0.008106745833520002,1.8968509183315336,1.7461281830446795
size_growth_sector,group,2022-01-28,mix,-0.11805867868410647,-0.11901411511553206,-0.07887682770774349,-0.07908535324534849,1.6729112052525787,1.5383142824613252
size_growth_sector,group,2022-02-28,mix,0.041566560473995526,0.04043819670014859,0.009346965833922393,0.009196903578380988,1.7424483700333346,1.6005209380021441
size_growth_sector,group,2022-03-31,mix,-0.08856459336395145,-0.08955198172114043,-0.06610334265085584,-0.06630474860743552,1.5881291386836525,1.4571911162178737
size_growth_sector,group,2022-04-29,mix,-0.08943000631756635,-0.09041645714405566,-0.055366031751128746,-0.055566939002639204,1.4461027397780621,1.3254370581076618
size_growth_sector,group,2022-05-31,mix,0.07689756337572791,0.0757309243487374,0.042682730972620625,0.04268273097262054,1.5573045168579593,1.4258136316842263
size_growth_sector,group,2022-06-30,bear,0.08629191460610229,0.08511509836527908,0.0,0.0,1.6916873052423638,1.547171899195585
size_growth_sector,group,2022-07-29,mix,-0.0030597835470293337,-0.004139802114853319,0.0,0.0,1.686511108259065,1.5407669136952535
size_growth_sector,group,2022-08-31,mix,-0.014375490432228672,-0.015443250317593749,0.0,0.0,1.6622666839584395,1.5169724645659914
size_growth_sector,group,2022-09-30,mix,-0.01808622972424856,-0.019149969642047293,0.0,0.0,1.6322025468494024,1.487922487921731
size_growth_sector,group,2022-10-31,bear,-0.0035820074405884424,-0.004661460265861117,0.0,0.0,1.6263559851820404,1.4809865963656026
size_growth_sector,group,2022-11-30,bear,-0.0010344835783478643,-0.0021166962211379703,0.03234997007983651,0.03209346598148022,1.6246735466228217,1.4778517976335195
size_growth_sector,group,2022-12-30,bear,-0.007971845933995381,-0.00904654310090014,-0.010171670236164686,-0.010366108140067998,1.6117218994161067,1.464482347649485
size_growth_sector,group,2023-01-31,bear,0.01846235259706687,0.017359018381753355,0.05168985171165638,0.05154874098767426,1.6414780774115412,1.4899043236420857
size_growth_sector,group,2023-02-28,mix,0.004443269995647474,0.0033551231198187814,-0.012056143816497,-0.012215583769863758,1.6487716077014167,1.4949031360846552
size_growth_sector,group,2023-03-31,mix,-0.006311883850383781,-0.007388379309545834,-0.008375851132614619,-0.00861354337188125,1.638364752817795,1.4838582246842322
size_growth_sector,group,2023-04-28,mix,-0.008926434934506136,-0.010000097963327126,-0.01366222943145323,-0.013837553281882076,1.6237399964527786,1.4690194970737012
size_growth_sector,group,2023-05-31,mix,-0.02649303317132874,-0.027547665718726466,-0.030538179790954842,-0.03067212603380498,1.5807221988651419,1.4285514390340233
size_growth_sector,group,2023-06-30,mix,0.011322387151629405,0.010226787898881984,0.013385905890088824,0.013268767439915008,1.598619747579868,1.4431609316036669
size_growth_sector,group,2023-07-31,mix,-0.016423424342462724,-0.01748896563275837,-0.0060960174897541995,-0.0062641485263768,1.5723649371031232,1.4179215396683107
size_growth_sector,group,2023-08-31,mix,-0.03863086488648515,-0.03967234811619147,-0.0399494890045752,-0.04006670235644283,1.5116231196656458,1.3616692627451432
size_growth_sector,group,2023-09-28,mix,-0.017696886890368815,-0.018761048596237617,-0.017651817524713245,-0.01774626192540596,1.4848720962960564,1.3361229195347786
size_growth_sector,group,2023-10-31,mix,-0.026916940766893212,-0.027971114081062454,-0.021825917617422575,-0.021941600052471033,1.4449038820336428,1.298750072926149
size_growth_sector,group,2023-11-30,mix,0.018012527929785572,0.01690968102452839,0.0021578660799209206,0.0020576489609183124,1.4709302535646294,1.320711522389913
size_growth_sector,group,2023-12-29,mix,-0.008950568262781426,-0.0100242051471634,-0.01721958835836456,-0.017331889731232675,1.4577645919203088,1.307472439149254
size_growth_sector,group,2024-01-31,mix,-0.12814062088117475,-0.12908513520855347,-0.11040852923736638,-0.11066112702493525,1.270965732013048,1.1386971825602155
size_growth_sector,group,2024-02-29,bear,0.06886708238244667,0.06770914304319908,0.08911425526948306,0.0889426479151425,1.3584934337848573,1.215797392977073
size_growth_sector,group,2024-03-29,mix,0.027198903943526104,0.02608610513092069,0.01446490479431417,0.014370384671458236,1.3954429661982826,1.2475128115881722
size_growth_sector,group,2024-04-30,mix,0.01476931474479098,0.013669981320484137,0.017288883678420523,0.017190170978016672,1.4160527025744696,1.2645662884196471
size_growth_sector,group,2024-05-31,mix,-0.0027344308080034054,-0.0038148018412946794,-0.008681146143550247,-0.008787331653188124,1.4121806044387935,1.2597422186141447
size_growth_sector,group,2024-06-28,mix,-0.008703755460852173,-0.009777659725769605,-0.026213090648857282,-0.02635330189277696,1.3998893297911996,1.2474248878583496
size_growth_sector,group,2024-07-31,mix,-0.014788319558264477,-0.01585563221207631,-0.01618869511413387,-0.01629738556884719,1.3791873190360426,1.227646177624277
size_growth_sector,group,2024-08-30,mix,-0.02046849669147359,-0.021529655820057725,-0.03137459451108978,-0.03147756208615626,1.3509574279594312,1.201215377951217
size_growth_sector,group,2024-09-30,mix,0.09936566823528474,0.09817468876136326,0.14360199352186478,0.14335960709573548,1.4851962155460416,1.319144323816941
size_growth_sector,group,2024-10-31,mix,-0.012572996702425322,-0.013642709289330979,-0.005013311204183129,-0.0051587176018415,1.4665228484255268,1.3011476212964352
size_growth_sector,group,2024-11-29,mix,-0.00906386629745912,-0.0101373804423035,0.0022380848408222838,0.0021432848665303705,1.4532304814052288,1.287957392847755
size_growth_sector,group,2024-12-31,mix,0.005226913444755755,0.004137917621857223,-0.005917312848309484,-0.006033856271267957,1.4608263913468147,1.293286854439821
size_growth_sector,group,2025-01-27,mix,-0.00018545793652535942,-0.001268590357094146,-0.0003065945588188765,-0.00040172047581610304,1.4605554694986538,1.2916462032073222
size_growth_sector,group,2025-02-28,mix,0.0422047654893557,0.04107571032674229,0.031320520842421776,0.031184954174252377,1.5221978705730403,1.3447014884949027
size_growth_sector,neutral_sector,2015-04-30,bull,0.0,-0.00024999999999997247,0.12047294705564458,0.12021298570606209,1.0,0.99975
size_growth_sector,neutral_sector,2015-05-29,bull,0.18994973514450525,0.1896522477107192,0.1702299269876139,0.1698572790057835,1.1899497351445052,1.1893548346487917
size_growth_sector,neutral_sector,2015-06-30,bull,-0.16228100358984626,-0.16249043333894886,-0.11845862088991652,-0.11872489174419254,0.9968434979037831,0.9960960521729356
size_growth_sector,neutral_sector,2015-07-31,bull,-0.16563715662155465,-0.1658457473323992,-0.11759315101411079,-0.11782324458215065,0.8317291753143158,0.8308977579854626
size_growth_sector,neutral_sector,2015-08-31,bull,-0.12340257458508078,-0.12362172394143445,-0.10672464407124585,-0.10690928716931292,0.7290916537230032,0.7281807447242269
size_growth_sector,neutral_sector,2015-09-30,bull,0.0029398350409149112,0.0026891000821547273,-0.0034214717818626126,-0.003561091427117913,0.7312350629146567,0.7301388956246883
size_growth_sector,neutral_sector,2015-10-30,bull,0.14440028477250602,0.14316051779733585,0.12739771703533095,0.1271584654961435,0.8368256142351745,0.8346659579862936
size_growth_sector,neutral_sector,2015-11-30,bull,0.06995837628813749,0.06879925471382542,0.055451071635045784,0.05525479171662506,0.8953685754433907,0.8920903538307517
size_growth_sector,neutral_sector,2015-12-31,bull,0.03917929016576739,0.0380535126014212,0.03487614709185821,0.03474673765255365,0.9304484806659972,0.9260375253518566
size_growth_sector,neutral_sector,2016-01-29,mix,-0.2141626821322493,-0.21501400589327269,-0.20374834540157952,-0.20402994315766476,0.7311811384606909,0.7269264874184608
size_growth_sector,neutral_sector,2016-02-29,mix,-0.015944464351599644,-0.017010524515218783,-0.01741284604477807,-0.017563772885593187,0.7195228468639423,0.7145610865834672
size_growth_sector,neutral_sector,2016-03-31,mix,0.13118191239688215,0.12995646532511906,0.11134030401621095,0.1110309071471749,0.8139112299288033,0.8074229196547309
size_growth_sector,neutral_sector,2016-04-29,mix,-0.008298000474545986,-0.009372344307365221,-0.011394600000562725,-0.011610388767915758,0.8071573941566158,0.7998554740500686
size_growth_sector,neutral_sector,2016-05-31,bear,0.004213539125215695,0.0031256411244966475,0.00179957429668866,0.0013275819279381373,0.8105583834171017,0.8023555352134133
size_growth_sector,neutral_sector,2016-06-30,bear,0.04390861750002656,0.042777716497734763,0.03809082093340896,0.037561478860155706,0.8461488814360031,0.836678472829161
size_growth_sector,neutral_sector,2016-07-29,bear,-0.0022097619154683337,-0.0032907013400598206,-0.001344955462241783,-0.0017352581982469362,0.8442790938629897,0.8339252138574228
size_growth_sector,neutral_sector,2016-08-31,bear,0.02777456918935349,0.026661146739398234,0.019049967622307835,0.01882638718967189,0.8677285819706119,0.8561586163537596
size_growth_sector,neutral_sector,2016-09-30,mix,-0.002578812740668304,-0.0036593523601992084,-0.00804678580485297,-0.008241048603519818,0.8654908724479841,0.8530256303003005
size_growth_sector,neutral_sector,2016-10-31,mix,0.018023042986375717,0.01692018468980705,0.013411839824572775,0.01333153259161124,0.8810896516464298,0.8674589815101207
size_growth_sector,neutral_sector,2016-11-30,mix,0.013713642250116502,0.012615452471012256,0.00923816087914222,0.00911772850694792,0.8931725999193888,0.8784023690619143
size_growth_sector,neutral_sector,2016-12-30,mix,-0.036345366215297735,-0.037389325401897766,-0.03635640825455861,-0.03653631226520315,0.860709914681849,0.8455594970512604
size_growth_sector,neutral_sector,2017-01-26,mix,-0.014013541188574537,-0.015081693185620249,-0.0033825823973522157,-0.0035609380877476005,0.8486483208410404,0.832807028146546
size_growth_sector,neutral_sector,2017-02-28,mix,0.03247343267520582,0.031354919789807756,0.021397368721874817,0.021216788776716733,0.8762068449527984,0.8589196257144691
size_growth_sector,neutral_sector,2017-03-31,mix,0.006098499729317417,0.005008559687943892,0.008613613176137727,0.008439850832181905,0.8815503921595691,0.8632215759270064
size_growth_sector,neutral_sector,2017-04-28,mix,-0.013804452416997523,-0.014872830926879188,-0.0055871187965433975,-0.0057322727477711055,0.8693810717178168,0.8503830273758098
size_growth_sector,neutral_sector,2017-05-31,mix,-0.03456600921461075,-0.035611896037961555,-0.021426034728209174,-0.021597329630720474,0.8393300375818106,0.8200992754124555
size_growth_sector,neutral_sector,2017-06-30,mix,0.05094691648585512,0.04980839065966225,0.04511161974154028,0.04486445382803517,0.8820913149105607,0.860947100501905
size_growth_sector,neutral_sector,2017-07-31,mix,0.02765960647730288,0.026546308570285948,0.010199940551074647,0.010047334826974952,0.9064896135580335,0.8838020678945216
size_growth_sector,neutral_sector,2017-08-31,mix,0.021995639236218435,0.02088847729371257,0.018689699835846015,0.01852935659289412,0.926428432069235,0.9022633473218726
size_growth_sector,neutral_sector,2017-09-29,mix,0.021923268369098626,0.020816184828365447,0.017967791018249708,0.017800674448355647,0.9467387712102521,0.9210450279235844
size_growth_sector,neutral_sector,2017-10-31,mix,0.02994526632791557,0.028829492289393688,0.0253955123123795,0.025233303576850608,0.9750891158571067,0.9475982884542918
size_growth_sector,neutral_sector,2017-11-30,bull,-0.012058783714693393,-0.013129053365669163,-0.020738150853674715,-0.020937972501147595,0.9633307271064342,0.9351572199559587
size_growth_sector,neutral_sector,2017-12-29,mix,0.018694732753016818,0.017591146792534484,0.012225204483997618,0.012020674910460993,0.9813399376024584,0.9516077078863024
size_growth_sector,neutral_sector,2018-01-31,bull,0.03732458408640468,0.03620081578697776,0.015633349737796957,0.015364054344377376,1.0179680426208486,0.9860566832209626
size_growth_sector,neutral_sector,2018-02-28,bull,-0.02980771967765451,-0.030858761314670358,-0.02322934208191526,-0.02338060870124392,0.9876247365655957,0.9556281953907114
size_growth_sector,neutral_sector,2018-03-30,mix,-0.014874373296420287,-0.01594159272534912,-0.0007307864815852225,-0.0009175756662864742,0.9729344375571403,0.9403939599029324
size_growth_sector,neutral_sector,2018-04-27,mix,-0.02701075802391761,-0.028064829702725058,-0.02177525119363518,-0.02193115354001507,0.946654740891148,0.9140019635647854
size_growth_sector,neutral_sector,2018-05-31,mix,0.027924535226292124,0.02681095031313041,0.012012930002204509,0.011830271537636161,0.9730896345502994,0.9385072247960244
size_growth_sector,neutral_sector,2018-06-29,mix,-0.04477485757601213,-0.04580968481363801,-0.04095437825828368,-0.041107923198979046,0.9295196847546161,0.8955145046327965
size_growth_sector,neutral_sector,2018-07-31,mix,-0.0026757142734405645,-0.0037561489163110418,-0.004918251421928391,-0.005056013851140073,0.9270325556666742,0.8921508187966791
size_growth_sector,neutral_sector,2018-08-31,mix,-0.05344369678235375,-0.0544691327775062,-0.041638276339678454,-0.041782213021727355,0.877488508854254,0.843556137390082
size_growth_sector,neutral_sector,2018-09-28,mix,0.00010798273328711703,-0.0009754675813407054,0.0014902794651026807,0.0013571536854370958,0.877583262461868,0.842733275725017
size_growth_sector,neutral_sector,2018-10-31,mix,-0.0898889135533157,-0.0908748672302997,-0.06437120816804939,-0.064529347531455,0.7986982564465963,0.7661500011829505
size_growth_sector,neutral_sector,2018-11-30,mix,0.022219657634205112,0.021112253005101334,0.014570461397620388,0.014484181799092388,0.8164450582578762,0.7823251538477837
size_growth_sector,neutral_sector,2018-12-28,bear,-0.03550662443686571,-0.03655149226039245,-0.026812175557183262,-0.02695910931761547,0.7874558502009789,0.7537300020418061
size_growth_sector,neutral_sector,2019-01-31,bear,0.0396769518561848,0.038550635158340674,0.02649575682155533,0.026359968942816447,0.8186996980582741,0.7827867723584151
size_growth_sector,neutral_sector,2019-02-28,bear,0.14057408044457784,0.1393384585240962,0.10232087740031606,0.10204759269671371,0.9337876552730696,0.8918590745718893
size_growth_sector,neutral_sector,2019-03-29,mix,0.0770358177403423,0.07586902893779035,0.058184614631166344,0.057995004344052026,1.0057227508928674,0.9595235565090149
size_growth_sector,neutral_sector,2019-04-30,mix,-0.012827094088884316,-0.013896531403621348,-0.007663995189286275,-0.007823710655121774,0.9928222505398331,0.946189507273473
size_growth_sector,neutral_sector,2019-05-31,mix,-0.04984545802886901,-0.05087479211600432,-0.03833760143545905,-0.03846418183144096,0.9433345707204226,0.8980523127885904
size_growth_sector,neutral_sector,2019-06-28,mix,0.03621954503755838,0.035096973863767644,0.033223023213189866,0.03310848018852042,0.9775017196901168,0.9295712313388277
size_growth_sector,neutral_sector,2019-07-31,mix,0.03236432675325865,0.031245932065942617,0.021426783450281463,0.021321199217902764,1.00913790474804,0.9586165508836954
size_growth_sector,neutral_sector,2019-08-30,mix,0.03726902537294173,0.03614531726212111,0.023172703794575363,0.02305397391229458,1.046747490924892,0.9932660502481068
size_growth_sector,neutral_sector,2019-09-30,mix,0.012460769397968438,0.011363936897787141,0.010317412587662615,0.01023121676421579,1.059790770027209,1.0045534629658406
size_growth_sector,neutral_sector,2019-10-31,mix,0.02638391560699385,0.025271999698419645,0.017818324556986728,0.017720894023312672,1.0877522002646778,1.0299405377789597
size_growth_sector,neutral_sector,2019-11-29,bull,-0.002304742553241285,-0.0033855790821419873,0.00038863038497760106,0.00031184129652350734,1.085245211481346,1.026453592638405
size_growth_sector,neutral_sector,2019-12-31,mix,0.07825246974119966,0.07708436289898013,0.058490703360082344,0.05835081677599896,1.170168329554572,1.1055771138723058
size_growth_sector,neutral_sector,2020-01-23,bull,0.04030910749810381,0.03918210596498106,0.025158025227429087,0.02501583994980683,1.217336770541464,1.1488959535005085
size_growth_sector,neutral_sector,2020-02-28,bull,0.058435402583828816,0.057288764231029576,0.027642349483682382,0.027501684772613277,1.2884723348081524,1.2147147829065832
size_growth_sector,neutral_sector,2020-03-31,mix,-0.061755701210525,-0.06277213253421354,-0.053474749042807586,-0.053650109832338644,1.2089018222817125,1.1384645455627027
size_growth_sector,neutral_sector,2020-04-30,mix,0.07896567346197907,0.07779679398239514,0.06264604303301975,0.06248880673227153,1.3043635688276016,1.2270334372701055
size_growth_sector,neutral_sector,2020-05-29,mix,0.034069730802183236,0.03294948859381441,0.01918749664965519,0.019058051516528396,1.3488028844857332,1.2674635615156657
size_growth_sector,neutral_sector,2020-06-30,mix,0.13209527865935952,0.1308688421074784,0.09085964436137549,0.0906406820050103,1.526973377368424,1.4333350502246416
size_growth_sector,neutral_sector,2020-07-31,mix,0.14156319140174148,0.14032649794438967,0.11301185831677421,0.11278141568865596,1.7431366018541938,1.6344699382036114
size_growth_sector,neutral_sector,2020-08-31,bull,0.006202494150018637,0.005112441448022809,0.01955488265663949,0.019435995683287466,1.7539483964298779,1.642826070061231
size_growth_sector,neutral_sector,2020-09-30,bull,-0.05128611604168442,-0.05231388941597259,-0.03419678281572953,-0.03432630799459191,1.6639951954394487,1.5568834487023708
size_growth_sector,neutral_sector,2020-10-30,mix,0.01873086091086573,0.01762723581154546,0.020589552015514347,0.02049402914445908,1.6951632580015736,1.5843270003837397
size_growth_sector,neutral_sector,2020-11-30,mix,0.015368353045635075,0.014268370663168994,0.021305422719408766,0.021176691601645592,1.7212151254205306,1.6069327652768817
size_growth_sector,neutral_sector,2020-12-31,bull,0.10011048660035422,0.09891870023987037,0.07356983699190324,0.07334389534318797,1.8935268091702695,1.7658884657909315
size_growth_sector,neutral_sector,2021-01-29,bull,0.03913490822774502,0.038009178743831695,0.0276223589101166,0.02747414128103509,1.9676298070739229,1.8330084361288497
size_growth_sector,neutral_sector,2021-02-26,bull,-0.024822176248781625,-0.025878618891178706,-0.018798835239821402,-0.018946587969852047,1.918788953210378,1.7855727093859557
size_growth_sector,neutral_sector,2021-03-31,bull,-0.044162925070287934,-0.045198415234795175,-0.03229126315963078,-0.032430640468819494,1.8340496204440517,1.7048676526352111
size_growth_sector,neutral_sector,2021-04-30,bull,0.05802860038564687,0.056882402735229265,0.04062488826000652,0.040445007790545384,1.9404769529562471,1.8018446210626722
size_growth_sector,neutral_sector,2021-05-31,bull,0.056545118395822845,0.055400527850894,0.03804067909666406,0.03783383410307928,2.0502014520055236,1.9016677641748383
size_growth_sector,neutral_sector,2021-06-30,bull,0.045413765458701814,0.04428123387945493,0.024980474004477154,0.02478376728016607,2.1433088198899926,1.9858759592012845
size_growth_sector,neutral_sector,2021-07-30,bull,0.02388078153644461,0.02277157735644675,-0.006326060223094407,-0.006591224944835439,2.1944927095829203,2.0310974872265444
size_growth_sector,neutral_sector,2021-08-31,mix,0.043293729824522315,0.04216349495054583,0.014797341437092562,0.014598715617393898,2.2895004840534874,2.116735655873287
size_growth_sector,neutral_sector,2021-09-30,mix,-0.03789706202836137,-0.038939340211163964,-0.016551423933880382,-0.016767758751850548,2.202735142195349,2.034311366032136
size_growth_sector,neutral_sector,2021-10-29,mix,0.05080683208917371,0.04966845802107711,0.01392473848786245,0.013789488625359114,2.31464913670179,2.135352474717703
size_growth_sector,neutral_sector,2021-11-30,mix,0.021792835358311325,0.02068589312000646,0.019197611048643554,0.019014175788384824,2.3650919042501894,2.1795241477832548
size_growth_sector,neutral_sector,2021-12-31,mix,-0.06103305314170121,-0.06205026733413099,-0.007932036951338053,-0.008106745833520002,2.2207431243730804,2.0442840917521097
size_growth_sector,neutral_sector,2022-01-28,mix,-0.12246903871312698,-0.12341969725452107,-0.07887682770774349,-0.07908535324534849,1.948770848702323,1.7919791680458308
size_growth_sector,neutral_sector,2022-02-28,mix,0.04543073714563985,0.04429818718039891,0.009346965833922393,0.009196903578380988,2.0373049448868037,1.8713605966553004
size_growth_sector,neutral_sector,2022-03-31,mix,-0.09209898921242123,-0.09308254864077437,-0.06610334265085584,-0.06630474860743552,1.8496712187452615,1.697169582892705
size_growth_sector,neutral_sector,2022-04-29,mix,-0.09708052150712959,-0.0980586842754968,-0.055366031751128746,-0.055566939002639204,1.6701041722127437,1.5307473666018525
size_growth_sector,neutral_sector,2022-05-31,mix,0.08287735631915735,0.08170423918314507,0.042682730972620625,0.04268273097262054,1.8085179907833306,1.6558159155716596
size_growth_sector,neutral_sector,2022-06-30,bear,0.08816111787236645,0.08698227666133818,0.0,0.0,1.9679589585430752,1.7998425536401608
size_growth_sector,neutral_sector,2022-07-29,mix,-0.002422810917835297,-0.0035035195393409158,0.0,0.0,1.9631909660924654,1.7935367700857452
size_growth_sector,neutral_sector,2022-08-31,mix,-0.015782677851861483,-0.016848913284188582,0.0,0.0,1.9322065555129433,1.7633176245745668
size_growth_sector,neutral_sector,2022-09-30,mix,-0.019370239179609002,-0.020432588087164416,0.0,0.0,1.8947792523882492,1.7272884818847973
size_growth_sector,neutral_sector,2022-10-31,bear,-0.00447959168893498,-0.005558072131271907,0.0,0.0,1.8862914149968844,1.7176880879109664
size_growth_sector,neutral_sector,2022-11-30,bear,0.004842134934445366,0.0037535559549330966,0.03234997007983651,0.03209346598148022,1.8954250925539853,1.7241355262620623
size_growth_sector,neutral_sector,2022-12-30,bear,-0.01228657377770997,-0.013356596656117437,-0.010171670236164686,-0.010366108140067998,1.8721368123141982,1.7011069434572972
size_growth_sector,neutral_sector,2023-01-31,bear,0.03575632667024901,0.034634257316356276,0.05168985171165638,0.05154874098767426,1.9390775477467033,1.7600235190596376
size_growth_sector,neutral_sector,2023-02-28,mix,0.007643035571717198,0.006551422283181285,-0.012056143816497,-0.012215583769863758,1.9538979864204495,1.771554176361328
size_growth_sector,neutral_sector,2023-03-31,mix,-0.007819494769279386,-0.008894356983279339,-0.008375851132614619,-0.00861354337188125,1.9386194913359294,1.755797341101551
size_growth_sector,neutral_sector,2023-04-28,mix,-0.015397716622773177,-0.016464369096431897,-0.01366222943145323,-0.013837553281882076,1.908769177768954,1.7268892456191214
size_growth_sector,neutral_sector,2023-05-31,mix,-0.029203083139190174,-0.030254779799122722,-0.030538179790954842,-0.03067212603380498,1.8530272327770434,1.6746425917554417
size_growth_sector,neutral_sector,2023-06-30,mix,0.007860301344011455,0.006768452684222215,0.013385905890088824,0.013268767439915008,1.8675925852253308,1.6859773309007218
size_growth_sector,neutral_sector,2023-07-31,mix,-0.025766400359773418,-0.02682182009271694,-0.0060960174897541995,-0.0062641485263768,1.8194714469654707,1.6407563502509035
size_growth_sector,neutral_sector,2023-08-31,mix,-0.042905518831631594,-0.04394237118623068,-0.0399494890045752,-0.04006670235644283,1.7414060805340776,1.5686576256820133
size_growth_sector,neutral_sector,2023-09-28,mix,-0.012429218048960147,-0.013499086396073778,-0.017651817524713245,-0.01774626192540596,1.7197617646473347,1.5474821808670718
size_growth_sector,neutral_sector,2023-10-31,mix,-0.02687266946681911,-0.027926890741563404,-0.021825917617422575,-0.021941600052471033,1.6735471751842932,1.5042658150774808
size_growth_sector,neutral_sector,2023-11-30,mix,0.01803283342865859,0.01692996452577744,0.0021578660799209206,0.0020576489609183124,1.7037259726293936,1.5297329819640821
size_growth_sector,neutral_sector,2023-12-29,mix,-0.012358510619407827,-0.013428455566236841,-0.01721958835836456,-0.017331889731232675,1.6826704571040922,1.5091910305875704
size_growth_sector,neutral_sector,2024-01-31,mix,-0.16337488474165132,-0.1642812286165145,-0.11040852923736638,-0.11066112702493525,1.4077643651165295,1.2612592738656205
size_growth_sector,neutral_sector,2024-02-29,bear,0.12566752175616577,0.12444804860759673,0.08911425526948306,0.0889426479151425,1.584674624097366,1.4182205292864314
size_growth_sector,neutral_sector,2024-03-29,mix,0.020907249823326923,0.019801266969351694,0.01446490479431417,0.014370384671458236,1.6178058123520562,1.4463030926082472
size_growth_sector,neutral_sector,2024-04-30,mix,0.01679853781570548,0.015697006066405006,0.017288883678420523,0.017190170978016672,1.6449825844693202,1.469005721026779
size_growth_sector,neutral_sector,2024-05-31,mix,-0.01647902811538852,-0.017544509168263445,-0.008681146143550247,-0.008787331653188124,1.617874870210526,1.4432327366859934
size_growth_sector,neutral_sector,2024-06-28,mix,-0.013196506527750966,-0.014265543645679224,-0.026213090648857282,-0.02635330189277696,1.5965245739247085,1.4226442370899264
size_growth_sector,neutral_sector,2024-07-31,mix,-0.015981009574238647,-0.017047030147199882,-0.01618869511413387,-0.01629738556884719,1.5710104994233105,1.3983923778915142
size_growth_sector,neutral_sector,2024-08-30,mix,-0.040520308010663475,-0.04155974434365195,-0.03137459451108978,-0.03147756208615626,1.5073526700986917,1.3402755481742312
size_growth_sector,neutral_sector,2024-09-30,mix,0.17548736305033322,0.17421391840702882,0.14360199352186478,0.14335960709573548,1.77187401536119,1.5737702031667926
size_growth_sector,neutral_sector,2024-10-31,mix,0.007867770612587572,0.0067759138610905545,-0.005013311204183129,-0.0051587176018415,1.7858147136684563,1.5844339345006018
size_growth_sector,neutral_sector,2024-11-29,mix,-0.0034123215986232858,-0.004491958250224748,0.0022380848408222838,0.0021432848665303705,1.7797209395498663,1.5773167234165857
size_growth_sector,neutral_sector,2024-12-31,mix,0.0015989169933499322,0.000513851499940543,-0.005917312848309484,-0.006033856271267957,1.7825665656035332,1.5781272299807947
size_growth_sector,neutral_sector,2025-01-27,mix,0.013123326571686264,0.012025776301233693,-0.0003065945588188765,-0.00040172047581610304,1.8059597687797178,1.5971054350234293
size_growth_sector,neutral_sector,2025-02-28,mix,0.04776118013957246,0.04662610552775459,0.031320520842421776,0.031184954174252377,1.8922145386212266,1.671572241575782
