t_date,pool_n,delisted_in_pool,delisted_top
2006-11-30,100,2,0
2006-12-29,104,2,0
2007-01-31,107,2,0
2007-02-28,110,2,0
2007-03-30,110,2,0
2007-04-30,113,2,0
2007-05-31,117,2,0
2007-06-29,122,2,0
2007-07-31,128,3,0
2007-08-31,136,3,0
2007-09-28,141,3,0
2007-10-31,148,3,0
2007-11-30,157,3,0
2007-12-28,169,3,0
2008-01-31,171,3,0
2008-02-29,175,3,0
2008-03-31,181,3,0
2008-04-30,187,3,0
2008-05-30,195,3,1
2008-06-30,197,3,3
2008-07-31,203,3,3
2008-08-29,210,3,3
2008-09-26,214,3,3
2008-10-31,214,3,3
2008-11-28,215,3,3
2008-12-31,218,3,3
2009-01-23,219,3,3
2009-02-27,221,3,3
2009-03-31,221,3,3
2009-04-30,223,3,2
2009-05-27,225,3,3
2009-06-30,234,3,0
2009-07-31,247,3,0
2009-08-31,250,4,0
2009-09-30,257,4,0
2009-10-30,260,4,0
2009-11-30,267,5,0
2009-12-31,274,5,0
2010-01-29,277,5,0
2010-02-26,278,5,0
2010-03-31,279,5,0
2010-04-30,290,5,0
2010-05-31,298,7,0
2010-06-30,302,7,1
2010-07-30,307,8,3
2010-08-31,313,8,0
2010-09-30,317,8,0
2010-10-29,321,9,0
2010-11-30,328,10,0
2010-12-31,339,10,0
2011-01-31,341,10,1
2011-02-28,342,10,1
2011-03-31,351,10,1
2011-04-29,354,11,3
2011-05-31,359,11,2
2011-06-30,364,11,1
2011-07-29,376,12,1
2011-08-31,382,12,2
2011-09-30,389,13,4
2011-10-31,395,18,8
2011-11-30,399,18,9
2011-12-30,401,18,9
2012-01-31,408,19,11
2012-02-29,420,20,11
2012-03-30,424,22,11
2012-04-27,428,21,9
2012-05-31,436,24,8
2012-06-29,445,24,7
2012-07-31,454,27,10
2012-08-31,461,27,12
2012-09-28,475,31,11
2012-10-31,480,31,9
2012-11-30,489,31,11
2012-12-31,498,33,6
2013-01-31,506,33,1
2013-02-28,509,33,1
2013-03-29,515,33,0
2013-04-26,525,35,0
2013-05-31,531,35,0
2013-06-28,539,37,0
2013-07-31,553,41,0
2013-08-30,562,42,0
2013-09-30,579,46,0
2013-10-31,585,47,0
2013-11-29,587,48,0
2013-12-31,595,49,0
2014-01-30,600,50,0
2014-02-28,605,51,0
2014-03-31,610,52,0
2014-04-30,619,53,0
2014-05-30,627,56,1
2014-06-30,641,61,0
2014-07-31,655,65,2
2014-08-29,664,68,0
2014-09-30,676,71,0
2014-10-31,684,73,0
2014-11-28,692,76,0
2014-12-31,704,77,7
2015-01-30,715,78,7
2015-02-27,719,80,7
2015-03-31,733,81,6
2015-04-30,749,81,5
2015-05-29,766,85,0
2015-06-30,782,87,1
2015-07-31,797,89,0
2015-08-31,806,91,0
2015-09-30,820,93,0
2015-10-30,833,94,0
2015-11-30,845,94,0
2015-12-31,864,95,0
2016-01-29,877,98,0
2016-02-29,902,99,0
2016-03-31,925,103,1
2016-04-29,973,113,7
2016-05-31,1040,124,19
2016-06-30,1137,137,14
2016-07-29,1198,155,3
2016-08-31,1235,158,0
2016-09-30,1259,161,0
2016-10-31,1272,165,0
2016-11-30,1297,166,1
2016-12-30,1335,173,7
2017-01-26,1366,178,2
2017-02-28,1407,183,4
2017-03-31,1441,190,1
2017-04-28,1473,196,0
2017-05-31,1504,204,3
2017-06-30,1554,218,2
2017-07-31,1588,230,4
2017-08-31,1628,243,3
2017-09-29,1665,251,0
2017-10-31,1705,269,0
2017-11-30,1753,286,1
2017-12-29,1798,294,0
2018-01-31,1871,318,2
2018-02-28,1908,338,2
2018-03-30,1952,354,2
2018-04-27,1985,362,0
2018-05-31,2028,377,0
2018-06-29,2057,384,1
2018-07-31,2090,397,1
2018-08-31,2117,403,6
2018-09-28,2144,406,7
2018-10-31,2160,405,24
2018-11-30,2171,404,35
2018-12-28,2202,405,35
2019-01-31,2234,403,36
2019-02-28,2273,406,5
2019-03-29,2312,417,5
2019-04-30,2360,431,3
2019-05-31,2391,440,4
2019-06-28,2418,445,5
2019-07-31,2446,451,6
2019-08-30,2468,458,0
2019-09-30,2485,460,0
2019-10-31,2507,466,0
2019-11-29,2520,471,1
2019-12-31,2535,471,1
2020-01-23,2554,477,1
2020-02-28,2586,485,2
2020-03-31,2614,488,2
2020-04-30,2644,492,1
2020-05-29,2669,497,1
2020-06-30,2696,500,1
2020-07-31,2696,476,1
2020-08-31,2713,480,1
2020-09-30,2743,488,1
2020-10-30,2742,476,1
2020-11-30,2747,470,1
2020-12-31,2773,472,1
2021-01-29,2803,477,1
2021-02-26,2830,482,1
2021-03-31,2857,478,0
2021-04-30,2900,481,0
2021-05-31,2958,487,0
2021-06-30,3009,492,0
2021-07-30,3050,496,0
2021-08-31,3096,502,0
2021-09-30,3152,504,0
2021-10-29,3199,514,0
2021-11-30,3254,523,0
2021-12-31,3300,520,0
2022-01-28,3359,519,1
2022-02-28,3411,514,0
2022-03-31,3489,509,0
2022-04-29,3572,512,1
2022-05-31,3631,511,0
2022-06-30,3716,515,0
2022-07-29,3768,517,0
2022-08-31,3850,524,3
2022-09-30,3941,537,10
2022-10-31,3988,535,6
2022-11-30,4077,546,2
2022-12-30,4125,541,2
2023-01-31,4176,535,3
2023-02-28,4249,539,2
2023-03-31,4341,547,4
2023-04-28,4397,542,3
2023-05-31,4436,543,2
2023-06-30,4473,555,4
2023-07-31,4487,545,4
2023-08-31,4524,549,2
2023-09-28,4543,543,3
2023-10-31,4574,538,5
2023-11-30,4602,529,1
2023-12-29,4640,531,2
2024-01-31,4676,540,19
2024-02-29,4686,535,7
2024-03-29,4706,538,0
2024-04-30,4735,539,2
2024-05-31,4765,531,1
2024-06-28,4807,538,0
2024-07-31,4823,533,1
2024-08-30,4843,528,2
2024-09-30,4831,497,0
2024-10-31,4836,477,0
2024-11-29,4862,469,0
2024-12-31,4869,450,1
2025-01-27,4872,426,1
2025-02-28,4892,417,0
