t_date,r_mom,r_pool,w_mom,r_vt_mom,cost_vt_mom,turn_vt_mom,w_pool,r_vt_pool,cost_vt_pool,turn_vt_pool
2005-07-29,-0.00024999999999997247,0.0204863933733197,,,0.0,0.0,,,0.0,0.0
2005-08-31,0.02412618704377345,0.024879555486216898,,,0.0,0.0,,,0.0,0.0
2005-09-30,0.0037592263399754966,0.004563722170538798,,,0.0,0.0,,,0.0,0.0
2005-10-31,-0.022313963920161273,-0.022271281813949773,,,0.0,0.0,,,0.0,0.0
2005-11-30,-0.02193017207612713,-0.020503814888117367,,,0.0,0.0,,,0.0,0.0
2005-12-30,0.05546442017136677,0.057081342167380145,,,0.0,0.0,,,0.0,0.0
2006-01-25,0.07139782459839017,0.07467603862283112,,,0.0,0.0,,,0.0,0.0
2006-02-28,0.022587619490620492,0.02226593812352573,,,0.0,0.0,,,0.0,0.0
2006-03-31,0.05439859836590277,0.048748611157581445,,,0.0,0.0,,,0.0,0.0
2006-04-28,0.14400807303782037,0.14433370950412994,,,0.0,0.0,,,0.0,0.0
2006-05-31,0.1425800537011359,0.14471419817883224,,,0.0,0.0,,,0.0,0.0
2006-06-30,0.026856706791204665,0.028267778492769624,,,0.0,0.0,,,0.0,0.0
2006-07-31,-0.054237898266199736,-0.04817471748286617,0.7775230474135412,-0.04291616193317355,0.0011123847629322943,0.22247695258645883,0.789481117104489,-0.03873793513835253,0.0010525944144775552,0.21051888289551102
2006-08-31,0.03461517704467476,0.035185123870316026,0.7065017730232067,0.024585313767444862,0.00035510637195167226,0.07102127439033445,0.7124569276707091,0.025157665066945542,0.00038512094716889933,0.07702418943377987
2006-09-29,0.050995112612004734,0.04724773880295685,0.7079934143312687,0.03658423904734672,2.2374619620930127e-06,0.0014916413080620083,0.7140182448940317,0.03420572767888724,2.3419758349838004e-06,0.0015613172233225336
2006-10-31,0.01815520387151137,0.02005256217326945,0.718538245025609,0.01349424805359777,1.581724604151047e-05,0.010544830694340313,0.7255519325710529,0.014985148002815099,1.7300531515531848e-05,0.011533687677021232
2006-11-30,0.13667798728303282,0.12802782842177418,0.7543928672084685,0.10346075692559217,5.378193327428926e-05,0.03585462218285951,0.7640825634366468,0.098155672212463,5.779594629839091e-05,0.03853063086559394
2006-12-29,0.15198665815621126,0.14224547653802966,0.737302769922,0.11240859939659341,8.545048643234299e-05,0.017090097286468597,0.7595760278881363,0.10842080111294244,2.2532677742552743e-05,0.0045065355485105485
2007-01-31,0.12166694748222806,0.11917868697398992,0.6705487358807448,0.08179396321018406,0.00033377017020627567,0.06675403404125513,0.6995267508015414,0.08356468927837957,0.00030024638543297454,0.06004927708659491
2007-02-28,0.018672978314300703,0.025456807127013814,0.6510290534001889,0.012635406874036312,9.759841240277955e-05,0.01951968248055591,0.6787462375549137,0.017705386198614424,0.00010390256623313832,0.020780513246627663
2007-03-30,0.05622682025401349,0.056143107257641045,0.6484228300030012,0.03702638107434062,1.3031116985938729e-05,0.0026062233971877458,0.6809636519984201,0.03875500369802932,3.3261216652596405e-06,0.002217414443506427
2007-04-30,0.18830758783331736,0.1839872097529074,0.6487927639803053,0.12275209279198533,5.549009659561732e-07,0.0003699339773041155,0.6829500083302881,0.12617472073693242,2.9795344978019167e-06,0.0019863563318679445
2007-05-31,0.10780004379814634,0.10049607378668224,0.5999888844184302,0.06509545949995313,0.0002440193978093752,0.04880387956187504,0.6326022585915263,0.06392909174842001,0.0002517387486938089,0.05034774973876177
2007-06-29,0.011949375822360775,0.012304908999062114,0.6199811535293706,0.008006031423844977,2.998840366641048e-05,0.01999226911094032,0.6621928295394727,0.008661752657279928,4.438585642191956e-05,0.02959057094794637
2007-07-31,0.14382517215930113,0.13363431884142196,0.6113043880096977,0.08851953742453425,4.3383827598364454e-05,0.008676765519672891,0.6514713625341545,0.08758094782274055,5.360733502659088e-05,0.010721467005318175
2007-08-31,0.14715296854659932,0.13571423266389782,0.7020580557155636,0.10366587183327815,0.00013613050155879885,0.0907536677058659,0.7520536531342995,0.10232301457166523,0.00015087343590021752,0.10058229060014501
2007-09-28,0.056045246365604484,0.05276790691331579,0.7030891902781593,0.0398936325259635,1.5467018438936053e-06,0.0010311345625957369,0.7570842810230445,0.040343401984130355,7.5459418331174645e-06,0.005030627888744976
2007-10-31,0.016598011002428192,0.014734091682884864,0.7067608287642411,0.012209624886388581,5.507457729122645e-06,0.003671638486081763,0.762041059845307,0.011613556209834355,7.4351682333937965e-06,0.004956778822262531
2007-11-30,-0.13353223241809753,-0.12307013778520115,0.7046619360394789,-0.09361780105885156,1.049446362381079e-05,0.002098892724762158,0.7536368570850993,-0.09238532409494961,4.202101380103851e-05,0.008404202760207702
2007-12-28,0.10704746227012274,0.10237039123225311,0.48772845090179545,0.051971483632283245,0.0010846674256884173,0.21693348513768346,0.5207870542163534,0.052940384615371365,0.0011642490143437296,0.2328498028687459
2008-01-31,-0.0862137927939185,-0.07991528772845824,0.5029473397107296,-0.04256290318548332,2.2828333213401193e-05,0.015218888808934128,0.5358443607129145,-0.04207815144876179,2.2585959744841676e-05,0.015057306496561118
2008-02-29,0.010212448618436953,0.01061284377871341,0.4547642274121525,0.005303841951601016,0.0002409155614928854,0.04818311229857708,0.48491563741482346,0.005742393991405476,0.0002546436164904553,0.05092872329809106
2008-03-31,-0.14896867447394313,-0.14205453751563724,0.45330416539456936,-0.066632508344162,7.300310087915707e-06,0.0014600620175831414,0.48226507811092584,-0.0676661141111666,1.3252796519488131e-05,0.002650559303897626
2008-04-30,0.02111252814517739,0.019793880747075,0.3876046469015303,0.008866237139005173,0.00032849759246519536,0.06569951849303907,0.41075243865121547,0.008746011844459589,0.0003575631972985519,0.07151263945971037
2008-05-30,-0.05931018811980038,-0.05239773669789216,0.42980288001471967,-0.024613260115998344,6.329734966978407e-05,0.042198233113189376,0.45986444611569016,-0.023277446394191013,7.366801119671204e-05,0.049112007464474694
2008-06-30,-0.15304401518184918,-0.14702894946753386,0.4364663234381937,-0.06587783211256418,9.995165135211037e-06,0.006663443423474025,0.4677304125525839,-0.06790262364306901,1.1798949655340618e-05,0.007865966436893745
2008-07-31,0.011900898645607727,0.011056290280248238,0.3958250326274252,0.005505311219840323,0.00020320645405384253,0.040641290810768504,0.42190070027704435,0.0053902860444009215,0.00022914856137769778,0.04582971227553956
2008-08-29,-0.09959203107577197,-0.10761092813521811,0.4371923003786241,-0.04267339739375156,6.205090162679839e-05,0.04136726775119892,0.46508053961733825,-0.04922905530605903,6.476975901044086e-05,0.0431798393402939
2008-09-26,-0.053146071141033646,-0.054545416365980204,0.5002406384837368,-0.025855003850710587,9.457250715766901e-05,0.06304833810511268,0.5224041052565657,-0.027791946331343447,8.598534845884113e-05,0.057323565639227414
2008-10-31,-0.1416893279056155,-0.16488920850039424,0.5323414105749668,-0.07470287165685444,4.8151158136844955e-05,0.03210077209122997,0.5551460959325341,-0.09085200095636939,4.911298601395259e-05,0.03274199067596839
2008-11-28,0.05829224995143867,0.07391939961444649,0.5225396925802474,0.03119957029560565,4.900858997359703e-05,0.009801717994719406,0.5251085298301127,0.03944984129952848,0.00015018783051210682,0.030037566102421365
2008-12-31,0.025649246246269408,0.02438790046209527,0.5039154924410228,0.013651255449090493,9.31210006961225e-05,0.0186242001392245,0.49036483000379927,0.012626954082680017,0.0001737184991315671,0.03474369982631342
2009-01-23,0.04239685422444839,0.05988605396191904,0.5738450429704804,0.024928159867198162,0.00010489432579418639,0.0699295505294576,0.5487819408932799,0.0335219825688368,8.762566633422098e-05,0.05841711088948065
2009-02-27,0.029252496758741975,0.0333075940700327,0.5475325252628436,0.016632417653021904,0.00013156258853818436,0.026312517707636873,0.5134374778234627,0.01772824234017814,0.00017672231534908602,0.0353444630698172
2009-03-31,0.08383798010857513,0.10938369165318318,0.5387396890745003,0.04588469206022866,4.396418094171628e-05,0.008792836188343256,0.5047158254864468,0.05598207404756981,4.36082616850797e-05,0.00872165233701594
2009-04-30,0.03603722954830468,0.04201207642890137,0.5447273988432855,0.020373404464060236,8.981564653177731e-06,0.005987709768785154,0.48920822952191456,0.02131872968579587,7.753797982266109e-05,0.015507595964532217
2009-05-27,0.0336161284635188,0.037555325549542884,0.5392573440243175,0.018861347833129066,2.7350274094840033e-05,0.0054700548189680065,0.4834827537200367,0.018981795060611366,2.8627379009389386e-05,0.005725475801877877
2009-06-30,0.0806746560280831,0.09989230787988101,0.5381545887592065,0.04417269780734089,5.51377632555472e-06,0.001102755265110944,0.48190953925911206,0.04898685851128109,7.866072304623107e-06,0.0015732144609246212
2009-07-31,0.12035783391941934,0.1276501885469732,0.6141763821556498,0.07444412538369581,0.00011403269009466499,0.07602179339644333,0.5227058730497165,0.06745059880430805,6.119450068590665e-05,0.04079633379060443
2009-08-31,-0.17179737919263893,-0.1827079719853384,0.5585804250101668,-0.09551159255442968,0.00027797978572741524,0.055595957145483044,0.4859656080849814,-0.08812452244242162,0.00018370132482367545,0.03674026496473509
2009-09-30,0.051542653025858476,0.05621221105218699,0.4845081028234217,0.02545384819977908,0.00037036161093372547,0.07407232218674509,0.42878001715330205,0.024760161107476173,0.00028592795465839677,0.05718559093167935
2009-10-30,0.0737984625700443,0.07198745572103538,0.4947050834604581,0.03732771475012375,1.5295470955554586e-05,0.01019698063703639,0.4379274838122734,0.03243987260803091,1.3721199988457055e-05,0.00914746665897137
2009-11-30,0.07513992841979111,0.0685066239428811,0.6022558255897901,0.045749040353428624,0.00016132611319399795,0.10755074212933197,0.5492701745837479,0.03820604820896751,0.00016701403615721177,0.11134269077147452
2009-12-31,0.011408191729905148,0.012128479662886438,0.5974295448161043,0.007456337224990886,2.4131403868428714e-05,0.004826280773685743,0.5503744181410626,0.007416141775924085,1.6563653359719655e-06,0.0011042435573146436
2010-01-29,-0.0643297211814704,-0.06678717662606215,0.5943730143398882,-0.037581206997585694,1.5282652381080618e-05,0.003056530476216124,0.5477276098385073,-0.03584745003980253,1.3234041512776295e-05,0.002646808302555259
2010-02-26,0.0303267598590371,0.025844612196960215,0.550463722941683,0.017216680389497273,0.00021954645699102604,0.04390929139820521,0.5090330861199853,0.013773161862425973,0.00019347261859261,0.038694523718522
2010-03-31,0.012257362192715116,0.013284170326273381,0.5504656053153243,0.007489696076252872,2.823560461939767e-09,1.882373641293178e-06,0.5088323729194736,0.007569615612376307,1.0035660025586868e-06,0.00020071320051173736
2010-04-30,-0.047163928346667494,-0.044008339291012,0.5630273804328667,-0.025851729882695764,1.8842662676313627e-05,0.012561775117542417,0.5295974861757028,-0.022560945532963228,3.114766988434381e-05,0.020765113256229206
2010-05-31,-0.04841942389866838,-0.04385760012144824,0.5450730889710658,-0.02573054762795991,8.977145730900472e-05,0.017954291461800942,0.515968676829249,-0.021897874867409704,6.814404673226915e-05,0.01362880934645383
2010-06-30,-0.06418162603460398,-0.06201331256797071,0.5319484679391295,-0.03343391558542257,6.562310515968118e-05,0.013124621031936234,0.5064489016223721,-0.030639033146425312,4.759887603438429e-05,0.009519775206876857
2010-07-30,0.08760406538756516,0.08471172470540966,0.536191408803924,0.04773220042270185,6.36441129719173e-06,0.004242940864794487,0.5215513299441403,0.044949055916878505,2.2653642482652337e-05,0.015102428321768224
2010-08-31,0.058413098687144505,0.05441228220423877,0.5645051876812238,0.033651281658221364,4.24706683159497e-05,0.0283137788772998,0.5574119893976174,0.031007237564714057,5.3790989180215574e-05,0.03586065945347705
2010-09-30,0.030569459189358383,0.02396859025131981,0.7540999589487757,0.02317415967282172,0.0002843921569013278,0.18959477126755186,0.7798944559152752,0.018722769154392055,0.0003337236997764867,0.2224824665176578
2010-10-29,0.056907508552387354,0.0680494877532265,0.7662623380680066,0.0439738737403,1.8243568678846355e-05,0.012162379119230904,0.8009090767055629,0.05479874532183284,3.1521931185431564e-05,0.021014620790287708
2010-11-30,0.024269221334468627,0.0013950458642280061,0.786612356402169,0.01941237139667791,3.052502750124359e-05,0.02035001833416239,0.8067266155997675,0.001435901028148069,8.726308341306998e-06,0.005817538894204666
2010-12-31,-0.015475886542781314,-0.009027724851828456,0.8399385917744254,-0.012814429273278525,7.998935305838467e-05,0.05332623537225645,0.8563283558780169,-0.007567813989054746,7.440261041737406e-05,0.04960174027824937
2011-01-31,-0.059886633029097136,-0.05025821979058431,0.8336614745456294,-0.04968184278432467,3.13855861439799e-05,0.006277117228795981,0.8542988242690106,-0.042705048397489634,1.0147658045031593e-05,0.0020295316090063187
2011-02-28,0.056128328309174025,0.05319079854404096,0.8421979918007216,0.047518983455382705,1.2804775882638287e-05,0.00853651725509219,0.8876557526144504,0.0473506285796164,5.00353925181597e-05,0.033356928345439796
2011-03-31,-0.03693140197265998,-0.02861372450758448,0.8160310899225435,-0.029964167101489615,0.0001308345093908908,0.02616690187817816,0.8584079442567905,-0.024474636682108107,0.00014623904178829973,0.029247808357659943
2011-04-29,-0.025149399080049206,-0.021792575695352867,0.7938105757812928,-0.01973442293730032,0.00011110257070625352,0.022220514141250702,0.8416835965145963,-0.0181646028155084,8.362173871097056e-05,0.016724347742194112
2011-05-31,-0.05714827402456679,-0.052723291842755815,0.8163943210273616,-0.04638616228172334,3.387561786910332e-05,0.022583745246068876,0.8670801276099085,-0.04553388543978103,3.809479664296822e-05,0.025396531095312147
2011-06-30,0.03357467984272455,0.028123434622672416,0.8034138475838504,0.027234138360168674,6.490236721755638e-05,0.012980473443511276,0.8523949987903309,0.024142631037142717,7.34256440978881e-05,0.01468512881957762
2011-07-29,0.011966467714048523,0.005416395121179418,0.8697198797166453,0.010523184023368116,9.945904819919244e-05,0.06630603213279496,0.9322078908591322,0.005041451113745949,0.00011971933810320208,0.07981289206880138
2011-08-31,-0.021923174848949456,-0.021472411001218772,0.9866710081899669,-0.02178437381000097,0.00017542669270998235,0.11695112847332156,1.0,-0.021574099164930072,0.00010168816371130163,0.06779210914086775
2011-09-30,-0.09861982512351053,-0.09424869384276235,1.0,-0.09863981861122557,1.9993487715049665e-05,0.013328991810033108,1.0,-0.09424869384276235,-0.0,0.0
2011-10-31,0.030130630907491796,0.03028342852387933,0.889209315730667,0.02642146409300358,0.0005539534213466652,0.11079068426933303,0.945580059344413,0.028453185393922546,0.0002720997032779349,0.054419940655586974
2011-11-30,-0.028380153476032954,-0.02830992991954684,0.9448300338448393,-0.026806734761923773,8.343107717125853e-05,0.05562071811417235,1.0,-0.028391559830530218,8.162991098338046e-05,0.054419940655586974
2011-12-30,-0.0670744851524897,-0.07077332622258525,0.9750589611062958,-0.06540572904693115,4.5343390892184645e-05,0.03022892726145643,1.0,-0.07077332622258525,-0.0,0.0
2012-01-31,-0.016262579709953595,-0.016124602204232064,0.9287572487853908,-0.015217834155370742,0.00023150856160452483,0.046301712320904964,0.9895581664944219,-0.015991195423224108,5.220916752789073e-05,0.010441833505578146
2012-02-29,0.05402801809301194,0.06797037792033733,0.9607530701430483,0.05192441002007842,4.7993732036486326e-05,0.03199582135765755,1.0,0.06795471517007896,1.566275025836722e-05,0.010441833505578146
2012-03-30,-0.03119312084638648,-0.04270909401521572,0.9674577963732158,-0.030134338950360457,1.0057089345251236e-05,0.00670472623016749,0.9587987117772682,-0.04108738348683304,0.00020600644111365917,0.041201288222731836
2012-04-27,0.03361962795967499,0.043212364973622686,0.9714678842176451,0.03270149681933356,6.015131766643867e-06,0.004010087844429244,0.9480091767158223,0.04099763793888803,5.394767530722933e-05,0.010789535061445865
2012-05-31,0.013255848161199069,0.020026659124000146,0.9235590148750453,0.012129262224109932,0.00023954434671299873,0.04790886934259975,0.8849970187142487,0.017598409603095395,0.0003150607900078678,0.06301215800157356
2012-06-29,-0.01007465864364221,-0.023100475157194378,0.9569434783383691,-0.009619844234611605,5.00766951949857e-05,0.0333844634633238,0.9020196807336573,-0.0207007947558609,2.5533993029112913e-05,0.017022662019408608
2012-07-31,-0.023617429129112133,-0.03857018895384978,0.9980376100873846,-0.02362948267556402,6.164119762352317e-05,0.04109413174901544,0.923147429430498,-0.035510734139883184,3.1691623045260965e-05,0.021127748696840642
2012-08-31,-0.022475813770228337,-0.026187380209050093,1.0,-0.02247875735509726,2.9435848689231548e-06,0.0019623899126154365,0.9166316911598671,-0.0238990717593681,3.25786913531545e-05,0.0065157382706309
2012-09-28,0.016590856532102682,0.02447486659798148,1.0,0.016590856532102682,-0.0,0.0,0.9150251575262514,0.022527428857047175,8.032668168078683e-06,0.0016065336336157365
2012-10-31,0.0018057080860518493,-0.004421378238332552,1.0,0.0018057080860518493,-0.0,0.0,1.0,-0.004548840502043175,0.00012746226371062298,0.08497484247374865
2012-11-30,-0.04522997598299283,-0.06404768109378844,1.0,-0.04522997598299283,-0.0,0.0,1.0,-0.06404768109378844,-0.0,0.0
2012-12-31,0.07012941734846967,0.12314146807446469,1.0,0.07012941734846967,-0.0,0.0,1.0,0.12314146807446469,-0.0,0.0
2013-01-31,0.036009184971321995,0.04661316656303738,1.0,0.036009184971321995,-0.0,0.0,0.8127132080154975,0.03725602153702255,0.0009364339599225124,0.1872867919845025
2013-02-28,0.022048020190241546,0.02190461092326723,1.0,0.022048020190241546,-0.0,0.0,0.801010599922568,0.017815959668700282,5.851304046464778e-05,0.011702608092929556
2013-03-29,-0.00017126067749539953,-0.01966862056508023,1.0,-0.00017126067749539953,-0.0,0.0,0.8462720596760654,-0.016459002034405992,6.789218963024623e-05,0.04526145975349749
2013-04-26,-0.0011057098777778052,-0.006678946141990605,1.0,-0.0011057098777778052,-0.0,0.0,0.8738646544182802,-0.005669561076088234,4.1388892113322143e-05,0.02759259474221476
2013-05-31,0.09552628358663062,0.09128212244759148,1.0,0.09552628358663062,-0.0,0.0,0.893439266370086,0.08170166430953485,2.936191792770865e-05,0.019574611951805765
2013-06-28,-0.07253509859677332,-0.08421921556708012,1.0,-0.07253509859677332,-0.0,0.0,0.7940498328286663,-0.06703105776448094,0.0004969471677070986,0.09938943354141971
2013-07-31,0.052460986285485456,0.03720095210037222,0.9273680777053553,0.048407441919408795,0.0003631596114732233,0.07263192229464466,0.7160149610781743,0.026715288291774955,0.0003901743587524598,0.07803487175049195
2013-08-30,0.024969193462068162,0.027237982819450668,0.9134566756022063,0.022881652778194796,6.955701051574504e-05,0.013911402103149006,0.7286738555370528,0.02027673480332991,1.89883416883177e-05,0.012658894458878467
2013-09-30,0.08703150194752474,0.054414955679902954,0.9380587816630589,0.08170606248213337,3.6903159091278836e-05,0.024602106060852558,0.7423982625961706,0.040802432158257226,2.0586610588676725e-05,0.013724407059117816
2013-10-31,-0.07356518989797456,-0.040805387189617015,0.8587093004174406,-0.06333450708102822,0.00039674740622809123,0.07934948124561825,0.7295931448266613,-0.029388757448474447,6.402558884754661e-05,0.012805117769509322
2013-11-29,0.05084849393943558,0.037177700908267663,0.7536823901309108,0.03820529345419176,0.0005251345514326495,0.10502691028652988,0.7038507723761908,0.02652795616412445,0.00012871186225235255,0.025742372450470508
2013-12-31,-0.026655395337812693,-0.022041759911752834,0.791190954316063,-0.020800905405750296,5.626284627772837e-05,0.03750856418515225,0.7685899097231446,-0.016655990388556842,9.710870602043071e-05,0.0647391373469538
2014-01-30,0.06624507012883618,0.01743436303169066,0.7946200194071996,0.052973717049506215,5.143597636704911e-06,0.003429065091136607,0.9004230748434237,0.01566501240894231,0.00019774974768041866,0.1318331651202791
2014-02-28,-0.008294638941908627,-0.007397914048143606,0.7709827193266057,-0.006134969129091249,0.00011818650040296975,0.023637300080593948,0.9233415687700154,-0.00673857167207456,3.43777408898876e-05,0.022918493926591732
2014-03-31,-0.06682347844866565,-0.044805159833930075,0.7639227567597342,-0.050693374924869215,3.5299812834357346e-05,0.007059962566871469,0.9222672342645235,-0.04119932053091081,5.371672527459403e-06,0.0010743345054918807
2014-04-30,-0.02946603113499624,-0.009970027977387441,0.7041180565026843,-0.0205579149914504,0.00029902350128524935,0.05980470025704987,0.8877948903770962,-0.008838385753645305,0.0001723617194371363,0.03447234388742726
2014-05-30,0.018835883822007737,0.010667946142298268,0.6925167757574298,0.013493992673045232,5.800640372627286e-05,0.011601280745254572,0.8863372071075359,0.009635832516455682,7.28841634780153e-06,0.001457683269560306
2014-06-30,0.045804963054263625,0.02847730821396377,0.7674225681352916,0.03542352422959473,0.00011235868856679283,0.07490579237786188,1.0,0.028306814024625072,0.0001704941893386961,0.11366279289246406
2014-07-31,0.01143900412871246,0.030695769744188972,0.825917043480814,0.009647438913302815,8.774171301828348e-05,0.05849447534552232,1.0,0.030695769744188972,-0.0,0.0
2014-08-29,0.03980157990402122,0.022551473915330078,0.8515792845620137,0.03410083645591742,3.8493361621799615e-05,0.025662241081199744,1.0,0.022551473915330078,-0.0,0.0
2014-09-30,0.09352512225975929,0.06189156005492702,0.8413721164709449,0.07890038106484196,5.103584045534404e-05,0.010207168091068808,1.0,0.06189156005492702,-0.0,0.0
2014-10-31,0.004410518245404393,0.005126694750012151,0.8266873415147701,0.0038589356743551637,7.342387478087409e-05,0.014684774956174818,1.0,0.005126694750012151,-0.0,0.0
2014-11-28,0.06251540568619718,0.054633413331684366,0.9532244291010304,0.05947865992214861,0.00018980563137939056,0.12653708758626037,1.0,0.054633413331684366,-0.0,0.0
2014-12-31,0.0023967351270093307,0.04904918507755385,0.934415594263422,0.0022538204820204814,9.404417418804212e-05,0.018808834837608424,1.0,0.04904918507755385,-0.0,0.0
2015-01-30,0.04650510897433824,0.03868801428321733,0.9721546917207393,0.04519954002270143,5.660864618597594e-05,0.037739097457317294,1.0,0.03868801428321733,-0.0,0.0
2015-02-27,0.06599735562359754,0.05993267172481098,1.0,0.06595558766117865,4.176796241889102e-05,0.027845308279260683,1.0,0.05993267172481098,-0.0,0.0
2015-03-31,0.1648134406618904,0.14780573865087554,0.980558198649594,0.16154407119749897,9.720900675202981e-05,0.019441801350405963,1.0,0.14780573865087554,-0.0,0.0
2015-04-30,0.14938876872815787,0.12021298570606209,0.8538299432690534,0.12716037438389152,0.0006336412769027033,0.12672825538054067,1.0,0.12021298570606209,-0.0,0.0
2015-05-29,0.15371435446539627,0.1698572790057835,0.810753833252506,0.12472167698913202,0.0002153805500827366,0.04307611001654732,1.0,0.1698572790057835,-0.0,0.0
2015-06-30,-0.13338694512644544,-0.11872489174419254,0.743838328321074,-0.09912982798015361,0.0003345775246571603,0.06691550493143206,0.8308109911162892,-0.09920446062102255,0.000845945044418554,0.1691890088837108
2015-07-31,-0.16417029331580868,-0.11782324458215065,0.5230427478604825,-0.08618432555581607,0.0011039779023029573,0.22079558046059145,0.5828408193878303,-0.0692230749712123,0.0012398508586422947,0.24797017172845892
2015-08-31,-0.13122788059796653,-0.10690928716931292,0.416330409394608,-0.054203741163324215,0.0005335616923293726,0.10671233846587452,0.48494677319830076,-0.05148413178975708,0.0004894702309476476,0.09789404618952952
2015-09-30,0.0020629499229642967,-0.0035665525083813376,0.3758160232716429,0.0016036082905649212,0.00020257193061482576,0.04051438612296515,0.4372724054648108,-0.0008685364600150483,0.00023837183866744994,0.047674367733489986
2015-10-30,0.15070888980541142,0.12700996596344072,0.38194083251171995,0.0585734665898398,9.187213860115618e-06,0.006124809240077078,0.43769180273030067,0.056519289575881364,6.290958982348438e-07,0.00041939726548989587
2015-11-30,0.07345330914834536,0.054993495236811185,0.3626147192092385,0.02759131411717743,9.663056651240731e-05,0.019326113302481462,0.42081610584881946,0.02401433931811651,8.437848440740608e-05,0.016875696881481217
2015-12-31,0.040465588978034095,0.03461851182297759,0.3616889702803686,0.015685551026103823,4.62874464434937e-06,0.0009257489288698739,0.42079036792355023,0.015523619435559726,1.2868962634610125e-07,2.5737925269220252e-05
2016-01-29,-0.22912502523692213,-0.203638980057799,0.36272772256290403,-0.08205904973713325,1.5581284238031234e-06,0.0010387522825354156,0.4211762108912705,-0.08481249822775978,5.787644515803936e-07,0.0003858429677202624
2016-02-29,-0.01896907553698235,-0.017552273172559807,0.30619965491883416,-0.0049450970445717906,0.00028264033822034937,0.05652806764406987,0.35064400626276565,-0.0054347961898411155,0.00035266102314252424,0.07053220462850485
2016-03-31,0.13148411809146898,0.11071543039435472,0.3080088869786273,0.041638442603991126,2.7138480896897466e-06,0.0018092320597931644,0.35240173601981767,0.04008323446446198,2.6365946355780267e-06,0.0017577297570520178
2016-04-29,-0.011343570656239699,-0.01174529060349394,0.31507902214042416,-0.0024535236723657178,1.0605202742695246e-05,0.007070135161796831,0.3625527762700221,-0.003220718361096849,1.5226560375306619e-05,0.010151040250204413
2016-05-31,0.003171269118956266,0.0013535139952918218,0.33473921609242985,0.0021307901195720767,2.9490290928008535e-05,0.01966019395200569,0.38080668344431223,0.0015106944186784482,2.7380860761435228e-05,0.01825390717429015
2016-06-30,0.033645659971232256,0.03764724188633406,0.36461344200151174,0.013272241110341608,4.4811338863622846e-05,0.029874225909081897,0.43561890678975657,0.017249753279859538,8.22183350181665e-05,0.05481222334544433
2016-07-29,0.0006736313797361948,-0.001688903474772463,0.3782685506514586,0.0012611709392710444,2.0482662974920268e-05,0.013655108649946845,0.45297056343150827,0.0001124125455247342,2.602748496262755e-05,0.0173516566417517
2016-08-31,0.019130432101620576,0.018813310354274027,0.4176880879712168,0.008893159766401601,5.912930597963734e-05,0.039419537319758224,0.48591037029733153,0.009941233710393198,4.9409710298734896e-05,0.03293980686582326
2016-09-30,-0.0016404375296530382,-0.008180405646148858,0.45793373111966285,8.36863707390181e-05,6.036846472266905e-05,0.04024564314844603,0.5261049650061861,-0.003581367739398221,6.029189206328184e-05,0.04019459470885456
2016-10-31,0.013028176941149994,0.013311314345967773,0.4576595673575871,0.006856818321361954,1.370818810378649e-06,0.0002741637620757298,0.5255219321797032,0.007776111575795211,2.9151641324143274e-06,0.0005830328264828655
2016-11-30,0.008653560427164253,0.00908498006760916,0.5117797108254799,0.005153871938641821,8.118021520183918e-05,0.05412014346789279,0.5846131073494224,0.0059086068897424154,8.863676275457877e-05,0.05909117516971918
2016-12-30,-0.030644308579499957,-0.03643805262811328,0.5291586694152794,-0.015464137253199164,2.6068437884699314e-05,0.017378958589799542,0.5991779792662515,-0.021192735895143748,2.184730787524364e-05,0.014564871916829092
2017-01-26,-0.006986346262747745,-0.0035455085137007236,0.5336995240365191,-0.0029652878099368594,6.811281931859481e-06,0.004540854621239654,0.6017808288373668,-0.0014798319892230607,3.90427435667301e-06,0.00260284957111534
2017-02-28,0.027403364327612145,0.02115753037801693,1.0,0.026703913613666926,0.0006994507139452213,0.4663004759634809,1.0,0.02056020162127298,0.0005973287567439498,0.39821917116263317
2017-03-31,0.004698515558342109,0.008397655120574443,1.0,0.004698515558342109,-0.0,0.0,1.0,0.008397655120574443,-0.0,0.0
2017-04-28,-0.007820870499558485,-0.005668850454690677,1.0,-0.007820870499558485,-0.0,0.0,1.0,-0.005668850454690677,-0.0,0.0
2017-05-31,-0.023035602823936685,-0.021479368678843258,1.0,-0.023035602823936685,-0.0,0.0,1.0,-0.021479368678843258,-0.0,0.0
2017-06-30,0.056059480615160195,0.04485169448840054,1.0,0.056059480615160195,-0.0,0.0,1.0,0.04485169448840054,-0.0,0.0
2017-07-31,0.020987309965536882,0.01007026874644712,1.0,0.020987309965536882,-0.0,0.0,1.0,0.01007026874644712,-0.0,0.0
2017-08-31,0.019414874202910104,0.018501795781529884,1.0,0.019414874202910104,-0.0,0.0,1.0,0.018501795781529884,-0.0,0.0
2017-09-29,0.028007524047390042,0.017801428190906243,1.0,0.028007524047390042,-0.0,0.0,1.0,0.017801428190906243,-0.0,0.0
2017-10-31,0.047331074464751044,0.025207027972358853,1.0,0.047331074464751044,-0.0,0.0,1.0,0.025207027972358853,-0.0,0.0
2017-11-30,-0.020410231364072717,-0.020847831819023055,1.0,-0.020410231364072717,-0.0,0.0,1.0,-0.020847831819023055,-0.0,0.0
2017-12-29,0.03122186137013605,0.012028432461510974,1.0,0.03122186137013605,-0.0,0.0,1.0,0.012028432461510974,-0.0,0.0
2018-01-31,0.03415208897276445,0.015353743466663072,1.0,0.03415208897276445,-0.0,0.0,1.0,0.015353743466663072,-0.0,0.0
2018-02-28,-0.03477529167859028,-0.02344245437475867,1.0,-0.03477529167859028,-0.0,0.0,1.0,-0.02344245437475867,-0.0,0.0
2018-03-30,-0.019536087235841104,-0.0009489337943044962,1.0,-0.019536087235841104,-0.0,0.0,1.0,-0.0009489337943044962,-0.0,0.0
2018-04-27,-0.034064842287988895,-0.02191586286458347,1.0,-0.034064842287988895,-0.0,0.0,1.0,-0.02191586286458347,-0.0,0.0
2018-05-31,0.053691682850847355,0.011849813097138728,1.0,0.053691682850847355,-0.0,0.0,1.0,0.011849813097138728,-0.0,0.0
2018-06-29,-0.05122615967536004,-0.041109817856816444,1.0,-0.05122615967536004,-0.0,0.0,1.0,-0.041109817856816444,-0.0,0.0
2018-07-31,-0.019739392259987443,-0.00505076259138082,1.0,-0.019739392259987443,-0.0,0.0,1.0,-0.00505076259138082,-0.0,0.0
2018-08-31,-0.06628416145766791,-0.041782213021727355,1.0,-0.06628416145766791,-0.0,0.0,1.0,-0.041782213021727355,-0.0,0.0
2018-09-28,0.003176580770413162,0.0013571536854370958,1.0,0.003176580770413162,-0.0,0.0,1.0,0.0013571536854370958,-0.0,0.0
2018-10-31,-0.09293278669862215,-0.064529347531455,1.0,-0.09293278669862215,-0.0,0.0,1.0,-0.064529347531455,-0.0,0.0
2018-11-30,0.020146113585011838,0.014484181799092388,1.0,0.020146113585011838,-0.0,0.0,1.0,0.014484181799092388,-0.0,0.0
2018-12-28,-0.02445290330660521,-0.02695910931761547,0.9760671145258436,-0.023947812093478276,0.00011966442737078198,0.023932885474156396,1.0,-0.02695910931761547,-0.0,0.0
2019-01-31,0.019546638543379347,0.026359968942816447,1.0,0.01951073921516811,3.5899328211234595e-05,0.023932885474156396,1.0,0.026359968942816447,-0.0,0.0
2019-02-28,0.0422150045341545,0.10204759269671371,1.0,0.0422150045341545,-0.0,0.0,1.0,0.10204759269671371,-0.0,0.0
2019-03-29,0.029306874482213585,0.057995004344052026,0.9850977462853541,0.028820237018114706,7.451126857322965e-05,0.01490225371464593,1.0,0.057995004344052026,-0.0,0.0
2019-04-30,-0.006153746199356713,-0.007823710655121774,0.9487869649902289,-0.005935565595246714,0.00018155390647562608,0.036310781295125216,0.9339992718202809,-0.007528338127140162,0.0003300036408985957,0.06600072817971914
2019-05-31,-0.024585590254952994,-0.03846418183144096,0.9620282938975471,-0.023609182080996743,1.9861993360977325e-05,0.013241328907318217,0.9433336237893578,-0.036204968433702515,1.4001527953615423e-05,0.009334351969076948
2019-06-28,0.02409200634566555,0.03310848018852042,1.0,0.024035048786511873,5.6957559153679396e-05,0.03797170610245293,0.9169459672361648,0.03036391959497811,0.00013193828276596487,0.026387656553192973
2019-07-31,0.01968867254389539,0.021321199217902764,1.0,0.01968867254389539,-0.0,0.0,0.9315379722729625,0.01995268928320334,2.1888007555196545e-05,0.014592005036797695
2019-08-30,0.029662597589969142,0.02305397391229458,1.0,0.029662597589969142,-0.0,0.0,0.9286493392483273,0.021512455892754474,1.4443165123176338e-05,0.0028886330246352676
2019-09-30,0.00032541228404170397,0.01023121676421579,1.0,0.00032541228404170397,-0.0,0.0,0.9790250782474526,0.00997569597323007,7.556360849868793e-05,0.050375738999125286
2019-10-31,0.03051324477275008,0.017720894023312672,1.0,0.03051324477275008,-0.0,0.0,0.9816213059302746,0.01742166669937122,3.894341524233125e-06,0.002596227682822083
2019-11-29,-0.007728803129264494,0.00031184129652350734,1.0,-0.007728803129264494,-0.0,0.0,1.0,0.0002842732554189193,2.756804110458805e-05,0.018378694069725365
2019-12-31,0.0678963640808008,0.05835081677599896,1.0,0.0678963640808008,-0.0,0.0,1.0,0.05835081677599896,-0.0,0.0
2020-01-23,0.04665656289508435,0.02501583994980683,1.0,0.04665656289508435,-0.0,0.0,1.0,0.02501583994980683,-0.0,0.0
2020-02-28,0.0591464955659311,0.027501684772613277,1.0,0.0591464955659311,-0.0,0.0,1.0,0.027501684772613277,-0.0,0.0
2020-03-31,-0.08208414785761309,-0.053650109832338644,1.0,-0.08208414785761309,-0.0,0.0,1.0,-0.053650109832338644,-0.0,0.0
2020-04-30,0.09574300116719736,0.06248880673227153,1.0,0.09574300116719736,-0.0,0.0,1.0,0.06248880673227153,-0.0,0.0
2020-05-29,0.03337610488713394,0.019058051516528396,0.9264706379065974,0.030675774094729057,0.00036764681046701274,0.07352936209340255,1.0,0.019058051516528396,-0.0,0.0
2020-06-30,0.15719179628435098,0.0906406820050103,0.9737249704817983,0.15303409104555737,7.088149886280126e-05,0.04725433257520084,1.0,0.0906406820050103,-0.0,0.0
2020-07-31,0.12218963661157156,0.11278141568865596,0.7429368494015857,0.09004980374126559,0.0011539406054010633,0.23078812108021263,1.0,0.11278141568865596,-0.0,0.0
2020-08-31,-0.024524233096755332,0.019435995683287466,0.6898457746797064,-0.016671149033415725,0.0002654553736093962,0.05309107472187924,0.9930391091830157,0.019277395862449843,3.4804454084921276e-05,0.006960890816984255
2020-09-30,-0.05723827323113462,-0.03432630799459191,0.65680539251012,-0.03719279463037466,0.0001652019108479319,0.03304038216958638,0.991087219615289,-0.03401540441642528,9.759447838633694e-06,0.001951889567726739
2020-10-30,0.029745469361202925,0.02049402914445908,0.6090883612098387,0.018524656383459973,0.0002385851565014069,0.047717031300281376,0.9119282194859853,0.01843874621307771,0.0003957950006465183,0.07915900012930366
2020-11-30,-0.017457183665277598,0.021176691601645592,0.6090328508105586,-0.009986561853517595,2.7755199640044915e-07,5.551039928008983e-05,0.9129276622466945,0.0194750954388163,1.4991641410637691e-06,0.0009994427607091794
2020-12-31,0.13621436006172538,0.07334389534318797,0.603889842392994,0.08288696151705446,2.5715042087822716e-05,0.005143008417564543,0.9280213860587726,0.06816094136254021,2.264058571811711e-05,0.015093723812078075
2021-01-29,0.046923316517381686,0.02747414128103509,0.5624014231670649,0.02690502752020863,0.0002074420961296458,0.04148841922592916,0.9086174503999436,0.025017390234649047,9.701967829414515e-05,0.01940393565882903
2021-02-26,-0.05332845377952711,-0.018946587969852047,0.5623894626541429,-0.029268670886805476,5.980256460980104e-08,1.1960512921960209e-05,0.9091413216267972,-0.017075851339751584,7.858068402804008e-07,0.0005238712268536005
2021-03-31,-0.05564952366241638,-0.032430640468819494,0.5320476731436268,-0.02898704721046637,0.0001517089475525807,0.030341789510516137,0.8681154731173559,-0.02814085201802334,0.00020512924254720622,0.04102584850944124
2021-04-30,0.07169167935980236,0.040445007790545384,0.5529448540276156,0.04034854732728976,3.134577132598326e-05,0.020897180883988842,0.9212600449908354,0.037310698276369486,7.971685781021915e-05,0.05314457187347943
2021-05-31,0.07495582790532418,0.03783383410307928,0.5631337075780127,0.04291639019258244,1.5283280325595672e-05,0.010188853550397114,0.9404686386372271,0.03565104244618468,2.881289046958757e-05,0.019208593646391714
2021-06-30,0.0475271497374441,0.02478376728016607,0.5560666628195845,0.02712612032302131,3.5335223792141156e-05,0.007067044758428231,0.9409222384054949,0.02341648911213111,6.803996524017975e-07,0.00045359976826786497
2021-07-30,0.02753398697249354,-0.006591224944835439,0.6351748545366642,0.017972772271209945,0.00011866228757561959,0.07910819171707972,1.0,-0.006679841587227196,8.861664239175759e-05,0.05907776159450506
2021-08-31,0.051882514617366926,0.014595929390069484,0.7069527337211313,0.03705481010786242,0.00010766681877670065,0.0717778791844671,1.0,0.014595929390069484,-0.0,0.0
2021-09-30,-0.053097537767144765,-0.01675892606599838,0.7181706068329835,-0.03768445357314922,1.6826809667778276e-05,0.011217873111852183,1.0,-0.01675892606599838,-0.0,0.0
2021-10-29,0.06779321374689018,0.01377959690823971,0.7242384955283485,0.04954479584261122,9.101833043047514e-06,0.006067888695365009,1.0,0.01377959690823971,-0.0,0.0
2021-11-30,0.010198760967945697,0.018977471535425616,0.7095566526721926,0.007642880281252308,7.340921428077962e-05,0.014681842856155924,1.0,0.018977471535425616,-0.0,0.0
2021-12-31,-0.07096780472616049,-0.00810728427812868,0.7261853918600635,-0.051108499106300595,2.4943108781806335e-05,0.01662873918787089,1.0,-0.00810728427812868,-0.0,0.0
2022-01-28,-0.12305655168393415,-0.07916999514768919,0.7689289562645246,-0.094304228579197,6.411534660669172e-05,0.04274356440446114,1.0,-0.07916999514768919,-0.0,0.0
2022-02-28,0.05112663916077187,0.009177785825467133,0.6415912632873032,0.03275765770990716,0.0006366884648861071,0.12733769297722142,1.0,0.009177785825467133,-0.0,0.0
2022-03-31,-0.10284891726872514,-0.06646742454887533,0.648491504733194,-0.06612645462369542,1.0350362168836114e-05,0.006900241445890742,1.0,-0.06646742454887533,-0.0,0.0
2022-04-29,-0.10738698057180629,-0.05560463707003349,0.6008720280157481,-0.06410473788665368,0.0002380973835872291,0.04761947671744582,1.0,-0.05560463707003349,-0.0,0.0
2022-05-31,0.09032719546208523,0.042353332855799675,0.5748270213195567,0.05249449541980922,0.00013022503348095738,0.026045006696191475,1.0,0.042353332855799675,-0.0,0.0
2022-06-30,0.11747085610124675,0.08164809954007346,0.562160218276235,0.06669723608848825,6.333401521660842e-05,0.012666803043321684,1.0,0.08164809954007346,-0.0,0.0
2022-07-29,0.0003393214022047175,-0.02231408244028732,0.5152441172139729,0.000740866603024701,0.00023458050531131037,0.04691610106226207,0.9418897000009372,-0.021211982030546292,0.00029055149999531404,0.05811029999906281
2022-08-31,-0.03988637253760796,-0.026867891101188146,0.5186113359920769,-0.019895523261341863,5.050828167155963e-06,0.0033672187781039753,0.9359270103351555,-0.025070376688985874,2.9813448328908643e-05,0.0059626896657817285
2022-09-30,-0.05701051652784084,-0.048935826494898915,0.5285115984611629,-0.02936686818487554,1.4850393703629062e-05,0.00990026246908604,0.9379927023239146,-0.04580213657896316,3.0985379831387494e-06,0.0020656919887591663
2022-10-31,-0.028898656432123193,-0.02351545973931779,0.5273514686062977,-0.014464932082673429,5.800649274326219e-06,0.001160129854865244,0.9104252764964725,-0.021398966125784177,0.00013783712913721048,0.027567425827442094
2022-11-30,0.03464338636643016,0.032265888662590836,0.5549004888564136,0.019917426530097117,4.1323530375173946e-05,0.027549020250115963,0.9222224466184247,0.029867086982423394,1.7695755182928208e-05,0.011797170121952139
2022-12-30,-0.035561050101364455,-0.010371142346058404,0.5463696085988273,-0.018722923954112788,4.265440128793152e-05,0.008530880257586304,0.902664063519945,-0.0092986911962339,9.779191549239841e-05,0.01955838309847968
2023-01-31,0.05298699879841795,0.05135488716972936,0.5564592114312606,0.03020251283626724,1.513440424864998e-05,0.01008960283243332,0.9030396836135963,0.04653507547719592,5.634301404769948e-07,0.00037562009365132987
2023-02-28,0.010630282359887389,-0.012270875009658622,0.5984952767755471,0.00696223737867675,6.305409801642975e-05,0.0420360653442865,0.9291193410955705,-0.011323161618948741,3.911948622296124e-05,0.02607965748197416
2023-03-31,-0.010452816346584126,-0.008728496599413882,0.6136242719923798,-0.005798664385874781,2.269349282524896e-05,0.015128995216832641,0.9311726225310587,-0.008017142981694975,3.0799221532323286e-06,0.002053281435488219
2023-04-28,-0.006691702519399101,-0.013750298682049578,0.6800344847991875,-0.00412175473225427,9.961531921021155e-05,0.0664102128068077,1.0,-0.013853539748252989,0.00010324106620341194,0.0688273774689413
2023-05-31,-0.028835763621650523,-0.03067212603380498,0.8052077318933278,-0.02308482442607895,0.00018775987064121054,0.12517324709414035,1.0,-0.03067212603380498,-0.0,0.0
2023-06-30,0.0012348443842469248,0.013268767439915008,0.8934040620090952,0.0011469723517080976,0.000132294495173651,0.08819633011576733,1.0,0.013268767439915008,-0.0,0.0
2023-07-31,-0.039601363522710153,-0.0062641485263768,1.0,-0.03976125742969651,0.00015989390698635726,0.10659593799090483,1.0,-0.0062641485263768,-0.0,0.0
2023-08-31,-0.0437255953620439,-0.04006670235644283,1.0,-0.0437255953620439,-0.0,0.0,1.0,-0.04006670235644283,-0.0,0.0
2023-09-28,-0.025054537474448746,-0.01774626192540596,1.0,-0.025054537474448746,-0.0,0.0,1.0,-0.01774626192540596,-0.0,0.0
2023-10-31,-0.03216459087470991,-0.021941600052471033,1.0,-0.03216459087470991,-0.0,0.0,1.0,-0.021941600052471033,-0.0,0.0
2023-11-30,0.0193140271063843,0.002055033786399596,1.0,0.0193140271063843,-0.0,0.0,1.0,0.002055033786399596,-0.0,0.0
2023-12-29,-0.008275857561216182,-0.017321889402962865,1.0,-0.008275857561216182,-0.0,0.0,1.0,-0.017321889402962865,-0.0,0.0
2024-01-31,-0.13889559703501642,-0.11066174757105174,1.0,-0.13889559703501642,-0.0,0.0,1.0,-0.11066174757105174,-0.0,0.0
2024-02-29,0.08584644123514318,0.08893854687610259,1.0,0.08584644123514318,-0.0,0.0,1.0,0.08893854687610259,-0.0,0.0
2024-03-29,0.023364682565496064,0.014369676798191566,0.8443922823173382,0.0192079178456452,0.000778038588413309,0.1556077176826618,0.96665922212363,0.013778941711858072,0.0001667038893818501,0.03334077787637002
2024-04-30,0.01249231115060323,0.01719481950512125,0.8216637073068658,0.010445372704248938,0.00011364287505236215,0.02272857501047243,0.9514162499159566,0.01636345584372181,7.621486103836672e-05,0.015242972207673344
2024-05-31,0.00030704256070035463,-0.008787331653188124,0.812418632350352,0.0005130276018537452,4.6225374782568605e-05,0.009245074956513721,0.9361783013565662,-0.008197292239199114,7.618974279695212e-05,0.015237948559390424
2024-06-28,-0.012254534688383556,-0.026357306527218127,0.8131420769081342,-0.00965715190299748,1.085166836673257e-06,0.0007234445577821713,0.9464176794379968,-0.024871884388094193,1.5359067122145908e-05,0.010239378081430606
2024-07-31,-0.022208896663693745,-0.016300396291564878,0.8156675672918923,-0.017814424950289558,3.7882355756370666e-06,0.0025254903837580445,0.9502745842343641,-0.015413512099108002,5.785357194550866e-06,0.0038569047963672443
2024-08-30,-0.026611861615533527,-0.03147622261562211,0.8242248169571847,-0.021656685637795874,1.2835874497938715e-05,0.008557249665292477,0.9501430702214435,-0.029825229592052013,6.575700646027638e-07,0.00013151401292055276
2024-09-30,0.11836030255473684,0.14339616481655093,0.835660465367486,0.0991632921438777,1.7153472615451803e-05,0.011435648410301202,0.959108542794774,0.13758657403682983,1.3448208859995704e-05,0.008965472573330469
2024-10-31,-0.029476778104401746,-0.0051587176018415,0.6833378974939902,-0.020381219206600586,0.0007616128393674787,0.15232256787349574,0.6850936779854487,-0.004384185746284791,0.0013700743240466263,0.27401486480932524
2024-11-29,-0.022202426508026396,0.0021432848665303705,0.6846949771372128,-0.014683173649606909,2.0356194648339377e-06,0.001357079643222625,0.689587787436169,0.001983912910938132,6.741164176080394e-06,0.004494109450720263
2024-12-31,0.010837127251554834,-0.006033856271267957,0.6836992402733165,0.007926753404861564,4.9786843194815635e-06,0.0009957368638963127,0.6895906807860874,-0.0036482291663384667,4.340024877647064e-09,2.893349918431376e-06
2025-01-27,0.0063566569837056885,-0.00040172047581610304,0.6830740536413393,0.004862370487406824,3.125933159885963e-06,0.0006251866319771926,0.6925372182257902,0.00022517359442908425,4.419806159554118e-06,0.0029465374397027455
2025-02-28,0.013855066961322438,0.031184954174252377,0.9427787632784234,0.012767211355121794,0.00038955706445562607,0.25970470963708403,0.848925260863768,0.02648862550779476,0.00023458206395696667,0.1563880426379778
