rank,fund_code,fund_name,score,age_months,age_group,coverage,as_of
1,005844,东方人工智能主题混合A,1.357544693453538,99.3,full,1.0,2026-09-15
2,013840,银华集成电路混合A,1.2972697808366913,57.2,full,1.0,2026-09-15
3,011369,华商均衡成长混合A,1.2201411479713622,65.2,full,1.0,2026-09-15
4,001184,易方达新常态混合A,0.9899793264554841,136.5,full,1.0,2026-09-15
5,001170,宏利复兴混合A,0.9490442446859111,136.8,full,1.0,2026-09-15
6,630001,华商领先企业混合,0.9473613502285969,232.0,full,1.0,2026-09-15
7,001741,广发百发大数据精选混合A,0.9464740756485719,132.0,full,1.0,2026-09-15
8,007639,汇添富竞争优势灵活配置混合,0.9108986881843113,84.4,full,1.0,2026-09-15
9,011891,易方达先锋成长混合A,0.8832589296624775,59.7,full,1.0,2026-09-15
10,162201,宏利成长混合,0.8776902095569104,280.7,full,1.0,2026-09-15
11,002125,广发新兴成长混合A,0.8480299071500423,108.0,full,1.0,2026-09-15
12,006976,鹏华核心优势混合A,0.8307007937817743,89.4,full,1.0,2026-09-15
13,001753,红土创新新兴产业混合A,0.8294336338667305,131.7,full,1.0,2026-09-15
14,016500,华夏半导体龙头混合发起A,0.8275888174256238,47.9,full,1.0,2026-09-15
15,010415,华泰柏瑞质量精选混合A,0.8173253136138954,65.5,full,1.0,2026-09-15
16,501026,财通多策略福享混合(LOF)A,0.813419006906263,119.9,full,1.0,2026-09-15
17,010335,华宝竞争优势混合A,0.7851432786438624,69.2,full,1.0,2026-09-15
18,000390,华商优势行业混合A,0.7810745470387739,153.1,full,1.0,2026-09-15
19,016370,信澳业绩驱动混合A,0.769566211130583,48.7,full,1.0,2026-09-15
20,005875,易方达中盘成长混合,0.7462623641190054,98.4,full,1.0,2026-09-15
21,001154,华银平安中国主题灵活配置,0.7453798460044925,136.4,full,1.0,2026-09-15
22,018776,金信精选成长混合A,0.7252731303650015,36.0,full,1.0,2026-09-15
23,000742,国泰新经济灵活配置混合A,0.7202270716632013,144.0,full,1.0,2026-09-15
24,007872,金信稳健策略混合A,0.7149085559105333,81.1,full,1.0,2026-09-15
25,010912,国泰成长价值混合A,0.7062908826056125,65.8,full,1.0,2026-09-15
26,001060,前海开源高端装备制造混合A,0.7008237360724787,137.7,full,1.0,2026-09-15
27,017102,大摩数字经济混合A,0.7003374013344257,42.5,full,1.0,2026-09-15
28,009855,中加新兴成长混合A,0.6899091188339059,71.9,full,1.0,2026-09-15
29,009993,嘉实前沿创新混合,0.6845951518665254,72.0,full,1.0,2026-09-15
30,009085,银华丰享一年持有期混合,0.6752270989122606,76.5,full,1.0,2026-09-15
31,519158,新华趋势领航混合,0.6717757858880555,156.1,full,1.0,2026-09-15
32,010363,信澳匠心臻选两年持有期混合,0.6458125940824462,70.5,full,1.0,2026-09-15
33,000805,中银新经济灵活配置混合A,0.6455413857116263,143.5,full,1.0,2026-09-15
34,012456,鹏扬数字经济先锋混合A,0.6257299230372233,60.3,full,1.0,2026-09-15
35,501200,民生加银科技创新混合(LOF),0.6154582552234937,76.0,full,1.0,2026-09-15
36,009049,易方达高端制造混合发起式A,0.6114504471808209,78.0,full,1.0,2026-09-15
37,011899,长安鑫瑞科技6个月定开混合A,0.609124977790658,63.4,full,1.0,2026-09-15
38,013238,财通均衡优选一年持有混合A,0.6017794347750915,57.7,full,1.0,2026-09-15
39,001470,融通通鑫灵活配置混合A,0.5948114079023954,135.0,full,1.0,2026-09-15
40,001607,英大策略优选A,0.5939558032387995,129.4,full,1.0,2026-09-15
41,006025,诺安优化配置混合A,0.5885306440101379,95.8,full,1.0,2026-09-15
42,015967,永赢半导体产业智选混合发起A,0.5793415890657683,47.8,full,1.0,2026-09-15
43,017876,汇添富新能源精选混合发起式A,0.5718817528368776,42.0,full,1.0,2026-09-15
44,570008,诺德周期策略混合,0.568641689909656,173.8,full,1.0,2026-09-15
45,501079,大成科创主题混合(LOF)A,0.5659765556693879,85.9,full,1.0,2026-09-15
46,740001,长安宏观策略混合A,0.5573063099556457,174.2,full,1.0,2026-09-15
47,014007,华安制造升级一年持有混合A,0.5572379858480918,56.9,full,1.0,2026-09-15
48,010371,大成成长进取混合A,0.5467403464110365,69.5,full,1.0,2026-09-15
49,010020,华夏线上经济主题精选混合,0.5459915716785446,72.6,full,1.0,2026-09-15
50,011665,汇添富数字经济引领发展三年持有混合A,0.5352838643248272,61.9,full,1.0,2026-09-15
51,959991,兴证资管金麒麟领先优势一年持有期混合A,0.5302121193731282,76.1,full,1.0,2026-09-15
52,001412,德邦鑫星价值灵活配置混合A,0.5288606671401048,134.9,full,1.0,2026-09-15
53,013085,申万菱信乐同混合A,0.5157010286651824,60.3,full,1.0,2026-09-15
54,018000,鹏华芯片产业混合发起式A,0.5148012192879483,39.7,full,1.0,2026-09-15
55,016623,银华卓信成长精选混合A,0.5143743350477537,46.4,full,1.0,2026-09-15
56,018325,国泰海通创新成长混合发起A,0.5121711252526073,40.0,full,1.0,2026-09-15
57,002272,新华科技创新主题灵活配置混合A,0.5113099747137222,125.8,full,1.0,2026-09-15
58,001387,国联新经济混合A,0.5076631922152264,129.9,full,1.0,2026-09-15
59,015229,华夏低碳经济一年持有混合A,0.5032123213706559,50.6,full,1.0,2026-09-15
60,010198,易方达竞争优势企业混合A,0.5008784950571743,67.8,full,1.0,2026-09-15
61,050022,博时回报混合,0.49079016291758326,178.2,full,1.0,2026-09-15
62,001239,长盛国企改革混合,0.4902355244893155,135.4,full,1.0,2026-09-15
63,610006,信澳产业升级混合A,0.48274877300010344,183.1,full,1.0,2026-09-15
64,014189,南方专精特新混合A,0.4820094700762154,56.3,full,1.0,2026-09-15
65,501015,财通多策略升级混合(LOF)A,0.47787630058973907,126.2,full,1.0,2026-09-15
66,008635,华安科技创新混合A,0.46917231417074867,78.3,full,1.0,2026-09-15
67,001018,易方达新经济混合,0.4689831725288236,139.1,full,1.0,2026-09-15
68,018019,南方核心科技一年持有混合A,0.4644457049653421,38.2,full,1.0,2026-09-15
69,160215,国泰价值经典混合(LOF),0.4611311421259021,193.1,full,1.0,2026-09-15
70,013147,汇添富碳中和主题混合A,0.4597366284703326,60.0,full,1.0,2026-09-15
71,008082,国寿安保研究精选混合A,0.4420443389816151,80.5,full,1.0,2026-09-15
72,009217,博时荣丰回报灵活配置混合A,0.4389851859362499,76.3,full,1.0,2026-09-15
73,012082,博时数字经济混合A,0.4374650252466481,62.9,full,1.0,2026-09-15
74,008507,交银内核驱动混合,0.43366542079293136,80.1,full,1.0,2026-09-15
75,018876,兴合先进制造混合发起式A,0.4297159302094631,37.3,full,1.0,2026-09-15
76,002152,华宝核心优势混合A,0.4266019898058593,127.8,full,1.0,2026-09-15
77,014036,博时成长回报混合A,0.4265106662421141,57.4,full,1.0,2026-09-15
78,001816,汇添富新睿精选混合A,0.4258580676940751,116.8,full,1.0,2026-09-15
79,017794,交银启盛混合A,0.4243575421485657,41.6,full,1.0,2026-09-15
80,018790,华泰柏瑞均衡成长混合A,0.42190840110800076,36.8,full,1.0,2026-09-15
81,009023,鹏华稳健回报混合A,0.41976578074610815,77.6,full,1.0,2026-09-15
82,005967,鹏华创新驱动混合A,0.4193108391763538,99.3,full,1.0,2026-09-15
83,012846,恒越蓝筹精选混合,0.41416039288699547,60.9,full,1.0,2026-09-15
84,009715,汇添富策略增长灵活配置混合,0.41301678094500005,73.7,full,1.0,2026-09-15
85,009644,东方阿尔法优势产业混合A,0.4081114558558998,74.6,full,1.0,2026-09-15
86,008633,万家科技创新混合A,0.40542776282230797,80.3,full,1.0,2026-09-15
87,009929,南方创新驱动混合A,0.40431027040297796,72.6,full,1.0,2026-09-15
88,012200,新华鑫科技3个月滚动持有灵活配置混合A,0.40423143484588486,63.7,full,1.0,2026-09-15
89,000522,华润元大信息传媒科技混合A,0.4035598853994178,149.5,full,1.0,2026-09-15
90,009892,富国成长策略混合A,0.4033395658768213,73.1,full,1.0,2026-09-15
91,519185,万家精选混合A,0.40285109886838155,207.9,full,1.0,2026-09-15
92,015527,弘毅远方汽车产业升级混合A,0.4011671094763767,45.0,full,1.0,2026-09-15
93,005914,景顺长城智能生活混合A,0.40034605067425866,91.5,full,1.0,2026-09-15
94,001279,中海积极增利混合,0.3999530688296009,135.9,full,1.0,2026-09-15
95,001822,华商智能生活灵活配置混合A,0.39872719363726516,130.1,full,1.0,2026-09-15
96,360016,光大保德信行业轮动混合A,0.3971548665965865,175.0,full,1.0,2026-09-15
97,009913,中信保诚成长动力混合A,0.39664213967759787,72.2,full,1.0,2026-09-15
98,015096,东财数字经济混合A,0.3922627005249324,54.5,full,1.0,2026-09-15
99,004833,先锋聚利混合A,0.39130542427634096,100.2,full,1.0,2026-09-15
100,007340,南方科技创新混合A,0.38892498018599575,88.3,full,1.0,2026-09-15
101,011500,九泰量化新兴产业,0.3836402584892469,64.6,full,1.0,2026-09-15
102,519091,新华泛资源优势混合,0.38288934662273366,206.1,full,1.0,2026-09-15
103,100039,富国通胀通缩主题轮动混合A,0.3824764745574798,196.1,full,1.0,2026-09-15
104,160605,鹏华中国50混合,0.3795245494776951,268.1,full,1.0,2026-09-15
105,002292,诺安益鑫灵活配置混合A,0.37876094571147667,127.8,full,1.0,2026-09-15
106,007346,易方达科技创新混合A,0.3783979696070523,88.6,full,1.0,2026-09-15
107,320007,诺安成长混合A,0.3768082299856368,210.2,full,1.0,2026-09-15
108,009511,信澳研究优选混合A,0.3764875170358748,74.8,full,1.0,2026-09-15
109,014254,信澳智远三年持有期混合A,0.37534094162907694,55.7,full,1.0,2026-09-15
110,010155,长盛核心成长混合A,0.37470379626671857,71.7,full,1.0,2026-09-15
111,006128,银河和美生活混合A,0.3725134713476277,93.8,full,1.0,2026-09-15
112,009394,银华同力精选混合,0.3633748319538108,75.0,full,1.0,2026-09-15
113,008251,汇安宜创量化精选混合A,0.3612446017141435,80.7,full,1.0,2026-09-15
114,580009,东吴多策略混合A,0.36090434265945714,163.5,full,1.0,2026-09-15
115,008980,中邮科技创新精选混合A,0.3569191688273421,78.6,full,1.0,2026-09-15
116,100022,富国天瑞强势混合A,0.34902736417200386,257.3,full,1.0,2026-09-15
117,005041,人保研究精选混合A,0.346306171713912,103.4,full,1.0,2026-09-15
118,320005,诺安价值增长混合A,0.3459691306086987,237.8,full,1.0,2026-09-15
119,000061,华夏盛世混合,0.3455996337971359,201.1,full,1.0,2026-09-15
120,014401,富国核心趋势混合A,0.34544982057661966,40.0,full,1.0,2026-09-15
121,001106,华商健康生活混合,0.34369450895432396,138.0,full,1.0,2026-09-15
122,167002,平安鼎越混合(LOF)A,0.3432933583055975,119.8,full,1.0,2026-09-15
123,009234,鹏华优质企业混合A,0.34264896692875246,75.1,full,1.0,2026-09-15
124,007353,工银科技创新混合,0.342313704536505,88.3,full,1.0,2026-09-15
125,003131,国寿安保强国智造混合,0.3407959081183869,119.6,full,1.0,2026-09-15
126,506001,万家科创板2年定开混合,0.34000565794102244,73.4,full,1.0,2026-09-15
127,014807,宏利景气智选18个月持有混合A,0.33892185805769137,53.6,full,1.0,2026-09-15
128,001479,中邮风格轮动灵活配置混合,0.3352467160839865,127.6,full,1.0,2026-09-15
129,013674,长城价值甄选一年持有混合A,0.3316895617075897,53.3,full,1.0,2026-09-15
130,000263,工银信息产业混合A,0.33135467856453693,154.1,full,1.0,2026-09-15
131,001538,摩根科技前沿混合A,0.330031196977814,134.2,full,1.0,2026-09-15
132,673010,西部利得新动向混合A,0.3284230252123228,180.9,full,1.0,2026-09-15
133,050010,博时特许价值混合A,0.3263380542962919,219.6,full,1.0,2026-09-15
134,001088,华宝国策导向混合A,0.3255776807118802,136.3,full,1.0,2026-09-15
135,010755,博道睿见一年持有期混合,0.3249061961182278,69.2,full,1.0,2026-09-15
136,240005,华宝多策略增长A,0.32386008711897385,268.2,full,1.0,2026-09-15
137,004183,富国产业升级混合A,0.3231704816224017,111.2,full,1.0,2026-09-15
138,519005,海富通股票混合,0.3222871738325246,253.6,full,1.0,2026-09-15
139,001210,天弘互联网混合A,0.3180705003480966,135.6,full,1.0,2026-09-15
140,005977,中信保诚至兴混合A,0.3178664493057153,98.6,full,1.0,2026-09-15
141,007113,永赢高端制造混合A,0.31570858913755173,82.5,full,1.0,2026-09-15
142,007497,中庚价值灵动灵活配置混合,0.3135048257855748,86.0,full,1.0,2026-09-15
143,010427,兴银策略智选混合A,0.30790389747252966,70.1,full,1.0,2026-09-15
144,010114,华宝新兴成长混合A,0.30531468464784006,71.7,full,1.0,2026-09-15
145,007355,汇添富科技创新混合A,0.30497068768281177,88.3,full,1.0,2026-09-15
146,004641,万家量化睿选混合A,0.2987636792931079,109.4,full,1.0,2026-09-15
147,165528,中信保诚鼎利混合(LOF)A,0.2980387372433788,123.7,full,1.0,2026-09-15
148,015547,华商核心成长一年持有混合A,0.29527121288354574,44.6,full,1.0,2026-09-15
149,012221,瑞达行业轮动混合A,0.2923300560482198,63.2,full,1.0,2026-09-15
150,040008,华安策略优选混合A,0.2921616917855221,228.9,full,1.0,2026-09-15
151,005343,长安裕盛灵活配置混合A,0.2911467346590002,105.5,full,1.0,2026-09-15
152,001951,金鹰改革红利混合,0.2908413474565037,129.4,full,1.0,2026-09-15
153,005910,广发龙头优选混合A,0.2908382883628611,97.2,full,1.0,2026-09-15
154,019006,蜂巢先进制造混合发起式A,0.29005684050090674,37.0,full,1.0,2026-09-15
155,000574,宝盈新价值混合A,0.28976314180387,149.2,full,1.0,2026-09-15
156,400001,东方龙混合,0.2895021973913636,261.7,full,1.0,2026-09-15
157,006864,国联安核心资产策略混合,0.28801430221321467,69.9,full,1.0,2026-09-15
158,012188,华安优势龙头混合A,0.2855642409436092,58.0,full,1.0,2026-09-15
159,001667,南方转型增长混合A,0.28279510987881484,120.9,full,1.0,2026-09-15
160,015079,永赢成长远航一年持有混合A,0.2825767598977751,53.3,full,1.0,2026-09-15
161,005001,交银持续成长主题混合A,0.2810060141874491,104.1,full,1.0,2026-09-15
162,010305,华夏创新驱动混合A,0.28004691268863446,70.6,full,1.0,2026-09-15
163,005094,万家臻选混合A,0.27664331944323384,104.8,full,1.0,2026-09-15
164,010864,泓德卓远混合A,0.27620465690409124,68.8,full,1.0,2026-09-15
165,006430,凯石澜龙头经济一年持有混合,0.27565014436008806,93.3,full,1.0,2026-09-15
166,011284,中信保诚龙腾精选混合,0.27545229795131454,65.5,full,1.0,2026-09-15
167,008065,汇添富中盘积极成长混合A,0.2704489154094962,78.1,full,1.0,2026-09-15
168,260112,景顺长城能源基建混合A,0.2697845097708482,202.8,full,1.0,2026-09-15
169,010792,华安成长先锋混合A,0.2691036929757238,66.7,full,1.0,2026-09-15
170,257020,国联安精选混合,0.26809428150135295,248.6,full,1.0,2026-09-15
171,011828,平安睿享成长混合A,0.2646469209994149,61.3,full,1.0,2026-09-15
172,002810,金信转型创新成长混合发起式A,0.2646025069340976,123.2,full,1.0,2026-09-15
173,008381,前海开源新兴产业混合A,0.2643236224851504,77.1,full,1.0,2026-09-15
174,002863,金信深圳成长混合A,0.2627060792644764,116.8,full,1.0,2026-09-15
175,001216,易方达新收益混合A,0.26234535183496765,137.0,full,1.0,2026-09-15
176,012528,广发鑫睿一年持有期混合A,0.26078165795425967,58.2,full,1.0,2026-09-15
177,013145,浙商汇金先进制造混合,0.2607534951401269,60.9,full,1.0,2026-09-15
178,690001,民生加银品牌蓝筹混合A,0.2601020890273684,209.6,full,1.0,2026-09-15
179,080002,长盛创新先锋混合A,0.25962032511604916,219.4,full,1.0,2026-09-15
180,006769,长城研究精选混合A,0.2581223415859597,85.1,full,1.0,2026-09-15
181,003292,嘉实优势成长混合A,0.2570907040778232,117.5,full,1.0,2026-09-15
182,000209,中信保诚新兴产业混合A,0.2549544193582225,158.0,full,1.0,2026-09-15
183,700004,平安灵活配置混合A,0.2524177531869858,168.1,full,1.0,2026-09-15
184,000652,博时裕隆灵活配置混合A,0.2509276368220146,146.4,full,1.0,2026-09-15
185,009488,中邮价值精选混合A,0.25078175688622606,74.7,full,1.0,2026-09-15
186,014783,招商远见成长混合A,0.2502888800680616,48.8,full,1.0,2026-09-15
187,270028,广发制造业精选混合A,0.250106041733964,179.8,full,1.0,2026-09-15
188,010088,工银优质成长混合A,0.24998986292758252,69.7,full,1.0,2026-09-15
189,014562,易方达品质动能三年持有混合A,0.24731951606477987,50.3,full,1.0,2026-09-15
190,000011,华夏大盘精选混合A,0.24712557712342642,265.1,full,1.0,2026-09-15
191,013269,交银瑞和三年持有期混合,0.2466250238026002,54.5,full,1.0,2026-09-15
192,000925,汇添富外延增长股票A,0.24632804805962683,141.2,full,1.0,2026-09-15
193,410009,华富量子生命力混合A,0.24629380093593323,185.5,full,1.0,2026-09-15
194,003624,创金合信资源股票发起式A,0.2458885987693582,118.4,full,1.0,2026-09-15
195,630011,华商主题精选混合,0.24538158643396857,171.5,full,1.0,2026-09-15
196,016856,银河景气行业混合A,0.24507554301939538,45.5,full,1.0,2026-09-15
197,375010,摩根中国优势混合A,0.24354474265966797,264.0,full,1.0,2026-09-15
198,519195,万家品质生活混合A,0.24294056932583596,133.3,full,1.0,2026-09-15
199,210008,金鹰策略配置混合,0.24292576979269875,180.5,full,1.0,2026-09-15
200,630010,华商价值精选混合,0.24246234617980855,183.5,full,1.0,2026-09-15
201,009931,淳厚欣享一年持有期混合A,0.24235481999526498,72.0,full,1.0,2026-09-15
202,008671,银华科技创新混合A,0.24216347807219307,80.0,full,1.0,2026-09-15
203,015842,国投瑞银专精特新量化选股混合A,0.2420482705438065,45.3,full,1.0,2026-09-15
204,519957,长信睿进混合A,0.24164161837626796,134.3,full,1.0,2026-09-15
205,001069,华泰柏瑞消费成长混合,0.23973588528144263,135.9,full,1.0,2026-09-15
206,017801,汇添富战略精选中小盘市值3年持有混合发起A,0.2390925456182984,41.8,full,1.0,2026-09-15
207,501099,平安新兴产业混合(LOF),0.2384315883680399,77.2,full,1.0,2026-09-15
208,002669,华商万众创新混合A,0.2384282165175975,122.6,full,1.0,2026-09-15
209,501097,国寿安保科技创新混合(LOF),0.23815378445202984,77.7,full,1.0,2026-09-15
210,010264,鹏华成长智选混合A,0.23783278864321233,70.9,full,1.0,2026-09-15
211,004205,东方支柱产业灵活配置混合,0.23635324660663737,111.7,full,1.0,2026-09-15
212,005774,华夏产业升级混合A,0.23568935716758155,96.7,full,1.0,2026-09-15
213,002145,诺安景鑫灵活配置混合,0.23537539955390696,129.2,full,1.0,2026-09-15
214,010967,博道嘉丰混合A,0.23428536599615835,67.4,full,1.0,2026-09-15
215,013755,中银证券内需增长混合A,0.23320584748697581,58.2,full,1.0,2026-09-15
216,011170,宝盈智慧生活混合A,0.23277082539883898,64.9,full,1.0,2026-09-15
217,002030,中信保诚新选混合B,0.23218354048624157,130.0,full,1.0,2026-09-15
218,002160,南方驱动混合,0.23214853762998144,125.8,full,1.0,2026-09-15
219,004958,圆信永丰优享生活,0.2282711074031829,108.5,full,1.0,2026-09-15
220,519110,浦银价值成长混合A,0.22657136936659716,221.0,full,1.0,2026-09-15
221,002252,融通成长30灵活配置混合A,0.22600397759630764,129.1,full,1.0,2026-09-15
222,001366,金鹰产业整合混合A,0.22577885271375364,135.0,full,1.0,2026-09-15
223,260115,景顺长城中小盘混合A,0.2247816139660621,185.8,full,1.0,2026-09-15
224,000594,大摩进取优选股票,0.22405635274865987,147.6,full,1.0,2026-09-15
225,519679,银河主题混合A,0.22368584199040953,167.8,full,1.0,2026-09-15
226,009008,平安科技创新混合A,0.22290938746467215,78.3,full,1.0,2026-09-15
227,004616,中欧电子信息产业沪港深股票A,0.22225718752530943,110.3,full,1.0,2026-09-15
228,519029,华夏稳增混合,0.2211892961962203,239.5,full,1.0,2026-09-15
229,001484,天弘新价值混合A,0.22106999783622028,134.9,full,1.0,2026-09-15
230,014049,中银远见成长混合A,0.2200768007247933,51.7,full,1.0,2026-09-15
231,004666,长城久嘉创新成长混合A,0.21784794022595966,109.4,full,1.0,2026-09-15
232,007808,华银量化优选灵活配置,0.21664273932714306,83.9,full,1.0,2026-09-15
233,000592,建信改革红利股票A,0.21608339124501397,148.1,full,1.0,2026-09-15
234,000545,中邮核心竞争力灵活配置混合,0.21556750503010003,148.8,full,1.0,2026-09-15
235,002601,中银证券价值精选混合,0.2152062159588648,124.6,full,1.0,2026-09-15
236,018918,华夏清洁能源龙头混合发起式A,0.21365907678127316,36.8,full,1.0,2026-09-15
237,005598,广发中小盘精选混合A,0.2135154386576772,100.4,full,1.0,2026-09-15
238,010761,华商甄选回报混合A,0.21322562021580738,67.8,full,1.0,2026-09-15
239,012647,中欧洞见一年持有混合,0.21256323748716888,58.7,full,1.0,2026-09-15
240,481008,工银大盘蓝筹混合,0.21116382873276374,217.4,full,1.0,2026-09-15
241,007777,中邮研究精选混合,0.2096882393056918,84.1,full,1.0,2026-09-15
242,010137,华泰柏瑞量化创享混合A,0.20894280625307848,68.5,full,1.0,2026-09-15
243,012410,海富通成长领航混合A,0.2088517165384811,57.3,full,1.0,2026-09-15
244,202001,南方稳健成长混合,0.2088211272995546,299.6,full,1.0,2026-09-15
245,009847,圆信永丰研究精选混合A,0.20697162238578692,72.6,full,1.0,2026-09-15
246,000756,建信潜力新蓝筹股票A,0.2062609744940771,144.2,full,1.0,2026-09-15
247,016311,中欧优质企业混合A,0.20520314228299052,48.8,full,1.0,2026-09-15
248,007850,方正富邦天睿混合A,0.20493268114853724,83.9,full,1.0,2026-09-15
249,001743,诺安优选回报混合A,0.20292171455414332,119.8,full,1.0,2026-09-15
250,011277,上银科技驱动双周定期可赎回混合A,0.20258320606989222,63.2,full,1.0,2026-09-15
251,004959,圆信永丰优悦生活混合,0.20253771209578186,103.5,full,1.0,2026-09-15
252,001534,华宝万物互联混合A,0.2011521998722765,134.5,full,1.0,2026-09-15
253,166001,中欧新趋势混合A,0.2007090097260309,235.5,full,1.0,2026-09-15
254,005161,华商上游产业股票A,0.20046085014950643,104.6,full,1.0,2026-09-15
255,001536,南方君选,0.1995397416913851,127.4,full,1.0,2026-09-15
256,000066,诺安鸿鑫混合A,0.19604636156672672,160.4,full,1.0,2026-09-15
257,010381,浙商智选价值混合A,0.19585845363002985,65.0,full,1.0,2026-09-15
258,519908,华夏兴华混合A,0.1952406485240339,160.0,full,1.0,2026-09-15
259,000006,西部利得量化成长混合A,0.1937693639742566,89.9,full,1.0,2026-09-15
260,013693,博道盛兴一年持有期混合,0.19338968643688337,54.3,full,1.0,2026-09-15
261,000800,华商未来主题混合,0.19303336949797778,143.0,full,1.0,2026-09-15
262,002512,长城久润混合A,0.1920518863818872,124.6,full,1.0,2026-09-15
263,009750,汇安价值蓝筹混合A,0.19153881899182257,73.5,full,1.0,2026-09-15
264,001938,中欧时代先锋股票A,0.1911389353801738,130.4,full,1.0,2026-09-15
265,014307,嘉实多元动力混合A,0.19080177748618365,56.8,full,1.0,2026-09-15
266,200010,长城双动力混合A,0.18973113621989302,212.0,full,1.0,2026-09-15
267,012239,惠升优势企业一年持有期混合,0.18893273398371235,62.3,full,1.0,2026-09-15
268,001028,华安物联网主题股票A,0.18860189959708662,138.0,full,1.0,2026-09-15
269,008854,南方内需增长两年股票A,0.1885123589703357,78.8,full,1.0,2026-09-15
270,010062,南方行业精选一年混合A,0.18793480395931916,70.6,full,1.0,2026-09-15
271,015412,西部利得数字产业混合A,0.18692268934490097,50.6,full,1.0,2026-09-15
272,005352,鹏扬景泰成长混合A,0.1866079147974471,104.8,full,1.0,2026-09-15
273,000654,华商新锐产业混合,0.1862496366819093,145.7,full,1.0,2026-09-15
274,005634,汇安行业龙头混合A,0.18560514606791378,84.6,full,1.0,2026-09-15
275,011216,南方优质企业混合A,0.1853128177933594,66.2,full,1.0,2026-09-15
276,003561,诺德成长精选A,0.1808874572161845,114.7,full,1.0,2026-09-15
277,519670,银河行业混合A,0.17788890583089745,208.7,full,1.0,2026-09-15
278,012917,平安优势领航1年持有混合A,0.1774515209332339,60.7,full,1.0,2026-09-15
279,005009,申万菱信行业轮动股票A,0.17498631320014324,107.5,full,1.0,2026-09-15
280,009859,银华乐享混合A,0.17335827839129214,68.7,full,1.0,2026-09-15
281,470028,汇添富社会责任混合A,0.17326511058964167,185.6,full,1.0,2026-09-15
282,012064,圆信永丰兴诺一年持有期混合,0.1730062659645002,61.1,full,1.0,2026-09-15
283,010328,博时荣华灵活配置混合A,0.17267347765310626,70.1,full,1.0,2026-09-15
284,002103,招商康泰灵活配置混合,0.17262155525563672,127.3,full,1.0,2026-09-15
285,011229,创金合信数字经济主题股票A,0.17118412661275917,67.8,full,1.0,2026-09-15
286,001275,中邮创新优势灵活配置混合,0.17109628087040085,133.8,full,1.0,2026-09-15
287,011458,东方鑫享价值成长一年持有混合A,0.1706651391581544,63.9,full,1.0,2026-09-15
288,013534,鹏华沃鑫混合A,0.16885611000455514,56.8,full,1.0,2026-09-15
289,040016,华安行业轮动混合,0.1687141127815559,196.2,full,1.0,2026-09-15
290,010124,兴银景气优选混合A,0.1681795942970492,69.7,full,1.0,2026-09-15
291,010587,鹏扬先进制造混合A,0.1676296962183439,67.4,full,1.0,2026-09-15
292,519642,银河智造混合A,0.16746004414885585,126.2,full,1.0,2026-09-15
293,010488,鹏华优选成长混合A,0.16732741722643363,69.0,full,1.0,2026-09-15
294,014207,华安产业精选混合A,0.16724315820832136,56.5,full,1.0,2026-09-15
295,007802,兴全合泰混合A,0.16658557515859806,83.0,full,1.0,2026-09-15
296,000549,华安大国新经济股票A,0.16652473283084346,149.1,full,1.0,2026-09-15
297,166020,中欧成长优选混合A,0.16629284479916207,156.8,full,1.0,2026-09-15
298,009327,东兴兴晟混合A,0.16557235493586364,73.3,full,1.0,2026-09-15
299,004944,鑫元鑫趋势灵活配置混合A,0.16475588626245208,108.7,full,1.0,2026-09-15
300,008955,交银创新领航混合,0.16420769894453535,78.6,full,1.0,2026-09-15
301,001763,广发多策略混合,0.1634106318245081,129.2,full,1.0,2026-09-15
302,004423,华商研究精选灵活配置A,0.16226371214743351,111.7,full,1.0,2026-09-15
303,012993,汇添富品牌力一年持有混合A,0.16183251609829896,54.5,full,1.0,2026-09-15
304,004763,中科沃土沃嘉混合A,0.16137675565563736,105.3,full,1.0,2026-09-15
305,000136,民生加银策略精选混合A,0.16130174484707283,159.3,full,1.0,2026-09-15
306,014508,汇添富先进制造混合A,0.16106493957340207,54.5,full,1.0,2026-09-15
307,010826,大成产业趋势混合A,0.15886793045649417,67.2,full,1.0,2026-09-15
308,007066,浦银先进制造混合A,0.15881650189813357,80.0,full,1.0,2026-09-15
309,050014,博时创业成长混合A,0.15857085899412793,195.5,full,1.0,2026-09-15
310,011056,博时汇兴回报一年持有期混合,0.15765765723040603,68.0,full,1.0,2026-09-15
311,000689,前海开源新经济混合A,0.15659270472319098,144.9,full,1.0,2026-09-15
312,006369,弘毅远方国企转型升级混合A,0.15572305334850278,94.5,full,1.0,2026-09-15
313,004683,建信高端医疗股票A,0.15537625706736446,109.9,full,1.0,2026-09-15
314,519018,汇添富均衡增长混合,0.15450770012310056,241.3,full,1.0,2026-09-15
315,002142,博时外延增长混合A,0.1541756157427594,127.4,full,1.0,2026-09-15
316,001541,汇添富民营新动力股票,0.1541731190025888,133.3,full,1.0,2026-09-15
317,233007,大摩卓越成长混合,0.153847714816439,195.9,full,1.0,2026-09-15
318,005211,银河智慧混合A,0.15375891361270244,105.5,full,1.0,2026-09-15
319,501080,中金科创主题灵活配置混合(LOF),0.1530881463345286,86.2,full,1.0,2026-09-15
320,001156,申万菱信新能源汽车主题灵活配置混合A,0.1530708332971138,136.3,full,1.0,2026-09-15
321,013687,平安成长龙头1年持有混合A,0.15187357210258634,57.5,full,1.0,2026-09-15
322,400003,东方精选混合,0.15136681577972966,248.1,full,1.0,2026-09-15
323,000978,景顺长城量化精选股票A,0.15106615338338458,139.3,full,1.0,2026-09-15
324,015006,中欧量化动力混合A,0.15073974857736627,54.5,full,1.0,2026-09-15
325,004946,汇添富盈润混合A,0.15070378335204127,108.3,full,1.0,2026-09-15
326,001761,广发安宏回报混合A,0.1506798187646008,128.5,full,1.0,2026-09-15
327,013812,景顺长城景气进取混合A,0.1501982350815403,57.7,full,1.0,2026-09-15
328,005743,长安裕隆混合A,0.15011823717523276,96.4,full,1.0,2026-09-15
329,000173,汇添富美丽30混合A,0.14881684410744178,158.7,full,1.0,2026-09-15
330,012186,招商品质成长混合A,0.14827155993297603,59.7,full,1.0,2026-09-15
331,004332,恒生沪港深新兴产业精选混合,0.14763802963291361,113.5,full,1.0,2026-09-15
332,002780,前海联合泓鑫混合A,0.147219431346427,117.5,full,1.0,2026-09-15
333,016449,南方新材料股票发起A,0.1462280524940851,41.9,full,1.0,2026-09-15
334,017598,华夏景气驱动混合A,0.14536626534191543,42.8,full,1.0,2026-09-15
335,008025,汇添富稳健增长混合A,0.14533395105902502,82.3,full,1.0,2026-09-15
336,360012,光大中小盘混合A,0.14455764002746374,197.1,full,1.0,2026-09-15
337,011269,中银证券优势制造股票A,0.14436001980974145,62.3,full,1.0,2026-09-15
338,013103,博时新能源主题混合A,0.14349525220384862,60.7,full,1.0,2026-09-15
339,011344,景顺长城融景一年持有混合A,0.14336289466618712,61.6,full,1.0,2026-09-15
340,180001,银华优势企业混合,0.14303095161258317,286.1,full,1.0,2026-09-15
341,013365,汇添富产业升级混合A,0.1429634449846915,58.5,full,1.0,2026-09-15
342,000994,建信睿盈灵活配置混合A,0.1429600115196481,139.4,full,1.0,2026-09-15
343,487016,工银瑞信灵活配置混合A,0.1428878581508768,176.6,full,1.0,2026-09-15
344,007549,中泰开阳价值优选混合A,0.14280651593312155,84.3,full,1.0,2026-09-15
345,013091,摩根均衡优选混合A,0.14274561644067107,59.6,full,1.0,2026-09-15
346,166005,中欧价值发现混合A,0.1425361526077482,205.7,full,1.0,2026-09-15
347,519700,交银主题优选混合A,0.14252707686813815,194.5,full,1.0,2026-09-15
348,006371,长安鑫盈混合A,0.14239352056259724,85.9,full,1.0,2026-09-15
349,014410,华夏时代领航两年持有混合A,0.1419202146187477,51.1,full,1.0,2026-09-15
350,001430,中邮乐享收益灵活配置混合A,0.14187402543485872,135.0,full,1.0,2026-09-15
351,005028,鹏华研究精选灵活配置混合,0.1397324754108631,107.2,full,1.0,2026-09-15
352,005927,创金合信新能源汽车股票A,0.1387854229205634,100.3,full,1.0,2026-09-15
353,013284,上银价值增长3个月持有期混合A,0.13863437958296276,56.8,full,1.0,2026-09-15
354,011313,东方红启华三年持有混合B,0.13739216447071567,61.7,full,1.0,2026-09-15
355,010602,长城均衡优选混合A,0.1372260436733459,69.5,full,1.0,2026-09-15
356,001796,汇添富安鑫智选混合A,0.1371253738776761,129.6,full,1.0,2026-09-15
357,004394,华泰柏瑞量化创优混合,0.13608690207960095,112.1,full,1.0,2026-09-15
358,217001,招商安泰偏股混合,0.1355385692718949,280.6,full,1.0,2026-09-15
359,005650,万家量化同顺多策略混合A,0.13468730192029899,100.4,full,1.0,2026-09-15
360,012270,富国腾享回报6个月滚动持有A,0.13266807075696585,61.6,full,1.0,2026-09-15
361,005075,富国研究量化精选混合A,0.13266128506890973,105.7,full,1.0,2026-09-15
362,519056,海富通内需热点混合,0.13196248860776105,152.9,full,1.0,2026-09-15
363,001215,博时沪港深优质企业基金A,0.1315160090992462,136.1,full,1.0,2026-09-15
364,018122,永赢数字经济智选混合发起A,0.13133183432249362,41.2,full,1.0,2026-09-15
365,360007,光大优势配置混合A,0.13098079111595262,228.7,full,1.0,2026-09-15
366,001898,易方达大健康混合,0.13011638086473032,107.6,full,1.0,2026-09-15
367,001897,九泰久盛量化先锋混合A,0.1300260827592321,130.2,full,1.0,2026-09-15
368,004888,财通资管鑫逸混合A,0.12972202183400006,108.5,full,1.0,2026-09-15
369,009353,浙商科创一个月滚动持有混合A,0.12959260663289207,71.5,full,1.0,2026-09-15
370,013916,国联成长先锋一年持有混合A,0.12825586899967067,52.9,full,1.0,2026-09-15
371,001323,东吴移动互联混合A,0.12808720109566574,135.7,full,1.0,2026-09-15
372,014526,汇添富中盘潜力增长一年持有混合A,0.1280817969384589,55.6,full,1.0,2026-09-15
373,580001,东吴嘉禾优势精选混合A,0.1280632282671048,259.4,full,1.0,2026-09-15
374,000462,农银主题轮动混合A,0.1279445413113669,137.2,full,1.0,2026-09-15
375,007831,博道伍佰智航股票A,0.12779626617440698,83.6,full,1.0,2026-09-15
376,004986,鹏华策略回报混合,0.12724734722813236,108.3,full,1.0,2026-09-15
377,017073,嘉实清洁能源股票发起式A,0.12704320998635565,45.8,full,1.0,2026-09-15
378,011142,创金合信新材料新能源股票A,0.1267773120309854,68.5,full,1.0,2026-09-15
379,006801,前海联合科技先锋混合A,0.12542019159712736,85.1,full,1.0,2026-09-15
380,090003,大成蓝筹稳健混合A,0.12501257739988092,267.4,full,1.0,2026-09-15
381,010751,宝盈优质成长混合A,0.12413964963830604,59.1,full,1.0,2026-09-15
382,001173,中欧瑾和灵活配置混合A,0.1241058453253383,137.1,full,1.0,2026-09-15
383,162006,长城久富混合(LOF)A,0.12349025491181731,234.3,full,1.0,2026-09-15
384,008954,安信价值回报三年持有混合A,0.12322898184752673,78.6,full,1.0,2026-09-15
385,320001,诺安平衡混合A,0.12297826484975438,267.8,full,1.0,2026-09-15
386,001413,国联鑫起点混合A,0.12220629961095675,135.1,full,1.0,2026-09-15
387,010558,汇安鑫利优选混合A,0.12161018998789919,65.4,full,1.0,2026-09-15
388,010338,国投瑞银远见成长混合A,0.12111333833698246,68.9,full,1.0,2026-09-15
389,161219,国投瑞银新兴产业混合(LOF)A,0.12093717070432697,177.1,full,1.0,2026-09-15
390,161728,招商瑞智优选混合(LOF),0.12066173191926999,98.4,full,1.0,2026-09-15
391,004138,上银鑫达灵活配置混合A,0.12027637271867975,114.2,full,1.0,2026-09-15
392,340008,兴全有机增长混合,0.11985341679598571,209.7,full,1.0,2026-09-15
393,000963,兴业多策略混合,0.11924965729175985,139.7,full,1.0,2026-09-15
394,017715,华宝量化选股混合发起式A,0.11900200137103933,42.8,full,1.0,2026-09-15
395,016492,南方均衡成长混合A,0.11888021880763011,47.5,full,1.0,2026-09-15
396,009591,博时研究精选持有期混合A,0.11886687899545745,74.7,full,1.0,2026-09-15
397,163302,大摩资源优选混合(LOF),0.11864946111440466,251.6,full,1.0,2026-09-15
398,004128,前海联合泳隆混合A,0.1176671036986725,108.6,full,1.0,2026-09-15
399,004674,富国新机遇灵活配置混合A,0.11764385140811062,106.0,full,1.0,2026-09-15
400,000932,前海开源睿远稳健增利混合A,0.11735519208387113,140.0,full,1.0,2026-09-15
401,006195,国金量化多因子股票A,0.11653415616329088,94.5,full,1.0,2026-09-15
402,001318,东方新策略灵活配置混合A,0.11612853964795589,135.7,full,1.0,2026-09-15
403,001809,中信建投智信物联网A,0.11560572013863668,121.4,full,1.0,2026-09-15
404,008245,圆信永丰致优混合A,0.11520594020621666,80.7,full,1.0,2026-09-15
405,016592,长城远见成长混合A,0.11353075514754574,47.6,full,1.0,2026-09-15
406,007243,安信核心竞争力混合A,0.11282211134622311,87.4,full,1.0,2026-09-15
407,011977,格林研究优选混合A,0.11247552120796978,60.9,full,1.0,2026-09-15
408,005802,汇添富智能制造股票A,0.11237507358730991,100.8,full,1.0,2026-09-15
409,005571,中银证券新能源混合A,0.11212759860133148,97.4,full,1.0,2026-09-15
410,160726,嘉实瑞享定期混合,0.1113307659074736,97.4,full,1.0,2026-09-15
411,000167,广发聚优灵活配置混合A,0.11102523895314476,156.1,full,1.0,2026-09-15
412,169102,东方红睿阳三年持有混合,0.11058537826937531,139.9,full,1.0,2026-09-15
413,012828,富国浦诚回报12个月持有混合A,0.1104837744209688,61.6,full,1.0,2026-09-15
414,009556,兴全合丰三年持有混合,0.11026405941126582,72.6,full,1.0,2026-09-15
415,010824,天弘创新成长混合发起式A,0.1088827194926889,67.3,full,1.0,2026-09-15
416,000031,华夏复兴混合A,0.10836428770878759,228.2,full,1.0,2026-09-15
417,018148,百嘉百瑞混合发起式A,0.1082390684417689,36.6,full,1.0,2026-09-15
418,012688,长安成长优选混合A,0.10707952435053691,61.1,full,1.0,2026-09-15
419,004218,前海开源裕和混合A,0.10674082928368134,113.1,full,1.0,2026-09-15
420,014651,大成专精特新混合A,0.10670957186690555,55.6,full,1.0,2026-09-15
421,005059,南方安福混合A,0.10540758350266821,106.4,full,1.0,2026-09-15
422,015610,万家匠心致远一年持有期混合A,0.10479750801354704,49.2,full,1.0,2026-09-15
423,012147,富国大盘核心资产混合,0.10464366787575408,58.4,full,1.0,2026-09-15
424,001576,国泰智能装备股票A,0.10402464580105963,110.8,full,1.0,2026-09-15
425,000520,上银新兴价值成长混合A,0.10366281206507777,148.3,full,1.0,2026-09-15
426,005472,富国价值驱动灵活配置混合A,0.1035374968310403,101.7,full,1.0,2026-09-15
427,070099,嘉实优质企业混合,0.10336520361404866,225.2,full,1.0,2026-09-15
428,018440,汇添富量化选股混合A,0.10333661737929734,39.3,full,1.0,2026-09-15
429,010345,华泰柏瑞成长智选混合A,0.10330251098753473,69.7,full,1.0,2026-09-15
430,005821,万家新机遇龙头企业混合A,0.10326372441850751,99.7,full,1.0,2026-09-15
431,012572,恒越乐享添利混合A,0.10280956044246503,59.6,full,1.0,2026-09-15
432,011740,博时成长精选混合A,0.10272469175245869,64.9,full,1.0,2026-09-15
433,011866,广发价值增长混合A,0.10254247755202517,63.6,full,1.0,2026-09-15
434,012977,瑞达鑫红量化6个月持有混合A,0.10214418224938826,62.1,full,1.0,2026-09-15
435,008318,博道久航混合A,0.10154958900651012,80.7,full,1.0,2026-09-15
436,006259,汇添富红利增长混合A,0.1010518507729945,88.7,full,1.0,2026-09-15
437,006392,中信保诚创新成长混合A,0.10015283896981986,91.5,full,1.0,2026-09-15
438,008846,大成民稳增长混合A,0.10006365466119016,77.5,full,1.0,2026-09-15
439,001476,中银智能制造股票A,0.09995260387968141,134.9,full,1.0,2026-09-15
440,005258,景顺长城量化平衡混合A,0.09992358523523048,104.6,full,1.0,2026-09-15
441,519097,新华中小市值优选混合A,0.09938848540315526,187.6,full,1.0,2026-09-15
442,017157,华富匠心领航18个月持有期混合A,0.09893415853149357,40.9,full,1.0,2026-09-15
443,011997,景顺长城安盈回报一年持有混合A,0.09858666347948009,63.7,full,1.0,2026-09-15
444,001564,东方红京东大数据混合A,0.09821542917286319,133.5,full,1.0,2026-09-15
445,004809,前海联合润丰混合A,0.09820328981981241,95.8,full,1.0,2026-09-15
446,013141,中信保诚弘远混合A,0.0968341054629227,60.5,full,1.0,2026-09-15
447,001603,易方达安盈回报混合A,0.09584995068078639,114.9,full,1.0,2026-09-15
448,002703,长城久源灵活配置混合A,0.09510549907312726,122.8,full,1.0,2026-09-15
449,050001,博时价值增长混合,0.09458570871661842,287.2,full,1.0,2026-09-15
450,501083,银华科创主题灵活配置混合(LOF)A,0.09451373243436234,86.4,full,1.0,2026-09-15
451,519007,海富通强化回报混合,0.09447976750268028,243.7,full,1.0,2026-09-15
452,008328,诺安新兴产业混合,0.09416693045528568,78.2,full,1.0,2026-09-15
453,000877,华泰柏瑞量化优选混合,0.09398271678679926,140.9,full,1.0,2026-09-15
454,002449,民生加银量化中国混合A,0.09383753382141391,123.9,full,1.0,2026-09-15
455,010781,兴业聚申一年持有期混合A,0.09379822343937305,68.7,full,1.0,2026-09-15
456,002934,泰康恒泰回报混合A,0.09373799646154612,122.1,full,1.0,2026-09-15
457,001148,申万菱信多策略灵活配置混合A,0.09362083630335527,137.5,full,1.0,2026-09-15
458,000270,建信灵活配置混合A,0.09334719399466795,156.4,full,1.0,2026-09-15
459,010301,达诚成长先锋混合A,0.09307064680625632,70.6,full,1.0,2026-09-15
460,005760,富国周期优势混合A,0.09266942855251847,98.2,full,1.0,2026-09-15
461,001255,长城改革红利混合A,0.09257065771937234,135.2,full,1.0,2026-09-15
462,011801,中银证券盈瑞混合A,0.09256360458025137,64.3,full,1.0,2026-09-15
463,006564,圆信永丰精选回报混合,0.09232384822173101,88.0,full,1.0,2026-09-15
464,001740,光大中国制造2025灵活配置混合A,0.09227059763030065,128.8,full,1.0,2026-09-15
465,000082,嘉实研究阿尔法股票A,0.09220238547913762,159.6,full,1.0,2026-09-15
466,014946,南方高质量优选混合A,0.0920784769738936,48.8,full,1.0,2026-09-15
467,004279,国寿安保稳荣混合A,0.09150167151791089,115.1,full,1.0,2026-09-15
468,011346,淳厚鑫淳一年持有混合,0.09149244636703657,63.5,full,1.0,2026-09-15
469,016895,中银卓越成长混合A,0.0914104541643781,40.4,full,1.0,2026-09-15
470,163807,中银优选灵活配置混合A,0.09121193144859285,209.4,full,1.0,2026-09-15
471,163418,兴全合兴混合A,0.09097571169097418,68.1,full,1.0,2026-09-15
472,009663,华泰紫金创新先锋混合(LOF)A,0.09082642694165277,74.0,full,1.0,2026-09-15
473,001718,工银物流产业股票A,0.09051944053244698,126.5,full,1.0,2026-09-15
474,007903,长城量化小盘股票A,0.09046292919598886,80.2,full,1.0,2026-09-15
475,016961,浙商汇金平稳增长一年混合,0.09044357153171845,45.8,full,1.0,2026-09-15
476,015245,南华丰汇混合A,0.08956036893423502,54.5,full,1.0,2026-09-15
477,001722,工银银和利混合,0.08890107281130288,116.5,full,1.0,2026-09-15
478,001656,农银中国优势灵活配置混合,0.08859463975000015,111.2,full,1.0,2026-09-15
479,501063,汇添富悦享两年持有混合,0.08841019328681488,91.5,full,1.0,2026-09-15
480,007875,国融融兴混合A,0.08837168829211772,82.3,full,1.0,2026-09-15
481,009576,东方红智远三年持有混合,0.08807075846355428,74.7,full,1.0,2026-09-15
482,012975,西部利得碳中和混合发起A,0.08780098777673695,61.2,full,1.0,2026-09-15
483,012963,招商稳健平衡混合A,0.08718178627108375,58.9,full,1.0,2026-09-15
484,000526,国泰浓益灵活配置混合A,0.08711994548194624,150.4,full,1.0,2026-09-15
485,006785,东方量化多策略混合A,0.08674553619286374,90.7,full,1.0,2026-09-15
486,017424,华泰紫金先进制造混合发起A,0.08661583520756277,42.5,full,1.0,2026-09-15
487,001705,泓德战略转型股票,0.08637520731260762,130.2,full,1.0,2026-09-15
488,501186,华夏兴融混合(LOF)A,0.0859690541541227,98.4,full,1.0,2026-09-15
489,000928,国联国企改革混合A,0.08591696277560712,141.0,full,1.0,2026-09-15
490,006167,德邦乐享生活混合A,0.0855645493211945,90.1,full,1.0,2026-09-15
491,013385,信澳优势价值混合A,0.08533507581736455,57.4,full,1.0,2026-09-15
492,007130,中庚小盘价值股票,0.08510705501790405,89.4,full,1.0,2026-09-15
493,000996,中银新动力股票A,0.08480547342651445,139.0,full,1.0,2026-09-15
494,001734,广发新锐智选混合A,0.08414380340665395,129.9,full,1.0,2026-09-15
495,163803,中银持续增长混合A,0.08413689743518749,246.0,full,1.0,2026-09-15
496,014135,中欧金安量化混合A,0.0837898372920991,55.8,full,1.0,2026-09-15
497,014119,金鹰时代先锋混合A,0.08374190785880153,55.7,full,1.0,2026-09-15
498,200016,长城稳健成长混合A,0.08295726431674555,169.4,full,1.0,2026-09-15
499,009810,易方达悦通一年持有期混合A,0.08293265899288738,69.0,full,1.0,2026-09-15
500,001314,易方达新益混合I,0.08240126764389788,135.0,full,1.0,2026-09-15
501,002411,华夏新机遇混合A,0.0816335146894569,125.5,full,1.0,2026-09-15
502,202007,南方隆元产业主题混合,0.08159147662401023,226.0,full,1.0,2026-09-15
503,015769,天弘低碳经济混合A,0.08154814066633653,50.6,full,1.0,2026-09-15
504,012493,长信内需均衡混合A,0.08142026584533824,62.5,full,1.0,2026-09-15
505,002943,广发多因子混合,0.08140489360731884,116.5,full,1.0,2026-09-15
506,012913,方正富邦趋势领航混合A,0.08129126171483736,59.7,full,1.0,2026-09-15
507,004335,华宝新飞跃灵活配置混合,0.08117147529889412,114.6,full,1.0,2026-09-15
508,040015,华安动态灵活配置混合A,0.0811681540019733,200.8,full,1.0,2026-09-15
509,010640,财通稳进回报6个月持有混合A,0.08041093364900731,58.2,full,1.0,2026-09-15
510,003641,长盛盛丰灵活配置混合A,0.07998066206255072,117.9,full,1.0,2026-09-15
511,005618,融通红利机会主题精选混合A,0.07852767879036104,101.7,full,1.0,2026-09-15
512,080015,长盛中小盘精选混合,0.07835570242991241,170.2,full,1.0,2026-09-15
513,000672,工银绝对收益混合发起B,0.07817894734375463,146.7,full,1.0,2026-09-15
514,519983,长信量化先锋混合A,0.07729848749042167,189.9,full,1.0,2026-09-15
515,161601,融通新蓝筹混合,0.07696565882319839,288.1,full,1.0,2026-09-15
516,011663,华安研究驱动混合A,0.07581789402162609,59.6,full,1.0,2026-09-15
517,010120,九泰久福量化股票A,0.07567774408694494,67.8,full,1.0,2026-09-15
518,003308,中信建投睿利A,0.07478158394597423,117.3,full,1.0,2026-09-15
519,010275,嘉实优质精选混合A,0.0746765898468007,69.2,full,1.0,2026-09-15
520,010881,南方宝顺混合A,0.07427755332261299,65.8,full,1.0,2026-09-15
521,007126,博道远航混合A,0.0742551631549635,88.5,full,1.0,2026-09-15
522,011146,创金合信气候变化责任投资股票A,0.07360920085245382,68.5,full,1.0,2026-09-15
523,001422,景顺长城安享回报混合A,0.07326752902816813,135.0,full,1.0,2026-09-15
524,001488,万家瑞丰灵活配置混合A,0.07255002354473739,134.9,full,1.0,2026-09-15
525,550002,中信保诚精萃成长混合A,0.07254045363995831,237.6,full,1.0,2026-09-15
526,009796,大成汇享一年持有混合A,0.07226917422811163,72.4,full,1.0,2026-09-15
527,005741,南方君信混合A,0.07218650005052085,99.5,full,1.0,2026-09-15
528,000977,长城环保主题混合A,0.07213400222570754,137.3,full,1.0,2026-09-15
529,016560,永赢启源混合发起A,0.07203547298284962,36.6,full,1.0,2026-09-15
530,017606,华泰柏瑞轮动精选混合A,0.0720003607206543,40.4,full,1.0,2026-09-15
531,014799,工银招瑞一年持有混合A,0.07199751358753548,55.6,full,1.0,2026-09-15
532,002210,创金合信量化多因子股票A,0.07183526204178725,127.8,full,1.0,2026-09-15
533,007468,中信建投精选混合A,0.0717385022859327,81.5,full,1.0,2026-09-15
534,014885,长盛匠心研究混合A,0.07161106359642755,50.4,full,1.0,2026-09-15
535,013624,嘉实价值创造三年持有期混合A,0.07156985462968435,54.5,full,1.0,2026-09-15
536,001463,光大一带一路混合A,0.07126861367814552,134.7,full,1.0,2026-09-15
537,009106,嘉合同顺智选股票A,0.07122411165831233,75.8,full,1.0,2026-09-15
538,288002,华夏收入混合,0.07114222871561071,249.9,full,1.0,2026-09-15
539,017494,东方红多元策略混合C,0.07058666609371933,45.3,full,1.0,2026-09-15
540,501091,嘉实欣荣混合(LOF)A,0.07020518792594999,79.8,full,1.0,2026-09-15
541,070001,嘉实成长收益混合A,0.07003605705154858,286.3,full,1.0,2026-09-15
542,015160,南方宝嘉混合A,0.06998832621139561,50.6,full,1.0,2026-09-15
543,011134,广发价值优选混合A,0.0698969353233383,65.8,full,1.0,2026-09-15
544,010738,大成优选升级一年持有混合A,0.06973022198675571,68.7,full,1.0,2026-09-15
545,010314,大摩内需增长混合A,0.06949104515891635,69.0,full,1.0,2026-09-15
546,070013,嘉实研究精选混合,0.06899244958834783,219.6,full,1.0,2026-09-15
547,270025,广发行业领先混合A,0.06886425913004035,189.7,full,1.0,2026-09-15
548,070003,嘉实稳健混合,0.06853132853582844,278.2,full,1.0,2026-09-15
549,007415,南方致远混合A,0.06803368946449839,87.6,full,1.0,2026-09-15
550,014198,华夏智胜先锋股票C,0.06769063188865077,57.0,full,1.0,2026-09-15
551,016676,南方君誉混合A,0.06749080056320533,46.0,full,1.0,2026-09-15
552,000589,光大银发商机混合A,0.06731975534613466,148.6,full,1.0,2026-09-15
553,000433,安信鑫发优选混合A,0.06654107241382334,152.5,full,1.0,2026-09-15
554,001581,华安沪港深通精选灵活配置混合A,0.06648961296725919,114.9,full,1.0,2026-09-15
555,001433,易方达瑞景混合,0.06630118414692543,134.5,full,1.0,2026-09-15
556,121006,国投瑞银稳健增长混合,0.06619584973081549,219.1,full,1.0,2026-09-15
557,001183,南方利淘A,0.0660552064149953,137.0,full,1.0,2026-09-15
558,501001,财通多策略精选混合(LOF),0.06598477824787041,134.5,full,1.0,2026-09-15
559,012995,嘉实策略视野三年持有期混合,0.06511131658178426,56.6,full,1.0,2026-09-15
560,010584,渤海汇金新动能主题混合A,0.0645932771234401,65.8,full,1.0,2026-09-15
561,017769,博时信享一年持有期混合A,0.06444067638157969,42.3,full,1.0,2026-09-15
562,014329,国联优势产业混合A,0.06434079588894637,55.7,full,1.0,2026-09-15
563,013765,平安恒泰1年持有混合A,0.06420702072280338,54.7,full,1.0,2026-09-15
564,420005,天弘周期策略混合A,0.0637819532804964,200.9,full,1.0,2026-09-15
565,005244,国泰聚优价值灵活配置混合A,0.06276999423881979,106.0,full,1.0,2026-09-15
566,001225,中邮趋势精选灵活配置混合A,0.06276026544020996,135.7,full,1.0,2026-09-15
567,003476,南方安颐混合,0.06258855038561761,117.0,full,1.0,2026-09-15
568,011692,华安研究智选混合A,0.061849374377737965,61.2,full,1.0,2026-09-15
569,010965,中银鑫新消费成长混合A,0.061489508816603644,60.3,full,1.0,2026-09-15
570,010725,鹏华安享一年持有期混合A,0.06130136891086724,68.3,full,1.0,2026-09-15
571,004517,南方安康混合A,0.06109848350347602,111.0,full,1.0,2026-09-15
572,010728,中泰兴诚价值一年持有混合A,0.06103917756790045,67.2,full,1.0,2026-09-15
573,004657,金鹰民富收益混合A,0.060572769465877974,65.1,full,1.0,2026-09-15
574,004671,国联核心成长,0.06043515596770899,107.5,full,1.0,2026-09-15
575,001758,嘉实研究增强混合,0.060064300747845634,117.5,full,1.0,2026-09-15
576,010900,中欧生益稳健一年混合A,0.06003561231684662,68.1,full,1.0,2026-09-15
577,229002,宏利逆向策略混合,0.059308465485296225,171.8,full,1.0,2026-09-15
578,006243,中银双息回报混合A,0.05925921479530816,95.6,full,1.0,2026-09-15
579,011033,南方宝恒混合A,0.05904913439442572,63.2,full,1.0,2026-09-15
580,005474,泰康均衡优选混合A,0.059031592579062764,103.9,full,1.0,2026-09-15
581,001756,嘉实策略优选混合,0.058641827639230426,117.9,full,1.0,2026-09-15
582,012568,天弘高端制造混合A,0.05862047605208032,62.1,full,1.0,2026-09-15
583,010994,博时创新经济混合A,0.05860540633981515,68.1,full,1.0,2026-09-15
584,001985,富国低碳新经济混合A,0.05843986546957747,128.9,full,1.0,2026-09-15
585,165531,中信保诚多策略混合(LOF)A,0.05837130426953885,111.0,full,1.0,2026-09-15
586,050007,博时平衡配置混合,0.05833682578757937,243.5,full,1.0,2026-09-15
587,002011,华夏红利混合,0.05833165839316301,254.5,full,1.0,2026-09-15
588,006314,国联策略优选混合A,0.057806573054540955,88.3,full,1.0,2026-09-15
589,013160,创金合信碳中和混合A,0.057746515480359806,59.8,full,1.0,2026-09-15
590,009658,汇丰晋信中小盘低波动策略股票A,0.05739164183625145,73.1,full,1.0,2026-09-15
591,008356,中加科丰价值精选混合,0.057362473323099517,76.3,full,1.0,2026-09-15
592,010008,国联成长优选混合A,0.057358060507335606,69.9,full,1.0,2026-09-15
593,010845,宏利波控回报12个月持有混合,0.057344267296404405,67.8,full,1.0,2026-09-15
594,003142,鹏华弘达混合A,0.05732728996810432,121.2,full,1.0,2026-09-15
595,270008,广发核心精选混合,0.057295527624779075,218.0,full,1.0,2026-09-15
596,121002,国投瑞银景气行业混合,0.05718957675585257,268.6,full,1.0,2026-09-15
597,008420,广发招泰A,0.056938077003267695,78.4,full,1.0,2026-09-15
598,165508,中信保诚深度价值混合(LOF),0.05629202896091812,193.5,full,1.0,2026-09-15
599,017635,银华动力领航混合A,0.05608039780430696,43.8,full,1.0,2026-09-15
600,001806,易方达瑞智灵活配置混合I,0.05606254945811062,110.8,full,1.0,2026-09-15
601,001441,易方达瑞信混合I,0.05603956889684736,103.5,full,1.0,2026-09-15
602,270007,广发大盘成长混合,0.05560165740365064,231.1,full,1.0,2026-09-15
603,017619,鑫元添鑫回报6个月持有期混合A,0.05541198596797625,42.1,full,1.0,2026-09-15
604,014513,金鹰远见优选混合A,0.055354721077163216,50.8,full,1.0,2026-09-15
605,018455,建信开元耀享9个月持有期混合发起A,0.05512517164730002,37.3,full,1.0,2026-09-15
606,000841,富国新回报灵活配置混合A/B,0.054735723845048545,141.6,full,1.0,2026-09-15
607,010284,长城价值成长六个月持有期混合A,0.05433931995892771,66.0,full,1.0,2026-09-15
608,010924,博时双季鑫6个月持有混合B,0.05425050927440345,67.8,full,1.0,2026-09-15
609,014767,景顺长城华城稳健6个月持有期混合A,0.05410760713032259,55.6,full,1.0,2026-09-15
610,001342,易方达新享混合A,0.05398503526467269,135.6,full,1.0,2026-09-15
611,000822,东海美丽中国A,0.05385372547154521,142.0,full,1.0,2026-09-15
612,013616,广发睿智两年持有期混合发起式A,0.05372167338498679,46.9,full,1.0,2026-09-15
613,013517,易方达悦浦一年持有混合A,0.05366026604839824,58.8,full,1.0,2026-09-15
614,008531,惠升惠民混合A,0.05357998447084644,78.4,full,1.0,2026-09-15
615,004154,中信保诚新悦混合B,0.05353409487806893,116.5,full,1.0,2026-09-15
616,009550,汇添富开放视野中国优势六个月持有股票A,0.05342849806699501,73.8,full,1.0,2026-09-15
617,011703,中金鑫瑞优选一年持有混合,0.05339579603095168,62.1,full,1.0,2026-09-15
618,005037,银华新能源新材料A,0.05319844043329747,108.0,full,1.0,2026-09-15
619,011913,华夏永泓一年持有混合A,0.052990779740591076,59.6,full,1.0,2026-09-15
620,002182,东兴蓝海财富混合A,0.052919578727904204,128.8,full,1.0,2026-09-15
621,160613,鹏华盛世创新混合(LOF)A,0.052652584847870276,215.2,full,1.0,2026-09-15
622,006921,南方智诚混合,0.05232357484201611,90.2,full,1.0,2026-09-15
623,018038,富国融裕两年持有期混合A,0.0522430944824086,36.6,full,1.0,2026-09-15
624,001231,银华泰利灵活配置混合A,0.05223012956962014,136.7,full,1.0,2026-09-15
625,000110,金鹰元安混合A,0.05207827860338532,159.9,full,1.0,2026-09-15
626,013929,中银证券恒瑞9个月持有混合A,0.05187092892199674,57.7,full,1.0,2026-09-15
627,010333,华夏核心资产混合A,0.051137588385070876,67.5,full,1.0,2026-09-15
628,000029,富国宏观策略灵活配置混合A,0.0509345607034124,161.1,full,1.0,2026-09-15
629,004738,摩根安隆回报混合A,0.05038869708146643,103.2,full,1.0,2026-09-15
630,014691,中加量化研选混合A,0.04964805762301738,53.2,full,1.0,2026-09-15
631,009448,泰康申润一年持有期混合A,0.04947461244491502,74.5,full,1.0,2026-09-15
632,080007,长盛同鑫行业配置混合A,0.04945980834846919,183.8,full,1.0,2026-09-15
633,000843,富国新回报灵活配置混合C,0.04914976432227003,141.6,full,1.0,2026-09-15
634,011769,富国精诚回报12个月持有期混合A,0.04904702247806658,64.5,full,1.0,2026-09-15
635,011851,天弘先进制造混合A,0.04888059240756637,64.8,full,1.0,2026-09-15
636,002681,金鹰元和灵活配置混合A,0.04825170194834216,123.7,full,1.0,2026-09-15
637,550003,中信保诚盛世蓝筹混合,0.04814224373460485,219.4,full,1.0,2026-09-15
638,519656,银河灵活配置混合A,0.04805875187996156,151.1,full,1.0,2026-09-15
639,004225,国寿安保稳诚混合A,0.047588949810901005,115.8,full,1.0,2026-09-15
640,519692,交银成长混合,0.04686386396895492,238.8,full,1.0,2026-09-15
641,010839,易方达瑞安灵活配置混合A,0.04684570925889453,68.2,full,1.0,2026-09-15
642,005259,建信龙头企业股票,0.046537438947672705,103.7,full,1.0,2026-09-15
643,003626,平安鑫利混合A,0.04638992105469142,117.3,full,1.0,2026-09-15
644,001835,易方达瑞祥混合A,0.04621316687542598,103.9,full,1.0,2026-09-15
645,012878,中信建投量化精选6个月持有混合A,0.04615972708256444,61.6,full,1.0,2026-09-15
646,012119,工银核心优势混合A,0.0461524249996339,62.7,full,1.0,2026-09-15
647,010942,招商瑞乐6个月持有期混合A,0.04576628099767399,62.1,full,1.0,2026-09-15
648,007388,摩根研究驱动股票A,0.04555377623053425,75.1,full,1.0,2026-09-15
649,017389,中银证券凌瑞6个月持有期混合A,0.0453247206498546,38.9,full,1.0,2026-09-15
650,008513,南方宝丰混合A,0.04531353895561985,78.4,full,1.0,2026-09-15
651,001815,华泰柏瑞激励动力混合A,0.044423939798343914,130.6,full,1.0,2026-09-15
652,009536,汇添富稳健增益一年持有混合A,0.04430771809225775,75.8,full,1.0,2026-09-15
653,501049,东方红睿玺三年持有混合A,0.04417491223112746,106.0,full,1.0,2026-09-15
654,090001,大成价值增长混合A,0.04402918427810887,286.1,full,1.0,2026-09-15
655,011251,华安聚嘉精选混合A,0.043446987135550064,65.9,full,1.0,2026-09-15
656,009950,财通资管均衡价值一年持有期混合,0.043078413357426903,69.7,full,1.0,2026-09-15
657,001547,兴业聚惠混合A,0.04280450665962854,134.3,full,1.0,2026-09-15
658,001247,华泰柏瑞新利混合A,0.04253990543889241,136.6,full,1.0,2026-09-15
659,009900,易方达磐固六个月持有期混合A,0.04253070178124285,72.4,full,1.0,2026-09-15
660,009989,华宝研究精选混合,0.04246384531352687,72.6,full,1.0,2026-09-15
661,010694,万家内需增长一年持有混合,0.04233035675410801,66.5,full,1.0,2026-09-15
662,001349,富国改革动力混合,0.041995943032782534,135.9,full,1.0,2026-09-15
663,001907,国投瑞银境煊灵活配置混合A,0.04198884118287194,130.6,full,1.0,2026-09-15
664,013067,富安达中小盘六个月持有混合发起,0.04132242115068485,60.2,full,1.0,2026-09-15
665,013367,汇添富多元价值发现混合A,0.04125018006365866,52.6,full,1.0,2026-09-15
666,001280,银华聚利灵活配置混合A,0.04082776647080255,136.1,full,1.0,2026-09-15
667,008488,华商恒益稳健混合,0.04075780942377083,78.8,full,1.0,2026-09-15
668,000362,国泰聚信价值优势混合A,0.04066277782919547,152.9,full,1.0,2026-09-15
669,009548,汇添富中盘价值精选混合A,0.04052019955296404,74.3,full,1.0,2026-09-15
670,519068,汇添富成长焦点混合,0.040231870760871535,234.2,full,1.0,2026-09-15
671,012594,招商瑞享1年持有期混合A,0.03959114598152147,55.7,full,1.0,2026-09-15
672,270022,广发内需增长混合A,0.03930490630164818,196.9,full,1.0,2026-09-15
673,009076,工银圆兴混合,0.03911271128137428,76.7,full,1.0,2026-09-15
674,014593,西部利得聚优一年持有期混合,0.039087897359011414,49.2,full,1.0,2026-09-15
675,009885,新华景气行业混合A,0.03871106670214486,71.6,full,1.0,2026-09-15
676,010870,汇添富稳健鑫添益六个月持有混合A,0.03850490616777402,65.7,full,1.0,2026-09-15
677,550001,中信保诚四季红混合A,0.03845566869439265,244.6,full,1.0,2026-09-15
678,501095,中银证券科技创新混合(LOF),0.0383677779264493,78.1,full,1.0,2026-09-15
679,006736,国投瑞银先进制造混合,0.03825118223479773,91.7,full,1.0,2026-09-15
680,013603,易方达均衡优选一年持有混合A,0.03822414756421755,51.7,full,1.0,2026-09-15
681,519222,海富通欣益混合A,0.03818722616197978,120.2,full,1.0,2026-09-15
682,010885,长盛优势企业精选混合A,0.03815455979976168,67.4,full,1.0,2026-09-15
683,008178,同泰慧盈混合A,0.03812939318640152,81.6,full,1.0,2026-09-15
684,012435,万家招瑞回报一年持有混合A,0.03803932977712665,60.9,full,1.0,2026-09-15
685,000214,广发成长优选混合,0.03793757857980995,153.1,full,1.0,2026-09-15
686,009653,大成丰享回报混合A,0.03768226502080152,69.9,full,1.0,2026-09-15
687,013569,天弘永利优佳混合A,0.03750782278933351,59.5,full,1.0,2026-09-15
688,001817,易方达瑞兴灵活配置混合I,0.03743434655270139,110.8,full,1.0,2026-09-15
689,010890,交银鸿福六个月持有混合A,0.03741206479999848,65.5,full,1.0,2026-09-15
690,410003,华富成长趋势混合A,0.03723058999456175,233.9,full,1.0,2026-09-15
691,011220,南方匠心优选股票A,0.037150084917155324,67.4,full,1.0,2026-09-15
692,012578,富国红利混合A,0.036882003407165076,56.8,full,1.0,2026-09-15
693,006529,中欧匠心两年持有期混合A,0.036783746628765046,87.2,full,1.0,2026-09-15
694,006058,民生加银新兴成长混合,0.03674897300882751,96.3,full,1.0,2026-09-15
695,003697,华夏睿磐泰盛混合A,0.03666897390681756,114.0,full,1.0,2026-09-15
696,260101,景顺长城优选混合,0.036652692529852704,274.7,full,1.0,2026-09-15
697,160311,华夏蓝筹混合(LOF)A,0.03639428790681154,232.2,full,1.0,2026-09-15
698,009829,长城优选增强六个月持有混合A,0.03632254586201156,70.3,full,1.0,2026-09-15
699,003343,鹏华弘惠灵活配置混合A,0.036150375834220316,119.6,full,1.0,2026-09-15
700,008618,永赢医药健康A,0.03581074261025807,75.9,full,1.0,2026-09-15
701,005840,富国产业驱动混合A,0.0357953993871738,94.0,full,1.0,2026-09-15
702,013980,光大恒鑫混合A,0.035667881498830045,57.5,full,1.0,2026-09-15
703,011788,工银聚益混合A,0.03543481994636677,60.1,full,1.0,2026-09-15
704,003379,中信保诚至选混合A,0.03515647258995647,118.2,full,1.0,2026-09-15
705,002197,国泰鑫策略价值灵活配置混合A,0.034999939265467406,128.5,full,1.0,2026-09-15
706,270001,广发聚富混合,0.034867364535016376,273.4,full,1.0,2026-09-15
707,010834,国泰同益18个月持有期混合A,0.03478381623488924,64.6,full,1.0,2026-09-15
708,010830,国泰通利9个月持有期混合A,0.03470448626796152,67.3,full,1.0,2026-09-15
709,010683,国联景颐6个月持有混合A,0.03469694574704141,67.6,full,1.0,2026-09-15
710,009618,交银启汇混合A,0.03450519555387088,74.3,full,1.0,2026-09-15
711,006251,银华兴盛股票A,0.033991175272271246,85.5,full,1.0,2026-09-15
712,016570,嘉实价值丰润混合A,0.033829017174028975,47.6,full,1.0,2026-09-15
713,008347,中信建投甄选混合A,0.03352536235208037,80.8,full,1.0,2026-09-15
714,002358,国投瑞银瑞祥A,0.03336266499185059,126.5,full,1.0,2026-09-15
715,016243,广发成长领航一年持有混合A,0.03310547575311373,42.2,full,1.0,2026-09-15
716,012701,安信民安回报一年持有混合A,0.03259746915747597,60.3,full,1.0,2026-09-15
717,011530,泓德优质治理灵活配置混合,0.03246394447541445,65.8,full,1.0,2026-09-15
718,003839,易方达瑞通灵活配置混合A,0.03233619461121484,117.3,full,1.0,2026-09-15
719,004142,招商盛合灵活混合A,0.03187262488207865,114.5,full,1.0,2026-09-15
720,012148,国投瑞银产业趋势混合A,0.031800488511551483,63.2,full,1.0,2026-09-15
721,003591,华泰柏瑞享利混合A,0.031753328016748794,116.5,full,1.0,2026-09-15
722,011027,国寿安保稳弘混合A,0.031603989698715695,65.9,full,1.0,2026-09-15
723,010678,中欧均衡成长混合A,0.031197363028235392,69.1,full,1.0,2026-09-15
724,008811,鹏华科技创新混合,0.03091904684572988,80.0,full,1.0,2026-09-15
725,690005,民生加银内需增长混合,0.030780812520048606,187.6,full,1.0,2026-09-15
726,001850,国泰安益灵活配置混合A,0.03076157915892974,116.7,full,1.0,2026-09-15
727,012250,安信平衡增利混合A,0.030709369912631734,57.2,full,1.0,2026-09-15
728,009205,兴银丰运稳益回报混合A,0.030486756770727652,75.8,full,1.0,2026-09-15
729,003594,长盛盛崇灵活配置混合A,0.030158552874334443,118.1,full,1.0,2026-09-15
730,012387,国金ESG持续增长混合A,0.03003465312732434,61.9,full,1.0,2026-09-15
731,011521,鹏扬景源一年持有混合A,0.03001966087024721,66.2,full,1.0,2026-09-15
732,011649,易方达逆向投资混合A,0.03001622222202216,65.5,full,1.0,2026-09-15
733,000314,招商瑞丰灵活配置混合发起式A,0.029709700278491402,154.3,full,1.0,2026-09-15
734,012880,国泰景气优选混合A,0.029625962534973738,58.2,full,1.0,2026-09-15
735,015258,鹏华稳享一年持有期混合A,0.029260733551567997,49.9,full,1.0,2026-09-15
736,011050,天弘裕新混合A,0.029235846472386084,60.4,full,1.0,2026-09-15
737,011410,中信建投量化进取A,0.029129880865067515,66.2,full,1.0,2026-09-15
738,000849,汇丰晋信双核策略混合A,0.029052903774959615,141.6,full,1.0,2026-09-15
739,011387,工银宁瑞6个月持有期混合A,0.028655475045606726,63.9,full,1.0,2026-09-15
740,003900,交银瑞鑫六个月持有期混合A,0.02856462171076668,117.0,full,1.0,2026-09-15
741,010219,汇添富稳健添益一年持有混合,0.02854451463316887,67.8,full,1.0,2026-09-15
742,010697,国联行业先锋6个月持有混合A,0.028396858095570243,67.2,full,1.0,2026-09-15
743,001115,广发聚安混合A,0.028075433746525436,137.7,full,1.0,2026-09-15
744,012256,安信丰穗一年持有混合A,0.027959239251402312,55.8,full,1.0,2026-09-15
745,013041,鹏扬景浦一年持有混合A,0.027891485960688467,60.2,full,1.0,2026-09-15
746,003169,长盛盛辉混合A,0.027869317800210514,121.0,full,1.0,2026-09-15
747,012292,泰康鼎泰一年持有期混合A,0.027823988601768823,57.0,full,1.0,2026-09-15
748,000612,华宝生态中国混合A,0.0268405685131079,147.1,full,1.0,2026-09-15
749,161225,国投瑞银瑞盈混合(LOF)A,0.026607329241339572,135.9,full,1.0,2026-09-15
750,010018,招商瑞泽一年持有期混合A,0.02647404544780918,72.6,full,1.0,2026-09-15
751,003154,华宝新活力混合C,0.02590685896497047,120.2,full,1.0,2026-09-15
752,014697,南方誉稳一年持有混合A,0.025762224663504085,52.3,full,1.0,2026-09-15
753,004202,华夏泰兴混合A,0.025509385458895695,110.1,full,1.0,2026-09-15
754,009387,嘉实稳福混合A,0.02547825300869988,76.2,full,1.0,2026-09-15
755,001164,中欧琪和灵活配置混合A,0.025216234490076372,137.3,full,1.0,2026-09-15
756,004965,泓德致远混合A,0.025178211573966713,108.5,full,1.0,2026-09-15
757,009671,平安恒泽混合A,0.025099681103924132,74.0,full,1.0,2026-09-15
758,011527,博时恒悦6个月持有混合A,0.024832961379321894,66.0,full,1.0,2026-09-15
759,013867,汇安优势企业精选混合A,0.02472074252152412,57.0,full,1.0,2026-09-15
760,012137,景顺长城安瑞混合A,0.02447931266857739,47.7,full,1.0,2026-09-15
761,011834,大成投资严选六月持有混合A,0.02445197055616144,62.0,full,1.0,2026-09-15
762,008297,广发价值优势混合,0.02440205764149428,78.5,full,1.0,2026-09-15
763,013657,同泰同欣混合A,0.024317203502598472,56.6,full,1.0,2026-09-15
764,000866,华宝制造股票,0.024310976067517087,141.2,full,1.0,2026-09-15
765,011508,易方达悦弘一年持有期混合A,0.023992328866253132,66.8,full,1.0,2026-09-15
766,519937,长信先锐混合A,0.023736216119710107,123.4,full,1.0,2026-09-15
767,519115,浦银红利精选混合A,0.023569108243450154,201.4,full,1.0,2026-09-15
768,001331,鹏华弘信混合A,0.023563141065805482,135.7,full,1.0,2026-09-15
769,001355,广发聚泰混合A,0.02328462535687814,135.3,full,1.0,2026-09-15
770,015697,华夏磐润两年定开混合A,0.023058944596786812,48.7,full,1.0,2026-09-15
771,002514,招商丰益混合A,0.023047895696509668,120.7,full,1.0,2026-09-15
772,005293,诺德新旺,0.02297946224748193,103.2,full,1.0,2026-09-15
773,161609,融通动力先锋混合A/B,0.022962048684681324,238.0,full,1.0,2026-09-15
774,011938,博时新能源汽车主题混合A,0.022951928291540025,63.4,full,1.0,2026-09-15
775,008375,中欧启航三年混合A,0.022910031818128562,80.7,full,1.0,2026-09-15
776,010659,民生加银质量领先混合A,0.022786979700057053,68.9,full,1.0,2026-09-15
777,005901,诺安汇利混合A,0.02253786394765589,98.2,full,1.0,2026-09-15
778,005652,国富天颐混合A,0.022290707447430558,101.7,full,1.0,2026-09-15
779,012473,大成成长回报六个月持有混合A,0.022172507194399005,61.4,full,1.0,2026-09-15
780,360006,光大新增长混合A,0.022086903693604887,240.0,full,1.0,2026-09-15
781,519768,交银优选回报灵活配置混合A,0.021809986655223268,124.8,full,1.0,2026-09-15
782,015564,大成弘远回报一年持有混合A,0.021317300072183132,47.6,full,1.0,2026-09-15
783,012253,鹏扬景润一年持有混合A,0.021153502671706903,61.3,full,1.0,2026-09-15
784,009558,嘉实稳惠6个月持有期混合A,0.021098966153906717,69.6,full,1.0,2026-09-15
785,002639,天弘价值精选混合发起A,0.020924419697112562,123.0,full,1.0,2026-09-15
786,009064,鹏扬景沃六个月持有期混合A,0.020748020093761088,78.0,full,1.0,2026-09-15
787,290011,泰信中小盘精选混合,0.020414612148370814,178.7,full,1.0,2026-09-15
788,002690,前海开源恒泽混合A,0.020376438799702523,122.0,full,1.0,2026-09-15
789,008833,银华汇盈一年持有期混合A,0.020165150957245803,77.9,full,1.0,2026-09-15
790,008416,鹏扬景瑞三年持有混合A,0.020136755582488064,78.9,full,1.0,2026-09-15
791,009077,红土创新稳进混合A,0.019913510710865667,78.3,full,1.0,2026-09-15
792,010894,鹏华汇智优选混合A,0.019859647455467533,68.2,full,1.0,2026-09-15
793,008091,中信保诚红利精选混合A,0.019548300052527834,80.7,full,1.0,2026-09-15
794,165526,中信保诚新旺混合(LOF)A,0.019443811005466438,134.9,full,1.0,2026-09-15
795,011562,汇添富稳健盈和一年持有混合,0.01935968410585831,65.8,full,1.0,2026-09-15
796,009525,广发聚荣一年持有混合A,0.019211593384465875,74.5,full,1.0,2026-09-15
797,018465,嘉实稳健添翼一年持有混合A,0.019187198558462404,39.1,full,1.0,2026-09-15
798,014678,永赢添添悦6个月持有混合A,0.019110902040709865,49.6,full,1.0,2026-09-15
799,003877,富国久利稳健配置混合A,0.019040521833862067,116.6,full,1.0,2026-09-15
800,009568,浙商智多宝稳健一年持有期A,0.01878593402312667,73.8,full,1.0,2026-09-15
801,217002,招商安泰平衡混合,0.01875206638220961,280.6,full,1.0,2026-09-15
802,001719,工银国家战略股票,0.01872817603747623,127.5,full,1.0,2026-09-15
803,000215,广发趋势优选灵活配置混合A,0.01870901164020311,156.1,full,1.0,2026-09-15
804,013209,金鹰大视野混合A,0.01865401036751435,60.7,full,1.0,2026-09-15
805,009716,博时恒盛持有期混合A,0.018292711070824863,73.5,full,1.0,2026-09-15
806,005983,摩根核心精选股票A,0.01716733302641993,93.5,full,1.0,2026-09-15
807,160518,博时睿远,0.016977448824144536,125.0,full,1.0,2026-09-15
808,010707,安信平稳合盈一年持有混合A,0.01684449944133881,67.4,full,1.0,2026-09-15
809,001289,银华汇利灵活配置混合A,0.01657420356316841,136.1,full,1.0,2026-09-15
810,010545,中加聚隆持有期混合A,0.01637067939861625,65.7,full,1.0,2026-09-15
811,015094,华商300智选混合A,0.01636975549899189,48.9,full,1.0,2026-09-15
812,005876,易方达鑫转增利混合A,0.016341059393033763,94.3,full,1.0,2026-09-15
813,010797,长城优选回报六个月持有混合A,0.01615915150902647,67.8,full,1.0,2026-09-15
814,013694,弘毅远方久盈混合A,0.015661921503305587,51.3,full,1.0,2026-09-15
815,008640,方正富邦科技创新A,0.015633089088098462,79.8,full,1.0,2026-09-15
816,015272,博时恒益稳健一年持有期混合A,0.015580597601993817,53.1,full,1.0,2026-09-15
817,210007,金鹰技术领先灵活配置混合A,0.015399375598314169,183.5,full,1.0,2026-09-15
818,080005,长盛量化红利混合A,0.01534689626166541,201.7,full,1.0,2026-09-15
819,011494,华泰紫金丰和偏债混合发起A,0.01510057124108366,62.6,full,1.0,2026-09-15
820,001339,兴银鼎新灵活配置A,0.014864293479689428,135.7,full,1.0,2026-09-15
821,003456,信澳新目标灵活配置混合A,0.014848491013583764,118.9,full,1.0,2026-09-15
822,002146,长安鑫益增强混合A,0.014820696137266554,126.8,full,1.0,2026-09-15
823,013890,国泰睿毅三年持有期混合A,0.014750479772567715,53.6,full,1.0,2026-09-15
824,009377,招商瑞恒一年持有期混合A,0.014602585192083017,75.8,full,1.0,2026-09-15
825,008869,大成恒享混合A,0.014554869837172246,78.4,full,1.0,2026-09-15
826,001399,安信鑫安得利混合A,0.014334347941720393,135.4,full,1.0,2026-09-15
827,009977,银华招利一年持有期混合A,0.014274095635484096,68.9,full,1.0,2026-09-15
828,233006,大摩领先优势混合,0.014166959853972871,203.8,full,1.0,2026-09-15
829,010452,广发瑞福精选混合A,0.014083558688667397,70.1,full,1.0,2026-09-15
830,018350,万家欣优混合A,0.014066814597035515,38.9,full,1.0,2026-09-15
831,010336,中欧悦享生活混合A,0.013925894167818642,68.2,full,1.0,2026-09-15
832,000743,红塔红土盛世普益混合发起式,0.013526157177267129,143.9,full,1.0,2026-09-15
833,009634,鹏华安睿两年持有期混合A,0.013425306994404362,73.6,full,1.0,2026-09-15
834,012833,交银鸿信一年持有期混合A,0.013358896242541274,61.3,full,1.0,2026-09-15
835,010408,安信浩盈6个月持有混合A,0.013328957351555815,68.5,full,1.0,2026-09-15
836,010444,南方誉尚一年持有期混合A,0.013325465600058317,70.1,full,1.0,2026-09-15
837,012123,招商金安成长严选混合,0.013079116057940876,63.2,full,1.0,2026-09-15
838,004932,招商丰拓灵活混合A,0.013071174245944173,108.6,full,1.0,2026-09-15
839,970119,兴证资管金麒麟恒睿致远一年持有期混合A,0.01305230399708135,56.6,full,1.0,2026-09-15
840,006595,广发港股通优质增长混合A,0.012984404028542063,88.3,full,1.0,2026-09-15
841,009400,华安添瑞6个月混合A,0.01268648310601006,74.8,full,1.0,2026-09-15
842,004716,中信保诚量化阿尔法股票A,0.012596917247247319,110.1,full,1.0,2026-09-15
843,009135,广发恒隆一年持有混合A,0.012539163244542406,77.9,full,1.0,2026-09-15
844,000573,天弘通利混合A,0.012399454160798129,150.1,full,1.0,2026-09-15
845,012054,鹏华安康一年持有期混合A,0.012148336805111626,58.6,full,1.0,2026-09-15
846,012377,长盛安睿一年持有混合A,0.011727250937337619,60.7,full,1.0,2026-09-15
847,011048,天弘恒新混合A,0.011721948328668352,62.1,full,1.0,2026-09-15
848,012951,汇添富鑫享添利六个月持有混合A,0.011666063809758098,61.8,full,1.0,2026-09-15
849,001522,博时新策略灵活配置混合A,0.01146759612813808,129.7,full,1.0,2026-09-15
850,011017,鹏扬景明一年混合,0.011074230639257499,68.1,full,1.0,2026-09-15
851,002668,兴业聚丰混合A,0.011070021792089602,122.1,full,1.0,2026-09-15
852,016504,广发核心竞争力混合A,0.011034938770027702,40.4,full,1.0,2026-09-15
853,012609,安信稳健汇利一年持有混合A,0.010847077568071128,61.2,full,1.0,2026-09-15
854,010879,南方宝升混合A,0.010797984879175715,68.1,full,1.0,2026-09-15
855,016995,华泰紫金安恒平衡配置混合发起A,0.010776779941865877,44.6,full,1.0,2026-09-15
856,013101,华夏稳福六个月持有混合A,0.010734239928079203,56.8,full,1.0,2026-09-15
857,012297,东兴宸瑞量化混合A,0.010719504809034941,62.5,full,1.0,2026-09-15
858,012683,东方红安盈甄选一年持有混合A,0.010490971107153024,62.3,full,1.0,2026-09-15
859,010522,华安添禧一年持有期混合A,0.010408490318914554,63.4,full,1.0,2026-09-15
860,001358,宝盈祥泰混合A,0.009903908717278531,135.6,full,1.0,2026-09-15
861,006398,宝盈祥颐定期开放混合A,0.009846920434093853,89.9,full,1.0,2026-09-15
862,004814,中欧红利优享混合A,0.00982765509005934,100.9,full,1.0,2026-09-15
863,001800,华安新乐享灵活配置混合A,0.009304270508849966,132.2,full,1.0,2026-09-15
864,320020,诺安策略精选股票A,0.009243622659046657,171.6,full,1.0,2026-09-15
865,006624,中泰玉衡价值优选混合A,0.009218686011998267,89.9,full,1.0,2026-09-15
866,620007,金元顺安优质精选混合A,0.009085448264696483,181.0,full,1.0,2026-09-15
867,017540,安信稳健增益6个月持有混合A,0.008032233682264911,37.9,full,1.0,2026-09-15
868,012184,大成创新趋势混合A,0.00788930057149373,63.7,full,1.0,2026-09-15
869,398031,中海蓝筹混合A,0.007827126077509572,213.4,full,1.0,2026-09-15
870,004495,博时量化平衡混合A,0.007820738211566924,112.4,full,1.0,2026-09-15
871,001471,融通新能源灵活配置混合A,0.007395065995585481,134.6,full,1.0,2026-09-15
872,011736,宝盈祥庆9个月持有混合A,0.007344301825032096,61.4,full,1.0,2026-09-15
873,001335,南方利众A,0.007250475354955377,135.9,full,1.0,2026-09-15
874,014210,国投瑞银竞争优势混合A,0.0070644610225438775,55.9,full,1.0,2026-09-15
875,014666,工银优质发展混合A,0.007044627285245353,51.7,full,1.0,2026-09-15
876,000870,嘉实新收益混合,0.0067817731484351995,141.2,full,1.0,2026-09-15
877,001136,易方达裕如灵活配置混合A,0.006672275009858231,137.8,full,1.0,2026-09-15
878,000030,长城核心优选混合A,0.006567100762471023,160.9,full,1.0,2026-09-15
879,398051,中海环保新能源混合,0.006429292691679134,189.2,full,1.0,2026-09-15
880,004361,摩根安通回报混合A,0.006418762723837457,112.7,full,1.0,2026-09-15
881,004617,建信鑫稳回报灵活配置混合A,0.006140967424939747,104.8,full,1.0,2026-09-15
882,080001,长盛成长价值混合A,0.005879368708119337,287.9,full,1.0,2026-09-15
883,010045,汇添富稳健添盈一年持有混合,0.005802533578159741,72.1,full,1.0,2026-09-15
884,008336,宝盈祥裕增强回报混合A,0.005745769416527935,70.6,full,1.0,2026-09-15
885,011175,平安恒鑫混合A,0.005570504161196643,67.4,full,1.0,2026-09-15
886,017564,华安产业优选混合A,0.005231504979443358,39.1,full,1.0,2026-09-15
887,015641,银华数字经济股票发起式A,0.004953684741813458,51.9,full,1.0,2026-09-15
888,010480,汇添富稳进双盈一年持有混合,0.004575145245369283,67.2,full,1.0,2026-09-15
889,011518,嘉实价值臻选混合A,0.004407064594230903,64.6,full,1.0,2026-09-15
890,002190,农银新能源主题A,0.004376145991049185,125.6,full,1.0,2026-09-15
891,004244,东方周期优选灵活配置混合A,0.004194401613578869,114.0,full,1.0,2026-09-15
892,007318,中银民丰回报混合,0.0040867963940594,85.5,full,1.0,2026-09-15
893,010676,光大新机遇混合A,0.003932923581000836,65.5,full,1.0,2026-09-15
894,014591,广发瑞誉一年持有期混合A,0.003808994097932894,55.9,full,1.0,2026-09-15
895,008736,南方高股息股票A,0.0037301577132953234,73.7,full,1.0,2026-09-15
896,016517,华泰紫金创新成长混合发起A,0.0035136379378120086,47.8,full,1.0,2026-09-15
897,013967,广发恒享一年持有期混合A,0.003480699047523128,58.0,full,1.0,2026-09-15
898,202009,南方盛元红利混合,0.003468301528047002,221.8,full,1.0,2026-09-15
899,007825,博道志远混合A,0.002832830567796041,83.9,full,1.0,2026-09-15
900,213002,宝盈泛沿海增长混合,0.0026700365160881034,258.3,full,1.0,2026-09-15
901,000072,华安稳健回报混合A,0.002602034179151058,160.1,full,1.0,2026-09-15
902,012533,嘉实价值驱动一年持有期混合A,0.0025259264256756175,61.6,full,1.0,2026-09-15
903,008085,海富通先进制造股票A,0.0024585386695339384,81.0,full,1.0,2026-09-15
904,013830,中欧瑾尚混合A,0.002455692049881497,58.4,full,1.0,2026-09-15
905,007689,国投瑞银新能源混合A,0.002427588620648402,81.9,full,1.0,2026-09-15
906,007109,南方沪港深核心优势混合A,0.002318606559003955,68.7,full,1.0,2026-09-15
907,240008,华宝收益增长混合A,0.002041839368225329,243.0,full,1.0,2026-09-15
908,519039,长盛同德主题混合,0.0016597713680031045,225.8,full,1.0,2026-09-15
909,012370,银华鑫利一年持有期混合,0.0013489115891596182,61.8,full,1.0,2026-09-15
910,016863,华安招裕一年持有混合A,0.0008825244887771255,41.6,full,1.0,2026-09-15
911,001858,建信鑫利灵活配置混合A,0.0008778341600284012,130.6,full,1.0,2026-09-15
912,014809,华安沣瑞一年持有混合A,0.000600707642212317,55.7,full,1.0,2026-09-15
913,483003,工银精选平衡混合,0.00038299579616940527,242.1,full,1.0,2026-09-15
914,010819,安信稳健回报6个月混合A,0.0003247112269002539,68.8,full,1.0,2026-09-15
915,002593,富国美丽中国混合A,0.00024215925423987095,123.9,full,1.0,2026-09-15
916,010605,创金合信鑫祥混合A,2.9198321269463534e-05,67.3,full,1.0,2026-09-15
917,011271,汇添富价值成长均衡投资混合A,-8.812701507432408e-07,67.3,full,1.0,2026-09-15
918,015891,富国上证50基本面精选股票发起式A,-0.000150897939579675,49.0,full,1.0,2026-09-15
919,006051,鹏扬核心价值灵活配置A,-0.00018238436745898756,91.5,full,1.0,2026-09-15
920,006323,合煦智远嘉选混合A,-0.0002355614763358549,95.9,full,1.0,2026-09-15
921,012005,信澳恒盛混合A,-0.00039325862459727023,59.7,full,1.0,2026-09-15
922,001418,宏利创益混合A,-0.0005450590066462535,135.0,full,1.0,2026-09-15
923,003044,东方红战略精选混合A,-0.0008343899910946417,120.5,full,1.0,2026-09-15
924,009210,中欧嘉和三年混合A,-0.001438263039153287,75.6,full,1.0,2026-09-15
925,161232,国投瑞银瑞盛混合(LOF)A,-0.0022513821791799726,123.7,full,1.0,2026-09-15
926,002581,招商丰凯混合A,-0.002411651191335573,120.7,full,1.0,2026-09-15
927,012052,财通资管新聚益6个月持有混合发起式A,-0.00256938272464724,56.7,full,1.0,2026-09-15
928,016097,东吴兴弘一年持有混合A,-0.0026599420085449133,48.0,full,1.0,2026-09-15
929,011710,中欧睿泽混合A,-0.002668508721672902,59.7,full,1.0,2026-09-15
930,002273,宏利创益混合B,-0.002746457249777512,127.7,full,1.0,2026-09-15
931,160812,长盛同益成长回报(LOF),-0.003038656361977865,148.1,full,1.0,2026-09-15
932,012161,安信招信一年持有混合A,-0.0032678538933481605,63.9,full,1.0,2026-09-15
933,166009,中欧新动力混合(LOF)A,-0.003959478493273938,187.1,full,1.0,2026-09-15
934,013665,银河成长优选一年持有混合A,-0.00401441585375939,57.7,full,1.0,2026-09-15
935,009956,广发恒誉混合A,-0.0041059033447464754,69.2,full,1.0,2026-09-15
936,013426,贝莱德中国新视野混合A,-0.005088192018756099,60.3,full,1.0,2026-09-15
937,008723,永赢鑫享混合A,-0.005252684076551439,72.2,full,1.0,2026-09-15
938,001917,招商量化精选股票A,-0.005459521218262764,126.0,full,1.0,2026-09-15
939,002535,中银鑫利混合A,-0.006061960852215553,125.7,full,1.0,2026-09-15
940,013439,嘉实产业优势混合A,-0.006538178054820043,55.7,full,1.0,2026-09-15
941,004258,国寿安保稳嘉混合A,-0.006741515032772649,115.1,full,1.0,2026-09-15
942,090019,大成景恒混合A,-0.006997071380614006,171.0,full,1.0,2026-09-15
943,014488,国投瑞银产业升级两年持有混合A,-0.00731787690622232,54.2,full,1.0,2026-09-15
944,000831,工银医疗保健股票,-0.007399654171386771,141.9,full,1.0,2026-09-15
945,002628,招商安博灵活配置混合A,-0.007549740230461177,123.7,full,1.0,2026-09-15
946,010271,国富价值成长一年持有期混合A,-0.0078053571972704905,70.3,full,1.0,2026-09-15
947,012088,东方红锦和甄选18个月持有混合A,-0.008247749017886608,63.9,full,1.0,2026-09-15
948,014730,华富荣盛一年持有期混合A,-0.00826910700892336,37.6,full,1.0,2026-09-15
949,015110,惠升领先优选混合A,-0.008351475967019795,54.2,full,1.0,2026-09-15
950,011243,万家惠裕回报6个月持有期混合A,-0.008389953735791322,62.6,full,1.0,2026-09-15
951,005275,中欧创新成长灵活配置混合A,-0.008477069925088454,101.7,full,1.0,2026-09-15
952,001102,前海开源国家比较优势混合A,-0.008878705466329406,136.3,full,1.0,2026-09-15
953,014619,财通资管稳兴增益六个月持有期混合A,-0.009101461533371435,54.2,full,1.0,2026-09-15
954,001445,华安国企改革主题灵活配置混合A,-0.009496176224982666,134.6,full,1.0,2026-09-15
955,002612,融通通慧混合A/B,-0.009879276214920352,119.8,full,1.0,2026-09-15
956,010532,广发恒信一年持有期混合A,-0.01001874093170585,68.1,full,1.0,2026-09-15
957,008838,德邦量化对冲混合A,-0.010263639786681544,76.6,full,1.0,2026-09-15
958,014482,华夏融盛可持续一年持有混合A,-0.01032364392833185,49.7,full,1.0,2026-09-15
959,011992,汇安泓利一年持有期混合C,-0.01043083681371948,64.3,full,1.0,2026-09-15
960,580008,东吴新产业精选股票A,-0.01059024820388843,179.6,full,1.0,2026-09-15
961,012138,景顺长城安益回报一年持有混合A,-0.01061622577296828,62.9,full,1.0,2026-09-15
962,001282,华安新机遇灵活配置混合A,-0.010714527523380313,135.7,full,1.0,2026-09-15
963,011727,工银聚瑞混合A,-0.010785085733768018,63.6,full,1.0,2026-09-15
964,010423,国投瑞银价值成长一年持有混合A,-0.011024916953236263,69.5,full,1.0,2026-09-15
965,015219,鹏扬产业智选一年持有混合A,-0.011029361535580318,48.5,full,1.0,2026-09-15
966,004710,民生加银鹏程混合A,-0.011073992787679954,103.0,full,1.0,2026-09-15
967,002135,广发鑫源混合A,-0.011089308067629311,118.4,full,1.0,2026-09-15
968,700001,平安行业先锋混合,-0.011098878704697945,179.8,full,1.0,2026-09-15
969,450004,国富深化价值混合A,-0.011218792519947396,218.4,full,1.0,2026-09-15
970,017011,广发安润一年持有期混合A,-0.011234623249057551,39.6,full,1.0,2026-09-15
971,005189,海富通量化前锋股票A,-0.011555252711535124,103.2,full,1.0,2026-09-15
972,007016,富国睿泽回报混合,-0.011712398625967069,87.4,full,1.0,2026-09-15
973,000195,工银成长收益混合A,-0.012014348322733959,158.7,full,1.0,2026-09-15
974,008271,大成优势企业混合A,-0.012182369272008553,80.7,full,1.0,2026-09-15
975,013733,红塔红土盛丰混合A,-0.012675028054091264,56.7,full,1.0,2026-09-15
976,008134,鹏华优选价值股票A,-0.012861739495745983,81.0,full,1.0,2026-09-15
977,080008,长盛战略新兴产业混合A,-0.013159008296290131,178.7,full,1.0,2026-09-15
978,001679,前海开源中国稀缺资产混合A,-0.013340895923160678,132.2,full,1.0,2026-09-15
979,090013,大成竞争优势混合A,-0.013665815719821173,184.9,full,1.0,2026-09-15
980,001584,国投瑞银新活力混合A,-0.014035155218715789,129.9,full,1.0,2026-09-15
981,002833,华夏新锦绣混合A,-0.015575107331745608,120.7,full,1.0,2026-09-15
982,519033,海富通国策导向混合A,-0.01613826856084888,178.0,full,1.0,2026-09-15
983,001146,中欧瑾源灵活配置混合A,-0.01626952652657887,137.5,full,1.0,2026-09-15
984,010357,南方阿尔法混合A,-0.016292047471391458,68.0,full,1.0,2026-09-15
985,016781,湘财研究精选一年持有期混合A,-0.016398899464428407,45.0,full,1.0,2026-09-15
986,008547,博道安远6个月持有期混合,-0.016593529814805885,79.9,full,1.0,2026-09-15
987,002657,招商安裕灵活配置混合A,-0.016637952258088284,122.8,full,1.0,2026-09-15
988,011980,国富匠心精选混合A,-0.016974151783250013,57.5,full,1.0,2026-09-15
989,011932,工银战略远见混合A,-0.01706348980854644,64.7,full,1.0,2026-09-15
990,009190,景顺长城核心优选一年持有混合,-0.017259065282163255,76.3,full,1.0,2026-09-15
991,010410,长城品质成长混合A,-0.017353796599158366,68.5,full,1.0,2026-09-15
992,016830,广发恒裕一年持有期混合A,-0.017519854162941106,39.1,full,1.0,2026-09-15
993,000336,农银研究精选混合,-0.017714279295153457,154.3,full,1.0,2026-09-15
994,008545,泓德丰润三年持有期混合,-0.017771900779446126,80.0,full,1.0,2026-09-15
995,163110,申万菱信量化小盘股票(LOF)A,-0.01778878442863341,183.0,full,1.0,2026-09-15
996,010465,鹏扬景创混合A,-0.01831848525885904,69.6,full,1.0,2026-09-15
997,550008,中信保诚优胜精选混合A,-0.018479595443073094,204.6,full,1.0,2026-09-15
998,010597,创金合信景雯灵活配置混合A,-0.019056866819103124,66.8,full,1.0,2026-09-15
999,009121,广发招享混合A,-0.019103221853134622,76.8,full,1.0,2026-09-15
1000,002057,中银新机遇混合A,-0.019559956200356887,129.9,full,1.0,2026-09-15
1001,001720,工银新增利混合,-0.019797914821176432,116.5,full,1.0,2026-09-15
1002,018329,泉果思源三年持有期混合A,-0.01992795604332065,39.5,full,1.0,2026-09-15
1003,016528,广发稳宏一年持有混合A,-0.02033363397204635,41.3,full,1.0,2026-09-15
1004,017600,华夏行业甄选混合A,-0.02094436544101741,41.6,full,1.0,2026-09-15
1005,018620,兴全兴晨六个月持有混合A,-0.021016684138319475,37.5,full,1.0,2026-09-15
1006,210003,金鹰行业优势混合A,-0.021195080844107927,206.5,full,1.0,2026-09-15
1007,014241,农银均衡收益混合,-0.021414632191398386,55.7,full,1.0,2026-09-15
1008,012287,东海启航6个月持有混合A,-0.021635726622645013,57.1,full,1.0,2026-09-15
1009,011598,信澳医药健康混合A,-0.02169591357057843,65.2,full,1.0,2026-09-15
1010,006007,诺安积极配置混合A,-0.021931345890720322,97.6,full,1.0,2026-09-15
1011,008370,国泰研究精选两年持有混合,-0.021978364084226265,80.7,full,1.0,2026-09-15
1012,003670,国联物联网主题A,-0.02206951656551559,114.6,full,1.0,2026-09-15
1013,003715,宝盈消费主题混合,-0.022373824287088895,115.8,full,1.0,2026-09-15
1014,011046,富国优质企业混合A,-0.023547495423080322,65.9,full,1.0,2026-09-15
1015,070018,嘉实回报混合,-0.023757840971625477,204.9,full,1.0,2026-09-15
1016,007968,华泰柏瑞研究精选A,-0.02399097432134656,81.9,full,1.0,2026-09-15
1017,070006,嘉实服务增值行业混合,-0.02411789377867335,269.5,full,1.0,2026-09-15
1018,014598,永赢合享混合发起A,-0.02473170571701977,56.8,full,1.0,2026-09-15
1019,005082,诺德量化蓝筹增强混合A,-0.024815423103352607,104.5,full,1.0,2026-09-15
1020,000535,长盛航天海工混合A,-0.024835085613934105,150.2,full,1.0,2026-09-15
1021,013184,广发恒阳一年持有混合A,-0.024883668256554636,58.6,full,1.0,2026-09-15
1022,014944,蜂巢润和六个月持有期混合A,-0.025487234161953864,49.2,full,1.0,2026-09-15
1023,008177,建信高股息主题股票,-0.025840492618442124,79.8,full,1.0,2026-09-15
1024,012510,国富优质企业一年持有期混合A,-0.02721894592499241,61.4,full,1.0,2026-09-15
1025,169101,东方红睿丰混合,-0.027810582422564956,143.9,full,1.0,2026-09-15
1026,005347,诺德量化优选6个月持有期混合,-0.027947840656968426,72.6,full,1.0,2026-09-15
1027,014053,太平睿庆混合A,-0.027953212538302297,56.8,full,1.0,2026-09-15
1028,015217,鹏扬成长领航混合A,-0.027964096473919953,46.8,full,1.0,2026-09-15
1029,005933,前海联合先进制造混合A,-0.028423589461571308,92.6,full,1.0,2026-09-15
1030,013771,中加龙头精选混合A,-0.028805487781899175,55.2,full,1.0,2026-09-15
1031,000471,富国城镇发展股票,-0.029499367044304114,151.6,full,1.0,2026-09-15
1032,000628,大成高鑫股票A,-0.029984234727754355,139.4,full,1.0,2026-09-15
1033,410006,华富策略精选混合A,-0.030741937671897812,212.7,full,1.0,2026-09-15
1034,014068,工银瑞信悦享混合A,-0.031136297744912222,56.9,full,1.0,2026-09-15
1035,008819,农银汇理策略趋势混合,-0.031200001287136958,78.1,full,1.0,2026-09-15
1036,010081,泰康浩泽混合A,-0.03139152274156176,63.4,full,1.0,2026-09-15
1037,000778,鹏华先进制造股票,-0.031571367575846665,142.4,full,1.0,2026-09-15
1038,006557,海富通研究精选混合A,-0.03210844511521238,91.5,full,1.0,2026-09-15
1039,011203,永赢惠添益混合A,-0.03219562912293572,66.0,full,1.0,2026-09-15
1040,001791,大成绝对收益策略混合A,-0.032348915455055804,131.7,full,1.0,2026-09-15
1041,012193,泓德睿诚混合A,-0.032489734639298495,60.6,full,1.0,2026-09-15
1042,014131,华泰柏瑞聚优智选一年持有期混合A,-0.03256596158861924,54.7,full,1.0,2026-09-15
1043,009126,嘉实基础产业优选股票A,-0.03269453584587523,77.0,full,1.0,2026-09-15
1044,005848,银华裕利混合发起式A,-0.032741429641463315,93.3,full,1.0,2026-09-15
1045,010668,工银优选对冲灵活配置混合发起A,-0.03291702689340115,68.5,full,1.0,2026-09-15
1046,012576,富国诚益回报12个月持有混合A,-0.0337346606929293,60.8,full,1.0,2026-09-15
1047,009069,大成睿鑫股票A,-0.033743071134652025,73.1,full,1.0,2026-09-15
1048,017993,方正富邦远见成长混合A,-0.03385585475228847,42.0,full,1.0,2026-09-15
1049,160921,大成多策略混合(LOF)A,-0.03397480319527635,120.9,full,1.0,2026-09-15
1050,010712,中欧瑾利混合A,-0.03536588119373274,68.5,full,1.0,2026-09-15
1051,160526,博时优势企业灵活配置混合A,-0.03571511458191945,87.4,full,1.0,2026-09-15
1052,001574,中海混改红利混合A,-0.03576038735150655,130.1,full,1.0,2026-09-15
1053,660010,农银策略精选混合,-0.036722274738657856,180.3,full,1.0,2026-09-15
1054,001004,新华稳健回报灵活配置混合发起,-0.036924981014603286,135.6,full,1.0,2026-09-15
1055,168103,九泰锐益混合(LOF)A,-0.037295978181479894,121.1,full,1.0,2026-09-15
1056,001651,工银新蓝筹股票A,-0.03744680483166496,133.3,full,1.0,2026-09-15
1057,010996,招商品质升级混合A,-0.037455994902120926,66.4,full,1.0,2026-09-15
1058,016997,创金合信产业臻选平衡混合A,-0.038060929161006785,42.5,full,1.0,2026-09-15
1059,015559,长江启航混合发起式A,-0.03808787406083236,51.1,full,1.0,2026-09-15
1060,013853,大成匠心卓越三年持有混合A,-0.038189935230184324,51.3,full,1.0,2026-09-15
1061,006424,嘉合锦程混合A,-0.038511708932683186,92.8,full,1.0,2026-09-15
1062,009999,东方中国红利混合,-0.03875955691469091,71.5,full,1.0,2026-09-15
1063,460005,华泰柏瑞价值增长混合A,-0.039291559348953786,218.0,full,1.0,2026-09-15
1064,001219,摩根动态多因子混合A,-0.039471262889803516,135.5,full,1.0,2026-09-15
1065,013051,汇泉臻心致远混合A,-0.03978767910061298,58.4,full,1.0,2026-09-15
1066,015963,汇安品质优选混合A,-0.04065424534911144,48.5,full,1.0,2026-09-15
1067,501092,交银瑞思混合(LOF),-0.04075349477788082,78.8,full,1.0,2026-09-15
1068,233001,大摩基础行业混合,-0.04098897387739764,269.7,full,1.0,2026-09-15
1069,015071,鑫元专精特新混合A,-0.04129537305318065,51.0,full,1.0,2026-09-15
1070,005794,银华心怡灵活配置混合A,-0.04138061009184402,98.4,full,1.0,2026-09-15
1071,003345,安信新成长混合A,-0.04155797415462825,119.5,full,1.0,2026-09-15
1072,011468,国富竞争优势三年持有期混合A,-0.04188039003957744,64.1,full,1.0,2026-09-15
1073,012765,广发大盘价值混合A,-0.04251209421171043,57.3,full,1.0,2026-09-15
1074,008290,华安现代生活混合,-0.04266248519066085,76.6,full,1.0,2026-09-15
1075,010876,浙商智选先锋一年持有混合A,-0.04278488822003412,61.2,full,1.0,2026-09-15
1076,002489,国泰民福策略价值混合A,-0.042986380670653856,125.6,full,1.0,2026-09-15
1077,008260,长城价值优选混合A,-0.04322883896233298,77.9,full,1.0,2026-09-15
1078,011777,易方达稳健增长混合A,-0.04332201025593718,64.6,full,1.0,2026-09-15
1079,400025,东方新兴成长混合,-0.043692400712097346,144.4,full,1.0,2026-09-15
1080,010347,农银策略收益一年持有混合,-0.04382403491502329,67.6,full,1.0,2026-09-15
1081,519766,交银荣鑫灵活配置混合A,-0.043884881298086764,125.7,full,1.0,2026-09-15
1082,017216,国投瑞银策略智选混合A,-0.043901615514226,42.5,full,1.0,2026-09-15
1083,519002,华安安信消费混合A,-0.044537458687403,158.7,full,1.0,2026-09-15
1084,161605,融通蓝筹成长混合A/B,-0.04502132999420738,275.5,full,1.0,2026-09-15
1085,009368,浦银价值精选混合A,-0.045216565445329815,73.8,full,1.0,2026-09-15
1086,009700,长江添利混合A,-0.04558854300865833,73.3,full,1.0,2026-09-15
1087,240010,华宝行业精选混合,-0.046759646247089504,231.1,full,1.0,2026-09-15
1088,017702,鹏扬均衡成长混合A,-0.04805530453565998,38.7,full,1.0,2026-09-15
1089,001838,国投瑞银国家安全混合A,-0.04977868257032669,129.4,full,1.0,2026-09-15
1090,010570,新沃创新领航混合A,-0.04979739330751942,68.7,full,1.0,2026-09-15
1091,011934,中航量化阿尔法六个月持有A,-0.0498017109106873,60.7,full,1.0,2026-09-15
1092,006511,博道卓远混合A,-0.05016160746020204,94.3,full,1.0,2026-09-15
1093,161616,融通医疗保健行业混合A/B,-0.05022900902417782,169.7,full,1.0,2026-09-15
1094,240004,华宝动力组合混合A,-0.0509555075921575,249.9,full,1.0,2026-09-15
1095,015485,平安策略优选1年持有混合A,-0.05103382741685547,43.9,full,1.0,2026-09-15
1096,011733,银华瑞祥一年持有期混合,-0.052011308925840605,64.6,full,1.0,2026-09-15
1097,519171,浦银医疗健康混合A,-0.05227760912744428,135.7,full,1.0,2026-09-15
1098,002307,银华多元视野灵活配置混合,-0.05251629822794368,123.9,full,1.0,2026-09-15
1099,015537,红塔红土新能源主题精选股票A,-0.05278843294653379,47.6,full,1.0,2026-09-15
1100,010832,国泰合益混合A,-0.05288262891187545,67.4,full,1.0,2026-09-15
1101,009011,华夏睿阳一年持有混合,-0.05324143485022714,77.9,full,1.0,2026-09-15
1102,011363,南方兴润价值一年持有混合A,-0.05367064172240121,67.4,full,1.0,2026-09-15
1103,003484,金鹰鑫益混合A,-0.05392218752456546,117.9,full,1.0,2026-09-15
1104,519971,长信改革红利混合,-0.054133884693057466,145.3,full,1.0,2026-09-15
1105,012150,诺德价值发现一年持有混合,-0.05461877171715934,63.5,full,1.0,2026-09-15
1106,009275,融通医疗保健行业混合C,-0.05508384664296928,77.1,full,1.0,2026-09-15
1107,006138,国联安价值优选股票,-0.05581404242635912,95.8,full,1.0,2026-09-15
1108,008276,财通资管价值发现混合A,-0.05592872631060708,77.8,full,1.0,2026-09-15
1109,014141,大成新能源混合发起式A,-0.05631109804005585,56.7,full,1.0,2026-09-15
1110,005812,鹏华产业精选混合A,-0.057238585809821774,100.2,full,1.0,2026-09-15
1111,162212,宏利红利先锋混合A,-0.05867165841991007,201.4,full,1.0,2026-09-15
1112,001571,嘉合磐石A,-0.05877537488261542,134.4,full,1.0,2026-09-15
1113,014466,工银行业优选混合A,-0.05903814913760508,50.4,full,1.0,2026-09-15
1114,009636,华泰柏瑞景气优选A,-0.05918668082775336,74.9,full,1.0,2026-09-15
1115,011536,惠升惠益混合A,-0.059432669447644026,63.7,full,1.0,2026-09-15
1116,001798,泰康新回报灵活配置混合A,-0.060268907570513286,131.7,full,1.0,2026-09-15
1117,009878,平安低碳经济混合A,-0.060307161256748176,73.2,full,1.0,2026-09-15
1118,010141,朱雀企业优选A,-0.061314334205003984,71.7,full,1.0,2026-09-15
1119,018105,中欧聚优港股通混合发起A,-0.0615227362741414,41.2,full,1.0,2026-09-15
1120,000690,前海开源大海洋混合,-0.061621274044184715,145.5,full,1.0,2026-09-15
1121,011349,淳厚现代服务业股票A,-0.06340359365511128,60.7,full,1.0,2026-09-15
1122,013636,国投瑞银策略回报混合A,-0.06353439455627485,57.9,full,1.0,2026-09-15
1123,009147,建信新能源行业股票A,-0.06365738338689175,74.9,full,1.0,2026-09-15
1124,013934,长江红利回报混合发起式A,-0.0646589353428344,58.2,full,1.0,2026-09-15
1125,003373,大成景禄灵活配置混合A,-0.0651784964876867,119.5,full,1.0,2026-09-15
1126,000063,长盛电子信息主题混合A,-0.0666045568728385,160.2,full,1.0,2026-09-15
1127,013109,华夏优势价值一年持有混合A,-0.06663604527142508,54.4,full,1.0,2026-09-15
1128,006002,工银医药健康股票A,-0.06852170771977606,97.5,full,1.0,2026-09-15
1129,257040,国联安红利混合,-0.0701852106065124,214.8,full,1.0,2026-09-15
1130,012003,招商价值成长混合A,-0.07132780250922743,60.8,full,1.0,2026-09-15
1131,010947,中欧嘉选混合A,-0.07160575235430633,66.2,full,1.0,2026-09-15
1132,450009,国富中小盘股票A,-0.07181713078828167,189.7,full,1.0,2026-09-15
1133,011775,格林鑫悦一年持有期混合A,-0.07332928867784072,63.2,full,1.0,2026-09-15
1134,008077,九泰天奕量化价值混合A,-0.07333396293092664,75.6,full,1.0,2026-09-15
1135,005368,富国清洁能源产业混合A,-0.07352223859820439,78.3,full,1.0,2026-09-15
1136,000410,益民服务领先混合A,-0.07374222119183871,152.8,full,1.0,2026-09-15
1137,009169,湘财长兴灵活配置混合A,-0.07380903966864816,76.7,full,1.0,2026-09-15
1138,016345,长安行业成长混合A,-0.07440379087755467,47.5,full,1.0,2026-09-15
1139,001955,中欧养老产业混合A,-0.07444373620242706,124.1,full,1.0,2026-09-15
1140,001537,中加改革红利混合,-0.07554332630100435,133.1,full,1.0,2026-09-15
1141,011601,前海开源公共卫生股票A,-0.07554875604730804,65.7,full,1.0,2026-09-15
1142,001766,摩根医疗健康股票A,-0.07594280454225866,130.8,full,1.0,2026-09-15
1143,166801,浙商聚潮新思维混合A,-0.07635695674354603,174.3,full,1.0,2026-09-15
1144,007354,创金合信港股通量化股票A,-0.07686705007194417,68.1,full,1.0,2026-09-15
1145,001030,天弘云端生活优选混合A,-0.07789411120341272,138.0,full,1.0,2026-09-15
1146,006123,国联高股息混合A,-0.07807418160290158,83.6,full,1.0,2026-09-15
1147,006106,景顺长城量化港股通股票A,-0.0783656982576334,86.9,full,1.0,2026-09-15
1148,012812,国富鑫颐收益混合A,-0.07949723428463562,54.5,full,1.0,2026-09-15
1149,020001,国泰金鹰增长混合,-0.07987269813318576,292.3,full,1.0,2026-09-15
1150,160611,鹏华优质治理混合(LOF)A,-0.08032711159884554,232.1,full,1.0,2026-09-15
1151,233008,大摩消费领航混合,-0.08040570530801683,189.4,full,1.0,2026-09-15
1152,590005,中邮核心主题混合A,-0.08042682763657205,195.9,full,1.0,2026-09-15
1153,004895,华商鑫安灵活混合,-0.08293598288640369,108.3,full,1.0,2026-09-15
1154,001319,农银信息传媒股票A,-0.08352280842782678,134.7,full,1.0,2026-09-15
1155,008681,鹏华价值成长混合,-0.08390891896664154,79.1,full,1.0,2026-09-15
1156,006202,交银核心资产混合A,-0.0840098108160433,91.9,full,1.0,2026-09-15
1157,005117,金信价值精选混合A,-0.08487454645261217,108.5,full,1.0,2026-09-15
1158,519170,浦银增长动力混合A,-0.08546589148969941,138.2,full,1.0,2026-09-15
1159,002264,华夏乐享健康混合A,-0.0858696504538271,121.4,full,1.0,2026-09-15
1160,001352,民生加银新战略混合A,-0.08621283691282544,134.7,full,1.0,2026-09-15
1161,001487,宝盈优势产业混合A,-0.08686628142976405,132.7,full,1.0,2026-09-15
1162,010293,华商量化优质精选混合,-0.08695419202515553,70.6,full,1.0,2026-09-15
1163,008515,国富基本面优选混合A,-0.0874318297281923,79.0,full,1.0,2026-09-15
1164,009119,广发品质回报混合A,-0.08811228570964436,75.2,full,1.0,2026-09-15
1165,011431,宏利消费服务混合A,-0.08873951352761655,66.0,full,1.0,2026-09-15
1166,006923,前海开源沪港深非周期股票A,-0.08943154811292509,90.1,full,1.0,2026-09-15
1167,013334,鹏华价值远航6个月持有混合A,-0.08991538256864029,54.7,full,1.0,2026-09-15
1168,018618,中信保诚远见成长混合A,-0.09070992434794412,38.7,full,1.0,2026-09-15
1169,008958,嘉实回报精选股票,-0.09076377870729724,78.3,full,1.0,2026-09-15
1170,016174,汇丰晋信策略优选混合A,-0.09160303932248415,48.0,full,1.0,2026-09-15
1171,005706,兴业龙腾双益平衡混合,-0.09169494974480386,100.9,full,1.0,2026-09-15
1172,398021,中海能源策略混合,-0.09238982734119017,234.1,full,1.0,2026-09-15
1173,011282,华夏消费龙头混合A,-0.0926726804859388,67.4,full,1.0,2026-09-15
1174,013847,华泰柏瑞匠心汇选混合A,-0.09288315231756983,54.5,full,1.0,2026-09-15
1175,010437,嘉实竞争力优选混合A,-0.0932211024172438,66.7,full,1.0,2026-09-15
1176,012967,广发行业严选三年持有期混合A,-0.09346594182530565,60.6,full,1.0,2026-09-15
1177,688888,浙商聚潮产业成长混合A,-0.09353850908644801,184.0,full,1.0,2026-09-15
1178,014746,贝莱德港股通远景视野混合A,-0.09369342761657262,55.8,full,1.0,2026-09-15
1179,010296,万家互联互通中国优势A,-0.09386458031219236,70.3,full,1.0,2026-09-15
1180,018484,财通资管医疗保健混合A,-0.0940636112283989,37.4,full,1.0,2026-09-15
1181,002296,长城行业轮动混合A,-0.0945797038974614,128.1,full,1.0,2026-09-15
1182,519694,交银蓝筹混合,-0.0959242389733681,229.3,full,1.0,2026-09-15
1183,001569,泰信国策驱动灵活配置混合,-0.09644426821627028,130.6,full,1.0,2026-09-15
1184,007141,嘉合稳健增长混合A,-0.09655763926935323,73.3,full,1.0,2026-09-15
1185,017034,中信建投科技主题6个月持有混合A,-0.09671282917592472,45.0,full,1.0,2026-09-15
1186,014420,中欧成长领航一年持有混合A,-0.09702830456773759,56.0,full,1.0,2026-09-15
1187,014999,华泰保兴吉年盈混合A,-0.0971868271010905,53.9,full,1.0,2026-09-15
1188,016163,万家欣远混合A,-0.09762792641393647,47.6,full,1.0,2026-09-15
1189,002662,前海开源沪港深大消费混合A,-0.09781775279900107,119.5,full,1.0,2026-09-15
1190,002573,建信汇利灵活配置混合,-0.09786619796126017,124.6,full,1.0,2026-09-15
1191,163805,中银动态策略混合A,-0.09819985305452728,221.4,full,1.0,2026-09-15
1192,160627,鹏华策略优选灵活配置混合,-0.09897972735184069,146.4,full,1.0,2026-09-15
1193,008412,长盛竞争优势A,-0.10056757979715636,73.8,full,1.0,2026-09-15
1194,012389,信澳品质回报6个月持有混合,-0.10099123199772142,60.7,full,1.0,2026-09-15
1195,012225,嘉实优势精选混合A,-0.10117772167513495,62.6,full,1.0,2026-09-15
1196,970067,兴证资管金麒麟消费升级混合A,-0.10304492278242416,60.5,full,1.0,2026-09-15
1197,001278,前海开源清洁能源混合A,-0.1032377433581112,135.0,full,1.0,2026-09-15
1198,001965,圆信永丰兴源灵活配置混合A,-0.10338180529449381,110.8,full,1.0,2026-09-15
1199,690003,民生加银精选混合,-0.10372531455493894,199.4,full,1.0,2026-09-15
1200,001178,前海开源再融资股票,-0.10402668997057496,136.0,full,1.0,2026-09-15
1201,012586,南方港股创新视野一年持有混合A,-0.10420288624795426,56.6,full,1.0,2026-09-15
1202,000251,工银金融地产混合A,-0.10520348592504836,156.6,full,1.0,2026-09-15
1203,012051,申万菱信乐道三年持有期混合,-0.10569109860300785,63.2,full,1.0,2026-09-15
1204,010783,德邦沪港深龙头混合A,-0.1058019682112098,69.0,full,1.0,2026-09-15
1205,160211,国泰中小盘成长混合(LOF),-0.10611688777233841,201.7,full,1.0,2026-09-15
1206,168104,九泰锐丰灵活配置混合(LOF)A,-0.10714627467178917,120.5,full,1.0,2026-09-15
1207,018377,融通远见价值一年持有期混合A,-0.10754929364279242,37.9,full,1.0,2026-09-15
1208,013757,泰信均衡价值混合A,-0.10820250478926163,56.8,full,1.0,2026-09-15
1209,005400,万家潜力价值灵活配置混合A,-0.10977724492702334,103.0,full,1.0,2026-09-15
1210,016166,万家颐远均衡一年持有混合发起A,-0.10980466154421731,48.5,full,1.0,2026-09-15
1211,016119,华富时代锐选混合A,-0.11108829744438686,45.5,full,1.0,2026-09-15
1212,007548,易方达ESG责任投资股票,-0.11279065894437412,84.4,full,1.0,2026-09-15
1213,006796,富国消费升级混合A,-0.1132222548657682,90.8,full,1.0,2026-09-15
1214,009124,华泰保兴科荣混合A,-0.1132815935185415,76.2,full,1.0,2026-09-15
1215,001371,富国沪港深价值混合A,-0.1142915532934885,134.7,full,1.0,2026-09-15
1216,017147,嘉实积极配置一年持有混合A,-0.1145332214628414,45.5,full,1.0,2026-09-15
1217,002300,长盛医疗量化股票A,-0.11458820032322492,127.4,full,1.0,2026-09-15
1218,003238,新华外延增长主题灵活配置混合,-0.11459159907770189,114.5,full,1.0,2026-09-15
1219,011643,嘉实时代先锋三年持有混合A,-0.11496047640900386,61.6,full,1.0,2026-09-15
1220,519651,银河转型混合A,-0.11904853066436627,136.1,full,1.0,2026-09-15
1221,014765,中欧碳中和混合发起A,-0.11927444228755013,54.4,full,1.0,2026-09-15
1222,005106,银华农业产业股票发起式A,-0.11940714841078537,107.6,full,1.0,2026-09-15
1223,005517,富国新趋势灵活配置混合A,-0.11960651014760215,102.1,full,1.0,2026-09-15
1224,012234,华安聚弘精选混合A,-0.12196224530905764,60.6,full,1.0,2026-09-15
1225,017132,中银新能源产业股票A,-0.12317514648832029,38.2,full,1.0,2026-09-15
1226,001392,国富金融地产混合A,-0.12351133281407056,135.2,full,1.0,2026-09-15
1227,009098,景顺长城价值领航两年持有,-0.12356991046744947,77.8,full,1.0,2026-09-15
1228,008371,华安汇智精选两年持有混合,-0.1277113153194801,80.9,full,1.0,2026-09-15
1229,008227,宝盈研究精选混合A,-0.12817137198347728,80.7,full,1.0,2026-09-15
1230,014114,广发沪港深医药混合A,-0.12961327871567307,56.5,full,1.0,2026-09-15
1231,004099,前海开源沪港深景气行业精选混合,-0.1296342865588449,112.3,full,1.0,2026-09-15
1232,016725,农银品质农业股票A,-0.13030808836901797,45.8,full,1.0,2026-09-15
1233,001801,汇添富达欣混合A,-0.13081391173318702,129.4,full,1.0,2026-09-15
1234,001127,中银宏观策略混合A,-0.13099089562141286,137.2,full,1.0,2026-09-15
1235,320022,诺安研究精选股票A,-0.1330843028966625,165.2,full,1.0,2026-09-15
1236,005911,广发双擎升级混合A,-0.13313297984096661,94.4,full,1.0,2026-09-15
1237,002132,广发鑫享灵活配置混合A,-0.13393906292899027,128.0,full,1.0,2026-09-15
1238,002020,国都创新驱动,-0.13475671566074787,128.6,full,1.0,2026-09-15
1239,001197,长盛转型升级主题灵活配置混合,-0.13514342781701005,136.8,full,1.0,2026-09-15
1240,006274,圆信永丰医药健康A,-0.13600588253774804,93.5,full,1.0,2026-09-15
1241,163001,长信医疗保健混合(LOF)A,-0.13831713363799236,197.7,full,1.0,2026-09-15
1242,210005,金鹰主题优势混合,-0.13855354290165212,188.8,full,1.0,2026-09-15
1243,012770,光大创新生活混合A,-0.13867768750086884,58.2,full,1.0,2026-09-15
1244,000083,汇添富消费行业混合,-0.13931728814973154,160.4,full,1.0,2026-09-15
1245,217012,招商行业领先混合A,-0.13974084877686888,206.9,full,1.0,2026-09-15
1246,009909,嘉实动力先锋混合A,-0.14029788885876482,69.7,full,1.0,2026-09-15
1247,001056,华银健康生活主题灵活配置,-0.14083509781669235,137.7,full,1.0,2026-09-15
1248,010112,广发研究精选股票A,-0.14288188699339155,70.3,full,1.0,2026-09-15
1249,016375,招商裕泰混合,-0.1434031823180678,45.0,full,1.0,2026-09-15
1250,001417,汇添富医疗服务灵活配置混合A,-0.14542964314320994,134.9,full,1.0,2026-09-15
1251,016588,富国融甄混合A,-0.14554256575874314,47.6,full,1.0,2026-09-15
1252,162107,金鹰先进制造股票(LOF)A,-0.1460535133352614,171.3,full,1.0,2026-09-15
1253,009007,兴全沪港深两年持有混合,-0.14724802089849265,75.8,full,1.0,2026-09-15
1254,090020,大成健康产业混合A,-0.14866544084855104,168.6,full,1.0,2026-09-15
1255,350002,天治低碳经济混合,-0.14896057596090817,260.1,full,1.0,2026-09-15
1256,519020,国泰金泰灵活配置混合A,-0.14896519346156634,163.5,full,1.0,2026-09-15
1257,206007,鹏华消费优选混合,-0.14946535231291858,188.6,full,1.0,2026-09-15
1258,001320,工银丰盈回报灵活配置混合A,-0.14955458714994474,135.8,full,1.0,2026-09-15
1259,270050,广发新经济混合A,-0.1505813282004299,163.3,full,1.0,2026-09-15
1260,001765,前海开源嘉鑫混合A,-0.15093074434176024,116.6,full,1.0,2026-09-15
1261,011589,九泰天利量化A,-0.15181239259003876,59.1,full,1.0,2026-09-15
1262,007893,平安估值精选混合A,-0.1534536862985585,76.8,full,1.0,2026-09-15
1263,008303,宝盈龙头优选股票A,-0.15345576215728984,77.7,full,1.0,2026-09-15
1264,001209,前海开源一带一路混合A,-0.15513248671037883,136.6,full,1.0,2026-09-15
1265,011783,泓德睿源三年持有期混合,-0.15719679761546212,64.8,full,1.0,2026-09-15
1266,213006,宝盈核心优势混合A,-0.15917285277493087,210.0,full,1.0,2026-09-15
1267,010213,中欧互联网先锋混合A,-0.15929649139784696,71.1,full,1.0,2026-09-15
1268,003581,前海联合国民健康混合A,-0.15976706366875748,116.5,full,1.0,2026-09-15
1269,260109,景顺长城内需增长贰号混合A,-0.1599645002855825,239.1,full,1.0,2026-09-15
1270,240001,华宝宝康消费品,-0.1608566192832469,278.0,full,1.0,2026-09-15
1271,012244,广发金融地产精选股票A,-0.16148933639674434,62.6,full,1.0,2026-09-15
1272,398001,中海优质成长混合,-0.1621571553283857,263.6,full,1.0,2026-09-15
1273,010969,华夏安阳6个月持有期混合A,-0.1635342757311371,65.5,full,1.0,2026-09-15
1274,009869,嘉实产业先锋混合A,-0.16359065249556504,73.8,full,1.0,2026-09-15
1275,006981,中金新医药股票A,-0.16399769266119057,88.1,full,1.0,2026-09-15
1276,004266,招商沪港深科技创新混合A,-0.16502433652914783,112.7,full,1.0,2026-09-15
1277,017199,广发ESG责任投资混合A,-0.165255964472365,43.9,full,1.0,2026-09-15
1278,018048,申万菱信数字产业股票型发起式A,-0.16588975687103968,40.4,full,1.0,2026-09-15
1279,005409,华泰柏瑞新兴产业混合A,-0.16592259830519507,104.0,full,1.0,2026-09-15
1280,001294,新华战略新兴产业灵活配置混合,-0.1662029990019661,134.6,full,1.0,2026-09-15
1281,004851,广发医疗保健股票A,-0.16706949103482727,109.2,full,1.0,2026-09-15
1282,018364,银华医疗健康混合A,-0.16732366217576866,36.3,full,1.0,2026-09-15
1283,009898,民生加银医药健康股票A,-0.16826209399221514,72.6,full,1.0,2026-09-15
1284,002408,中信建投医改混合A,-0.1693310732152985,125.3,full,1.0,2026-09-15
1285,001298,金鹰民族新兴混合A,-0.1694490786631201,135.5,full,1.0,2026-09-15
1286,000757,华富智慧城市灵活配置混合A,-0.17051037244211475,142.5,full,1.0,2026-09-15
1287,010709,安信医药健康股票A,-0.17173976969639781,68.1,full,1.0,2026-09-15
1288,005505,前海开源中药股票A,-0.17338151291000092,101.8,full,1.0,2026-09-15
1289,010949,景顺长城研究驱动三年持有混合,-0.17378553019591703,53.3,full,1.0,2026-09-15
1290,610004,信澳中小盘混合A,-0.1746138830620697,201.5,full,1.0,2026-09-15
1291,002378,建信弘利灵活配置混合A,-0.1746180585475533,127.3,full,1.0,2026-09-15
1292,260108,景顺长城新兴成长混合A,-0.17479921786907293,242.6,full,1.0,2026-09-15
1293,000727,融通健康产业灵活配置混合A/B,-0.17486646575853804,140.7,full,1.0,2026-09-15
1294,007182,万家沪港深蓝筹混合A,-0.175010976036591,58.4,full,1.0,2026-09-15
1295,016287,大成消费机遇混合A,-0.17577191987412288,45.9,full,1.0,2026-09-15
1296,013009,万家港股通精选混合A,-0.17584384687409393,56.3,full,1.0,2026-09-15
1297,519710,交银策略回报灵活配置混合,-0.17687271518479986,170.8,full,1.0,2026-09-15
1298,018818,鑫元数字经济混合发起式A,-0.17691538374590643,37.7,full,1.0,2026-09-15
1299,008985,东方红启东三年持有混合,-0.17697572871502487,78.0,full,1.0,2026-09-15
1300,110023,易方达医疗保健行业混合A,-0.17741583233694358,187.6,full,1.0,2026-09-15
1301,007412,景顺长城绩优成长混合A,-0.17791878854190168,86.5,full,1.0,2026-09-15
1302,000767,华富国泰民安灵活配置混合A,-0.1791931071710946,139.3,full,1.0,2026-09-15
1303,160322,华夏港股通精选股票发起式(LOF)A,-0.18046816393216936,118.1,full,1.0,2026-09-15
1304,010429,中欧睿见混合A,-0.18202098144369572,70.3,full,1.0,2026-09-15
1305,008075,招商核心优选股票A,-0.18276049488647061,81.0,full,1.0,2026-09-15
1306,001068,国新国证新锐A,-0.18341756230977446,137.0,full,1.0,2026-09-15
1307,001229,德邦福鑫灵活配置混合A,-0.18411135144334623,136.6,full,1.0,2026-09-15
1308,014841,东方阿尔法医疗健康混合发起A,-0.18428739840489694,53.6,full,1.0,2026-09-15
1309,009875,天弘甄选食品饮料股票A,-0.18477198356455582,72.8,full,1.0,2026-09-15
1310,012354,南方新能源产业趋势混合A,-0.18492156233863455,60.7,full,1.0,2026-09-15
1311,040005,华安宏利混合A,-0.1850092910682033,240.3,full,1.0,2026-09-15
1312,009958,长安鑫悦消费混合A,-0.1860479614180265,71.9,full,1.0,2026-09-15
1313,004995,广发品牌消费股票发起式A,-0.18664832375921914,105.0,full,1.0,2026-09-15
1314,015026,鹏华增华混合A,-0.18724119181666388,49.0,full,1.0,2026-09-15
1315,000913,农银医疗保健股票,-0.1891734436888265,139.1,full,1.0,2026-09-15
1316,013220,中欧新兴价值一年持有混合A,-0.1909415765573429,60.3,full,1.0,2026-09-15
1317,015915,永赢医药创新智选混合发起A,-0.19128489508555235,45.8,full,1.0,2026-09-15
1318,001878,嘉实沪港深精选股票,-0.19209928694276868,123.6,full,1.0,2026-09-15
1319,350009,天治研究驱动混合A,-0.19263734224792384,176.6,full,1.0,2026-09-15
1320,016502,永赢新兴消费智选混合发起A,-0.19348341605955544,45.2,full,1.0,2026-09-15
1321,011868,中信建投远见回报混合A,-0.19370327726402015,61.2,full,1.0,2026-09-15
1322,005004,交银品质升级混合A,-0.19384310135055927,103.2,full,1.0,2026-09-15
1323,016384,永赢消费鑫选6个月持有混合A,-0.19398446362027566,45.5,full,1.0,2026-09-15
1324,160421,华安智增精选混合,-0.19400649910097556,120.0,full,1.0,2026-09-15
1325,005358,东方阿尔法精选混合A,-0.19500251201221486,103.2,full,1.0,2026-09-15
1326,011173,银华心享一年持有期混合,-0.1955964748565886,66.4,full,1.0,2026-09-15
1327,005233,广发睿毅领先混合A,-0.19586286242227302,105.0,full,1.0,2026-09-15
1328,015227,华夏创新研选混合A,-0.19735485040070033,48.8,full,1.0,2026-09-15
1329,009877,中银内核驱动股票A,-0.19779079070235772,72.9,full,1.0,2026-09-15
1330,016549,永赢消费龙头智选混合发起A,-0.1985413118487237,45.2,full,1.0,2026-09-15
1331,010554,华安新兴消费混合A,-0.1986059597955564,69.1,full,1.0,2026-09-15
1332,519714,交银消费新驱动股票,-0.19899753757473948,166.2,full,1.0,2026-09-15
1333,005541,前海开源盛鑫混合A,-0.1991712137511078,101.4,full,1.0,2026-09-15
1334,166011,中欧盛世成长混合(LOF)A,-0.19952730913517713,173.6,full,1.0,2026-09-15
1335,006408,汇添富消费升级混合A,-0.20081631546799683,92.8,full,1.0,2026-09-15
1336,015004,中邮能源革新混合型发起A,-0.2025267612395516,54.3,full,1.0,2026-09-15
1337,013940,东吴医疗服务股票A,-0.20254193702555068,57.5,full,1.0,2026-09-15
1338,010801,长江量化消费精选股票A,-0.20352794581389055,67.6,full,1.0,2026-09-15
1339,015553,融通价值成长混合A,-0.2045605446633244,49.9,full,1.0,2026-09-15
1340,000780,鹏华医疗保健股票,-0.20693798944034458,143.7,full,1.0,2026-09-15
1341,007084,天治转型升级混合,-0.20751793623615578,87.9,full,1.0,2026-09-15
1342,007718,中银创新医疗混合A,-0.20792890664364638,82.1,full,1.0,2026-09-15
1343,012483,前海开源优质龙头6个月持有混合A,-0.20878030816823234,62.2,full,1.0,2026-09-15
1344,350008,天治新消费混合,-0.210432278161102,181.4,full,1.0,2026-09-15
1345,519959,长信多利混合A,-0.21209374321566632,134.5,full,1.0,2026-09-15
1346,001675,江信同福A,-0.21216147816417008,132.6,full,1.0,2026-09-15
1347,006644,弘毅远方消费升级混合A,-0.21276532921193914,91.5,full,1.0,2026-09-15
1348,007151,前海开源沪港深聚瑞混合,-0.2132008649616347,87.1,full,1.0,2026-09-15
1349,015343,长安优势行业混合A,-0.2139168654554935,48.5,full,1.0,2026-09-15
1350,005489,中金衡优灵活配置混合A,-0.21525102726031664,99.3,full,1.0,2026-09-15
1351,006377,广发趋势动力混合A,-0.21913778255047478,92.7,full,1.0,2026-09-15
1352,002567,大成国家安全主题灵活配置混合A,-0.21916926286019278,124.4,full,1.0,2026-09-15
1353,005241,中欧时代智慧混合A,-0.21958834117374026,103.7,full,1.0,2026-09-15
1354,013023,平安均衡优选1年持有混合A,-0.2200573965484981,59.7,full,1.0,2026-09-15
1355,015732,尚正新能源产业混合A,-0.22116268679122897,49.2,full,1.0,2026-09-15
1356,001230,鹏华医药科技股票A,-0.22147433709636144,135.5,full,1.0,2026-09-15
1357,006882,华泰保兴健康消费A,-0.22154307737292556,87.7,full,1.0,2026-09-15
1358,240020,华宝医药生物混合A,-0.22343264883910485,174.6,full,1.0,2026-09-15
1359,000878,中海医药健康产业精选混合A,-0.22391758866140588,140.9,full,1.0,2026-09-15
1360,005164,富荣福锦混合A,-0.22475848604743232,102.0,full,1.0,2026-09-15
1361,011174,中庚价值品质一年持有期混合,-0.22561844756754879,67.8,full,1.0,2026-09-15
1362,006233,万家汽车新趋势混合A,-0.2264109823135788,82.8,full,1.0,2026-09-15
1363,009414,中银大健康股票A,-0.2268524460234883,75.6,full,1.0,2026-09-15
1364,003655,信澳新财富混合A,-0.22739746802384986,118.1,full,1.0,2026-09-15
1365,002387,工银沪港深股票A,-0.22808061994545015,124.8,full,1.0,2026-09-15
1366,014987,华安产业趋势混合A,-0.22880989468533341,49.4,full,1.0,2026-09-15
1367,003446,英大睿鑫A,-0.2296909799931357,117.7,full,1.0,2026-09-15
1368,006209,中信保诚新蓝筹混合,-0.23053678964192448,96.4,full,1.0,2026-09-15
1369,004040,金鹰医疗健康产业A,-0.23053707224735376,109.5,full,1.0,2026-09-15
1370,005504,汇添富沪港深大盘价值混合A,-0.2306036176161529,103.0,full,1.0,2026-09-15
1371,000591,中银健康生活混合A,-0.2311311550158145,147.9,full,1.0,2026-09-15
1372,008842,同泰远见混合A,-0.23295861816935104,72.2,full,1.0,2026-09-15
1373,000761,国富健康优质生活股票,-0.23472242801686904,143.7,full,1.0,2026-09-15
1374,011826,汇添富健康生活一年持有混合A,-0.2355117416728657,65.7,full,1.0,2026-09-15
1375,004076,国联安锐意成长混合,-0.23788289192441714,115.7,full,1.0,2026-09-15
1376,012373,富国稳健恒盛12个月持有混合A,-0.23940286244629116,60.3,full,1.0,2026-09-15
1377,015927,西部利得绿色能源混合A,-0.2398012143735183,45.5,full,1.0,2026-09-15
1378,014589,招商成长先导股票A,-0.23991390846809113,49.8,full,1.0,2026-09-15
1379,004805,长信消费精选量化股票A,-0.241385816087611,102.3,full,1.0,2026-09-15
1380,010110,广发医药健康混合A,-0.24194406546663794,70.8,full,1.0,2026-09-15
1381,013851,中信建投低碳成长混合A,-0.2426071001630703,57.1,full,1.0,2026-09-15
1382,005335,浙商全景消费混合A,-0.2446972648062371,104.5,full,1.0,2026-09-15
1383,013004,国泰价值领航股票A,-0.24482977405527095,60.3,full,1.0,2026-09-15
1384,005169,华泰保兴策略精选A,-0.2452320867237615,105.3,full,1.0,2026-09-15
1385,003230,创金合信医疗保健股票A,-0.24564079646203762,120.5,full,1.0,2026-09-15
1386,011288,上银医疗健康混合A,-0.24648789578243369,65.5,full,1.0,2026-09-15
1387,002621,中欧消费主题股票A,-0.24868244180314225,121.8,full,1.0,2026-09-15
1388,001643,汇丰晋信智造先锋股票A,-0.24946125336517022,131.5,full,1.0,2026-09-15
1389,003432,中信保诚至瑞混合A,-0.24964835953837117,118.8,full,1.0,2026-09-15
1390,014938,同泰产业升级混合A,-0.2502052394438201,53.7,full,1.0,2026-09-15
1391,501209,银华富久食品饮料精选混合(LOF)A,-0.2502278178437126,60.4,full,1.0,2026-09-15
1392,003397,银华体育文化灵活配置混合A,-0.2502866657302164,117.9,full,1.0,2026-09-15
1393,010104,景顺长城消费精选混合A,-0.25155685037688347,71.7,full,1.0,2026-09-15
1394,011177,博时汇融回报一年持有混合A,-0.25234134518389617,67.8,full,1.0,2026-09-15
1395,610002,信澳精华配置混合A,-0.25276945389596894,217.5,full,1.0,2026-09-15
1396,009564,汇安消费龙头混合A,-0.25484225407165395,73.1,full,1.0,2026-09-15
1397,377150,摩根健康品质生活混合A,-0.25486834300790384,175.4,full,1.0,2026-09-15
1398,011153,华宝新兴消费混合A,-0.2559276738220242,65.9,full,1.0,2026-09-15
1399,007861,金元顺安医疗健康混合A,-0.2564132413876481,61.6,full,1.0,2026-09-15
1400,014699,东方高端制造混合A,-0.2576868424943719,42.5,full,1.0,2026-09-15
1401,161818,银华消费主题混合A,-0.2591173247960613,179.6,full,1.0,2026-09-15
1402,008099,广发价值领先混合A,-0.26151456621844604,76.3,full,1.0,2026-09-15
1403,001270,英大灵活配置混合型发起式A,-0.26177048860671825,136.3,full,1.0,2026-09-15
1404,007484,信澳核心科技混合A,-0.26408956034376063,85.1,full,1.0,2026-09-15
1405,010594,广发睿选三年持有期混合,-0.26460537006940876,68.8,full,1.0,2026-09-15
1406,006881,华宝大健康混合A,-0.26462360069992463,89.6,full,1.0,2026-09-15
1407,510081,长盛动态精选混合,-0.2652398484229135,267.8,full,1.0,2026-09-15
1408,001271,英大灵活配置混合型发起式B,-0.26531431965073693,136.3,full,1.0,2026-09-15
1409,004189,华商消费行业股票,-0.26545634405650775,114.0,full,1.0,2026-09-15
1410,013871,招商能源转型混合A,-0.2659764594059252,55.2,full,1.0,2026-09-15
1411,000057,中银消费主题混合A,-0.2663722038816322,160.7,full,1.0,2026-09-15
1412,016350,招商碳中和主题混合A,-0.266428728825728,47.6,full,1.0,2026-09-15
1413,006223,交银创新成长混合,-0.2677115069823097,95.6,full,1.0,2026-09-15
1414,007082,平安高端制造混合A,-0.26788764343460614,88.7,full,1.0,2026-09-15
1415,009661,平安研究睿选混合A,-0.2681689187148576,74.0,full,1.0,2026-09-15
1416,519767,交银科技创新灵活配置混合A,-0.2741626296069922,124.4,full,1.0,2026-09-15
1417,015838,广发招利混合A,-0.2771669622368548,47.8,full,1.0,2026-09-15
1418,006477,中邮沪港深精选混合A,-0.2777867043561636,89.6,full,1.0,2026-09-15
1419,005620,中欧品质消费股票A,-0.2790460834046343,103.1,full,1.0,2026-09-15
1420,016073,创金合信软件产业股票发起A,-0.2832281048700245,47.5,full,1.0,2026-09-15
1421,012971,东吴消费成长混合A,-0.2838357324579234,60.0,full,1.0,2026-09-15
1422,013348,创金合信大健康混合A,-0.2848844548171875,55.6,full,1.0,2026-09-15
1423,001193,中金消费升级股票A,-0.28489736151432066,134.7,full,1.0,2026-09-15
1424,162717,广发成长新动能混合A,-0.28579541609387005,116.9,full,1.0,2026-09-15
1425,005104,富荣福康混合A,-0.28593620275596743,103.1,full,1.0,2026-09-15
1426,008424,国联品牌优选混合A,-0.28649066827322234,76.1,full,1.0,2026-09-15
1427,481013,工银消费服务混合A,-0.28764428937955944,184.8,full,1.0,2026-09-15
1428,011184,东方阿尔法招阳混合A,-0.29230244488045976,66.0,full,1.0,2026-09-15
1429,014794,富国远见优选混合A,-0.2923338634173249,54.9,full,1.0,2026-09-15
1430,010701,恒越内需驱动混合A,-0.2935887369177803,68.3,full,1.0,2026-09-15
1431,398061,中海消费混合A,-0.29406739401536197,178.2,full,1.0,2026-09-15
1432,540002,汇丰晋信龙腾混合A,-0.29642940825817155,239.6,full,1.0,2026-09-15
1433,011121,广发兴诚混合A,-0.29903221247306455,68.3,full,1.0,2026-09-15
1434,009265,易方达消费精选股票,-0.30081486239762734,77.1,full,1.0,2026-09-15
1435,012523,国联高质量成长混合A,-0.3026210341633446,58.0,full,1.0,2026-09-15
1436,000538,诺安优势行业混合A,-0.3030788705681503,150.1,full,1.0,2026-09-15
1437,011917,山证资管品质生活混合A,-0.30357880086668365,63.6,full,1.0,2026-09-15
1438,006926,长城量化精选股票A,-0.3038898696433008,87.6,full,1.0,2026-09-15
1439,002443,前海开源沪港深龙头精选混合A,-0.30391892870849535,122.4,full,1.0,2026-09-15
1440,008180,同泰慧利混合A,-0.30488071890966606,74.4,full,1.0,2026-09-15
1441,013356,大摩沪港深精选混合A,-0.3093800171118217,57.7,full,1.0,2026-09-15
1442,012255,富国高质量混合,-0.3095168139350859,63.0,full,1.0,2026-09-15
1443,006179,富国品质生活混合A,-0.30985677487910146,89.9,full,1.0,2026-09-15
1444,008901,富国内需增长混合A,-0.31091471438348817,77.7,full,1.0,2026-09-15
1445,009476,建信食品饮料行业股票A,-0.31147151922326277,72.6,full,1.0,2026-09-15
1446,016541,交银启衡混合A,-0.3260948687161884,45.5,full,1.0,2026-09-15
1447,010143,交银施罗德启欣混合,-0.32973401068099595,70.6,full,1.0,2026-09-15
1448,011924,嘉实港股互联网产业核心资产A,-0.33155052590139067,60.9,full,1.0,2026-09-15
1449,018045,东方创新医疗股票A,-0.33929021681815585,40.3,full,1.0,2026-09-15
1450,005255,浦银港股通量化混合A,-0.33943709915400566,103.7,full,1.0,2026-09-15
1451,011876,景顺长城医疗健康混合A,-0.35187934159956147,60.9,full,1.0,2026-09-15
1452,018362,东方阿尔法瑞丰混合发起A,-0.38015480455162,40.1,full,1.0,2026-09-15
1453,008840,德邦大消费混合A,-0.3860196609431593,74.9,full,1.0,2026-09-15
1454,290012,泰信行业精选混合A,-0.3886563188254394,174.8,full,1.0,2026-09-15
1455,016847,中欧高端装备股票发起A,-0.4011299832344354,46.0,full,1.0,2026-09-15
1456,006235,东方城镇消费主题混合A,-0.4089000538873102,87.7,full,1.0,2026-09-15
1457,011188,信澳星奕混合A,-0.421486116610838,67.7,full,1.0,2026-09-15
1458,018438,财通资管品质消费混合发起式A,-0.421670483596144,40.2,full,1.0,2026-09-15
1459,007770,同泰开泰混合A,-0.42936136481951237,84.6,full,1.0,2026-09-15
1460,015150,恒越匠心优选一年持有混合A,-0.45281367427183994,45.7,full,1.0,2026-09-15
1461,008050,同泰慧择混合A,-0.5486601360799147,81.8,full,1.0,2026-09-15
