fund_code,管理费率,托管费率,销售服务费率
000001,1.2,0.2,
000049,1.1,0.3,0.0
340006,1.2,0.2,
000006,1.2,0.1,0.0
000011,1.2,0.2,0.0
000017,1.2,0.2,0.0
000020,1.2,0.2,0.0
000021,1.2,0.2,
000029,1.2,0.2,0.0
000030,1.2,0.2,0.0
000039,1.2,0.2,
000056,1.2,0.2,
000057,1.2,0.2,0.0
000058,0.9,0.2,0.0
000061,1.2,0.2,
000063,1.2,0.2,0.0
000065,0.9,0.2,0.0
000066,1.2,0.2,0.0
000072,0.7,0.2,0.0
000073,1.2,0.2,0.0
000082,1.2,0.2,0.0
000083,1.2,0.2,
000087,0.3,0.1,0.0
000110,0.6,0.2,
000113,0.7,0.2,0.0
000117,1.2,0.2,
000120,1.2,0.2,0.0
000121,0.9,0.2,0.0
000124,1.2,0.2,
000126,1.2,0.2,0.0
000127,1.2,0.2,
000136,1.2,0.2,0.0
000165,1.2,0.2,
000190,1.2,0.2,0.0
000195,0.6,0.15,0.0
000196,0.6,0.15,0.6
000199,1.2,0.2,0.0
000209,1.2,0.2,0.0
000214,0.6,0.1,
000215,0.6,0.15,0.0
000246,0.7,0.2,0.35
000251,1.2,0.2,0.0
000256,1.2,0.25,0.0
000259,1.2,0.2,
000263,1.2,0.2,0.0
000264,1.2,0.2,0.0
000308,1.2,0.2,
000309,1.2,0.2,0.0
000314,0.6,0.15,0.0
000326,1.2,0.2,0.0
000327,1.2,0.2,0.0
000328,1.2,0.2,0.0
000336,1.2,0.2,
000404,1.2,0.2,
000408,1.2,0.2,0.0
000409,1.2,0.2,
000423,0.9,0.05,0.0
000431,1.2,0.2,
000432,1.2,0.2,0.0
000433,1.0,0.2,0.0
000462,1.2,0.2,0.0
000463,0.7,0.2,0.0
000466,0.7,0.2,0.0
000471,1.2,0.2,
000507,0.6,0.2,0.0
000508,0.6,0.2,0.3
000511,0.7,0.16,0.0
000526,1.0,0.2,0.0
000527,1.2,0.2,0.0
000529,1.2,0.2,0.0
000530,0.6,0.15,0.0
000547,1.2,0.2,0.0
000549,1.2,0.2,0.0
000550,1.2,0.2,0.0
000551,1.2,0.2,0.0
000573,0.8,0.15,0.0
000574,1.2,0.2,0.0
000577,1.0,,
000584,1.2,0.2,0.5
000595,1.2,0.2,
000597,0.8,0.2,0.25
000598,1.2,0.2,0.0
000601,1.2,0.2,
000628,1.2,0.2,0.0
000634,1.2,0.2,
000639,0.6,0.2,0.0
000646,1.2,0.2,0.0
000649,1.2,0.2,0.0
000652,1.2,0.2,0.0
000654,1.2,0.2,
000663,1.2,0.2,0.0
000664,0.6,0.1,0.0
000667,1.2,0.2,0.0
000672,1.2,0.2,0.8
000679,0.8,0.1,0.0
000684,1.2,0.2,0.0
000688,1.2,0.2,0.0
000689,1.2,0.2,0.0
000690,1.2,0.2,
000696,1.2,0.2,
000697,1.2,0.2,0.0
000698,1.2,0.2,
000706,0.6,0.2,
000708,0.7,0.25,0.0
000711,1.2,0.2,
000714,0.6,0.2,0.0
000717,1.2,0.2,0.0
000727,1.2,0.2,0.0
000729,1.2,0.2,0.0
000739,1.2,0.2,0.0
000742,1.2,0.2,0.0
000743,0.6,0.2,
000746,1.2,0.2,
000747,1.2,0.2,0.0
000751,1.2,0.2,
000753,1.0,0.2,0.0
000755,1.2,0.2,0.0
000756,1.2,0.2,0.0
000780,1.2,0.2,
000788,1.2,0.2,
000793,1.2,0.2,
000805,1.2,0.2,0.0
000822,0.5,0.1,0.0
000823,1.2,0.2,0.0
000824,1.2,0.2,0.0
000845,1.2,0.2,0.0
000849,1.2,0.2,0.0
000854,1.2,0.2,
000884,1.2,0.2,
000887,1.2,0.25,
000892,0.3,0.15,0.0
000893,1.2,0.2,
000894,0.6,0.15,0.0
000913,1.2,0.2,
000916,1.2,0.2,0.0
000935,1.2,0.2,
000936,1.2,0.2,0.0
000939,1.2,0.2,0.0
000940,1.2,0.2,0.0
000945,1.2,0.2,0.0
000951,0.27,0.08,0.3
000953,0.9,0.2,0.0
000955,1.2,0.2,
000960,1.2,0.2,
000963,1.2,0.2,
000965,1.2,0.2,0.0
000966,1.2,0.2,
000967,1.2,0.2,
000977,1.2,0.2,0.0
000978,1.2,0.2,0.0
000979,1.2,0.2,0.0
000985,1.2,0.2,
000993,1.2,0.2,
000994,1.2,0.2,0.0
000996,1.2,0.2,0.0
001000,1.2,0.2,0.0
001004,1.0,,
001007,1.2,0.2,
001008,1.2,0.2,
001009,1.2,0.2,0.0
001037,1.2,0.2,0.0
001039,1.2,0.2,
001040,1.2,0.2,0.0
001042,1.2,0.2,
001043,1.2,0.2,0.0
001044,1.2,0.2,0.0
001047,1.2,0.2,0.0
001048,1.2,0.2,0.0
001060,1.2,0.2,0.0
001067,0.6,0.2,0.0
001068,1.2,0.2,0.0
001069,1.2,0.2,
001075,1.2,0.2,0.0
001076,1.2,0.2,
001088,1.2,0.2,0.0
001097,1.2,0.2,0.0
001102,1.2,0.2,0.0
001103,1.2,0.2,
001104,1.2,0.2,0.0
001105,1.2,0.2,0.0
001106,1.2,0.2,
001110,0.6,0.15,0.0
001112,1.2,0.2,
001115,0.8,0.2,0.0
001118,1.2,0.2,0.0
001120,1.2,0.2,0.0
001122,0.6,0.2,0.0
001139,0.3,0.1,0.0
001140,1.2,0.2,0.0
001141,0.7,0.2,0.0
001143,1.2,0.2,
001156,1.2,0.2,0.0
001157,0.8,0.2,
001158,1.2,0.2,
001171,1.2,0.2,0.0
001172,0.6,0.2,0.0
001173,1.2,0.2,0.0
001178,1.2,0.2,
001184,1.2,0.2,0.0
001185,1.0,0.2,0.0
001186,1.2,0.2,0.0
001188,1.2,0.2,
001196,0.7,0.2,0.0
001197,1.2,0.2,
001198,0.7,0.2,0.0
001201,0.6,0.1,0.0
001202,0.7,0.2,0.0
001203,0.6,0.1,0.0
001208,1.2,0.2,0.0
001209,1.2,0.2,0.0
001210,1.2,0.2,0.0
001215,1.2,0.2,
001216,0.6,0.2,0.0
001225,1.2,0.2,0.0
001226,1.0,0.2,
001227,1.2,0.2,0.0
001228,0.6,0.2,0.0
001229,0.6,0.2,0.0
001230,1.2,0.2,0.0
001231,0.5,0.1,0.0
001236,1.2,0.2,0.0
001252,0.8,0.2,0.2
001254,0.6,0.2,0.0
001255,1.2,0.2,0.0
001256,1.2,0.2,
001261,1.2,0.2,0.0
001264,0.6,0.1,0.0
001265,0.5,0.1,0.0
001266,1.2,0.2,0.0
001267,1.2,0.2,
001268,1.2,0.2,0.0
001270,0.6,0.2,0.0
001271,0.6,0.2,0.5
001272,1.2,0.1,0.0
001273,0.9,0.15,0.0
001275,1.2,0.2,
001276,1.2,0.2,
001277,1.2,0.2,0.0
001278,1.2,0.2,0.0
001279,1.2,0.2,
001280,0.6,0.15,0.0
001281,1.0,0.2,0.0
001282,1.2,0.2,0.0
001283,1.2,0.15,0.0
001285,0.6,0.2,0.0
001287,1.0,0.2,0.0
001297,1.2,0.2,
001298,0.8,,
001300,1.2,0.2,0.0
001302,1.2,0.2,0.0
001312,0.7,0.15,0.0
001313,1.2,0.2,0.0
001314,0.6,0.2,0.0
001316,0.6,0.2,0.0
001318,0.8,0.2,0.0
001319,1.2,0.2,0.0
001320,1.2,0.2,0.0
001322,1.2,0.2,
001331,0.4,0.1,0.0
001334,0.6,0.1,0.0
001335,0.6,0.15,0.0
001355,0.55,0.1,0.0
001357,0.7,0.15,0.0
001358,0.6,0.2,0.0
001362,0.6,0.1,0.0
001371,1.2,0.2,0.0
001373,1.2,0.2,
001382,1.2,0.2,
001396,1.2,0.2,
001398,1.2,0.2,
001399,0.8,0.1,0.0
001402,0.65,0.15,0.0
001410,1.2,0.2,0.0
001411,0.6,0.2,0.0
001412,0.7,0.15,0.0
001413,0.6,0.2,0.0
001421,1.2,0.2,0.0
001422,0.6,0.1,0.0
001424,0.6,0.2,0.0
001427,0.6,0.15,0.0
001445,1.2,0.2,0.0
001447,0.4,0.08,0.0
001448,0.6,0.2,0.0
001449,1.2,0.2,
001470,0.6,0.15,0.0
001471,1.2,0.2,0.0
001473,1.2,0.2,
001474,0.8,0.1,0.0
001475,1.2,0.2,0.0
001476,1.2,0.2,0.0
001479,1.2,0.2,
001480,1.2,0.2,0.0
001482,1.2,0.2,0.0
001484,0.6,0.1,0.0
001485,0.6,0.15,0.0
001487,1.2,0.2,0.0
001488,0.6,0.15,0.0
001490,1.2,0.2,0.0
001495,0.8,0.2,0.0
001496,1.2,0.2,
001498,0.8,0.2,0.0
001499,0.6,0.1,0.0
001500,1.2,0.2,
001508,0.6,0.2,0.0
001513,1.2,0.2,0.0
001518,1.2,0.2,0.0
001520,1.2,0.2,
001521,1.2,0.2,0.0
001522,0.6,0.15,0.0
001524,0.6,0.15,
001528,1.2,0.2,0.0
001530,0.6,0.15,0.0
001531,1.2,0.2,0.0
001532,1.2,0.2,0.0
001534,1.2,0.2,0.0
001535,1.2,0.2,0.0
001536,1.2,0.2,
001537,1.2,0.2,
001538,1.2,0.2,0.0
001540,1.2,0.2,
001541,1.2,0.2,
001542,1.2,0.2,
001543,1.2,0.2,0.0
001547,0.4,0.1,0.0
001558,1.2,0.2,0.0
001562,0.6,0.1,
001563,1.2,0.2,0.0
001564,1.2,0.2,0.0
001566,0.8,0.2,0.0
001569,1.2,0.2,
001570,0.6,0.1,0.0
001571,0.6,0.1,0.0
001573,0.6,0.1,
001574,1.2,0.2,0.0
001575,0.3,0.05,
001576,1.2,0.2,0.0
001577,1.2,0.2,
001579,1.2,0.2,0.0
001581,1.2,0.2,0.0
001583,1.2,0.2,0.0
001584,0.3,0.05,0.0
001596,0.6,0.1,0.0
001609,0.8,0.2,0.0
001613,1.2,0.2,0.0
001614,1.2,0.2,
001615,0.7,0.15,0.0
001616,1.2,0.2,
001623,1.2,0.2,0.0
001626,1.2,0.2,0.0
001628,1.2,0.2,0.0
001633,0.6,0.2,0.0
001656,1.2,0.2,
001657,1.2,0.2,0.0
001659,1.2,0.2,
001660,0.9,0.2,
001662,1.2,0.2,
001664,0.6,0.1,0.0
001667,1.2,0.2,0.0
001672,1.2,0.2,0.0
001675,0.7,0.15,0.0
001677,1.2,0.2,0.0
001678,1.0,0.15,0.0
001679,1.2,0.2,0.0
001692,1.2,0.2,
001694,1.2,0.2,0.0
001695,0.8,0.15,
001701,1.2,0.2,
001702,1.2,0.2,
001703,1.2,0.2,0.0
001704,1.2,0.2,
001714,1.2,0.2,0.0
001715,1.0,0.2,0.0
001716,1.0,0.2,0.0
001717,1.2,0.2,0.0
001718,1.2,0.2,0.0
001719,1.2,0.2,
001720,0.5,0.1,
001721,0.3,0.05,
001722,0.3,0.05,
001723,1.2,0.2,0.0
001725,1.2,0.2,0.0
001726,1.2,0.2,0.0
001730,1.2,0.2,
001731,1.0,0.1,0.0
001733,1.2,0.25,
001734,1.2,0.1,0.0
001736,1.2,0.2,
001740,1.2,0.2,0.0
001741,1.0,0.1,
001743,1.2,0.1,0.0
001744,1.2,0.15,0.0
001745,0.6,0.1,0.0
001747,0.6,0.1,0.0
001749,1.2,0.2,0.0
001753,1.2,0.2,0.0
001755,0.6,0.15,0.0
001756,0.6,0.1,
001758,1.2,0.2,
001759,1.2,0.2,
001760,1.2,0.2,
001761,0.6,0.15,0.0
001763,1.2,0.2,
001764,1.2,0.2,
001765,0.6,0.1,0.0
001766,1.2,0.2,0.0
001779,0.8,0.2,
001780,1.2,0.2,0.0
001781,1.2,0.2,
001782,1.0,0.1,0.0
001789,1.0,0.2,0.0
001790,1.2,0.2,0.0
001791,1.2,0.2,0.0
001795,1.5,0.25,
001796,0.9,0.2,0.0
001797,0.6,0.15,0.0
001798,1.0,0.15,0.0
001800,0.6,0.15,0.0
001816,0.9,0.2,0.0
001817,0.6,0.1,0.0
001822,1.2,0.2,0.0
001824,0.6,0.25,
001825,1.2,0.2,0.0
001827,1.2,0.2,0.0
001829,1.2,0.2,
001830,1.2,0.2,0.0
001832,0.6,0.15,
001835,0.6,0.1,0.0
001837,1.2,0.2,0.0
001838,1.2,0.2,0.0
001839,0.8,0.2,
001849,1.2,0.2,
001850,0.4,0.05,0.0
001852,1.2,0.2,0.0
001856,1.2,0.2,0.0
001857,1.2,0.2,
001858,1.2,0.2,0.0
001859,0.7,0.2,0.0
001861,1.2,0.2,0.0
001864,1.2,0.2,
001869,1.2,0.2,0.0
001874,1.2,0.2,
001875,1.2,0.2,0.0
001877,1.2,0.2,0.0
001878,1.2,0.2,
001880,1.2,0.2,0.0
001892,1.2,0.2,0.0
001897,1.2,0.2,0.0
001898,1.2,0.2,
001900,1.2,0.2,0.0
001901,0.6,0.1,0.0
001905,0.4,0.12,0.0
001907,1.2,0.2,0.0
001910,1.2,0.2,
001914,0.3,0.1,0.0
001915,1.2,0.2,0.0
001917,1.2,0.2,0.0
001922,0.4,0.1,0.0
001924,1.2,0.2,
001927,1.2,0.2,0.0
001932,0.8,0.25,
001933,1.2,0.2,
001938,1.2,0.2,0.0
001939,0.6,0.15,0.0
001940,1.2,0.2,
001942,0.6,0.1,0.0
001947,0.8,0.25,0.0
001948,0.7,0.2,0.0
001951,1.2,0.2,
001955,1.2,0.2,0.0
001956,1.2,0.2,0.0
001959,1.2,0.2,0.0
001975,1.2,0.2,
001978,0.5,0.1,0.0
001980,1.2,0.2,0.0
001983,1.2,0.2,
001985,1.2,0.2,0.0
001986,1.2,0.2,0.0
001990,1.2,0.2,0.0
002000,0.5,0.1,
002001,1.2,0.2,
002003,0.6,0.1,0.0
002005,0.3,0.1,
002006,0.9,0.1,
002009,0.6,0.15,0.0
002011,1.2,0.2,
002015,0.6,0.1,0.0
002018,0.6,0.1,0.0
002020,1.2,0.2,
002021,1.2,0.2,
002023,0.8,0.15,0.0
002025,0.6,0.15,0.0
002027,0.6,0.2,0.0
002030,0.65,0.15,0.1
002031,1.2,0.2,
002046,0.6,0.1,0.1
002048,0.6,0.18,
002049,0.6,0.2,
002054,0.6,0.1,0.0
002057,0.6,0.1,0.0
002064,1.2,0.2,0.0
002067,0.6,0.2,0.0
002083,1.2,0.2,0.0
002085,1.2,0.2,0.0
002087,0.6,0.15,0.0
002095,0.5,0.15,0.0
002103,1.2,0.2,
002109,0.3,0.1,
002124,1.2,0.2,0.0
002125,1.2,0.2,0.0
002132,1.0,0.2,0.0
002133,1.0,0.2,
002134,0.6,0.15,0.0
002135,0.6,0.1,0.0
002137,1.2,0.2,0.0
002142,1.2,0.2,0.0
002145,1.2,0.2,
002146,1.2,0.2,0.0
002148,0.6,0.2,
002149,0.6,0.15,
002152,1.2,0.2,0.0
002155,0.7,0.2,0.0
002156,0.6,0.2,0.0
002159,1.2,0.2,0.0
002160,1.2,0.2,
002161,0.6,0.2,0.0
002168,1.2,0.2,
002174,1.2,0.2,
002177,0.6,0.1,0.1
002189,1.2,0.2,
002190,1.2,0.2,0.0
002194,0.7,0.2,
002197,0.4,0.1,0.0
002222,0.6,0.2,0.0
002224,1.0,0.2,
002227,0.6,0.15,0.0
002229,1.2,0.2,
002231,0.6,0.1,
002244,1.2,0.2,
002249,1.2,0.2,
002251,1.2,0.2,0.0
002252,1.2,0.2,0.0
002256,1.2,0.2,0.0
002258,1.2,0.2,0.0
002259,1.2,0.2,
002261,0.6,0.1,0.0
002263,1.5,0.25,0.0
002264,1.2,0.2,0.0
002270,1.2,0.2,0.0
002271,1.2,0.2,0.0
002272,1.2,0.2,0.0
002273,0.7,0.17,0.3
002292,1.2,0.2,0.0
002293,1.2,0.2,0.0
002295,1.2,0.2,0.0
002296,1.2,0.2,0.0
002300,1.2,0.2,0.0
002303,1.2,0.2,0.0
002304,0.6,0.1,0.0
002305,1.2,0.2,0.0
002307,1.2,0.2,
002313,0.6,0.2,0.3
002317,1.2,0.2,
002319,1.2,0.2,0.0
002330,0.7,0.25,0.5
002331,0.66,0.14,0.0
002332,1.2,0.2,0.0
002334,1.2,0.2,0.0
002340,1.2,0.2,0.0
002345,1.2,0.2,0.0
002356,0.3,0.1,0.0
002358,0.55,0.15,0.0
002363,0.9,0.2,0.0
002367,1.2,0.2,
002376,1.2,0.2,
002378,1.2,0.2,0.0
002383,0.6,0.15,0.0
002384,0.6,0.15,
002387,1.2,0.2,0.0
002409,0.6,0.1,0.0
002411,0.6,0.15,0.0
002413,0.6,0.1,0.0
002415,1.2,0.2,
002419,1.2,0.2,0.0
002420,1.2,0.2,0.0
002421,0.7,0.2,0.0
002424,1.5,0.25,
002430,0.6,0.1,0.0
002434,0.6,0.1,0.0
002443,1.2,0.2,0.0
002446,1.2,0.2,0.0
002447,0.3,0.1,
002449,0.6,0.1,0.0
002450,1.2,0.2,0.0
002453,1.5,0.25,0.0
002455,0.6,0.15,0.0
002456,1.2,0.2,0.0
002458,0.9,0.2,
002461,0.6,0.1,0.0
002472,1.2,0.2,0.0
002475,0.8,0.2,
002476,0.6,0.18,0.0
002482,1.2,0.2,
002489,0.8,0.2,0.0
002494,0.6,0.1,0.0
002495,1.2,0.2,0.0
002497,0.6,0.2,0.0
002498,0.6,0.13,0.0
002502,0.6,0.1,0.0
002512,1.2,0.2,0.0
002514,0.6,0.15,0.0
002518,0.6,0.15,0.0
002535,0.6,0.1,0.0
002537,1.2,0.2,0.0
002542,1.2,0.2,0.0
002543,0.4,0.12,0.0
002545,0.6,0.2,
002547,0.6,0.15,
002564,0.6,0.15,
002567,1.2,0.2,0.0
002573,1.2,0.2,
002574,1.2,0.2,0.0
002577,1.2,0.2,0.0
002581,0.6,0.15,0.0
002584,0.6,0.1,0.0
002585,0.8,0.2,0.0
002598,1.2,0.2,0.0
002601,1.2,0.2,
002602,0.8,0.2,
002604,0.8,0.2,0.0
002605,1.2,0.2,
002612,0.6,0.1,0.0
002614,0.6,0.1,0.0
002616,0.6,0.15,0.0
002618,0.6,0.15,0.0
002639,0.6,0.15,0.0
002640,0.3,0.05,0.0
002643,0.7,0.1,
002649,0.6,0.15,
002653,1.2,0.2,
002654,1.5,0.25,
002657,0.6,0.15,0.0
002660,0.6,0.1,0.0
002662,1.2,0.2,0.0
002664,0.6,0.12,0.0
002666,1.2,0.2,0.0
002668,0.6,0.1,0.0
002669,1.2,0.2,0.0
002681,1.2,0.2,0.0
002683,1.2,0.2,
002684,0.3,0.1,0.0
002685,1.2,0.2,0.0
002690,0.6,0.2,0.0
002692,1.2,0.2,0.0
002703,1.2,0.2,0.0
002728,0.6,0.15,0.0
002730,0.6,0.15,0.0
002732,1.5,0.25,
002740,0.5,0.12,0.0
002745,0.6,0.1,
002755,0.3,0.1,0.0
002767,1.2,0.2,0.0
002770,0.8,0.1,0.0
002772,1.2,0.2,0.0
002776,0.6,0.1,0.0
002780,1.2,0.15,0.0
002782,0.5,0.1,
002783,0.4,0.1,0.0
002802,1.0,0.15,0.0
002803,1.2,0.2,
002808,1.2,0.2,
002810,1.2,0.2,0.0
002813,1.0,0.2,0.0
002819,0.6,0.15,0.0
002823,1.5,0.25,0.0
002830,0.3,0.1,
002833,0.6,0.1,0.0
002837,1.2,0.2,0.0
002838,0.6,0.1,0.0
002844,1.2,0.2,0.0
002846,0.8,0.15,
002849,1.2,0.2,0.0
002851,1.2,0.2,0.0
002858,0.3,0.1,0.0
002870,0.3,0.05,
002871,1.0,0.2,0.0
002885,1.2,0.2,0.0
002904,0.3,0.1,0.0
002909,0.3,0.1,
002910,1.2,0.2,
002943,1.2,0.2,
002945,1.2,0.2,0.0
002952,1.2,0.2,
002955,1.2,0.2,
002989,1.2,0.2,0.0
003004,1.5,0.2,
003023,0.3,0.1,0.0
003025,1.2,0.2,
003026,0.8,0.1,0.0
003028,0.6,0.1,0.0
003030,0.6,0.1,0.0
003032,1.2,0.2,0.0
003044,0.7,0.2,0.0
003051,0.4,0.1,
003065,0.3,0.1,0.0
003069,1.2,0.2,0.0
003083,0.3,0.1,0.3
003095,1.2,0.2,0.0
003115,0.6,0.15,0.0
003117,0.6,0.1,0.0
003119,0.6,0.15,0.0
003125,1.2,0.2,0.0
003126,0.6,0.1,0.0
003131,1.2,0.2,
003132,0.8,0.2,0.01
003142,0.6,0.1,0.0
003145,1.2,0.2,
003146,0.3,0.1,
003147,0.6,0.15,0.0
003152,1.2,0.15,0.0
003154,0.6,0.15,0.25
003161,1.0,0.2,0.0
003165,0.6,0.2,0.0
003169,0.6,0.2,0.0
003189,0.6,0.15,0.0
003190,1.2,0.2,0.0
003230,1.2,0.2,0.0
003232,1.5,0.2,0.0
003234,0.6,0.1,0.0
003238,1.2,0.2,
003284,1.2,0.2,0.0
003291,1.2,0.2,0.0
003292,1.2,0.2,0.0
003293,1.2,0.2,
003295,0.6,0.15,0.0
003298,1.2,0.2,0.0
003300,0.6,0.15,0.0
003304,0.6,0.1,0.0
003308,1.2,0.2,
003343,0.6,0.1,0.0
003345,0.6,0.2,0.0
003366,1.2,0.15,
003373,0.6,0.15,0.0
003378,1.2,0.2,
003379,0.6,0.1,0.0
003394,0.3,0.1,
003396,1.2,0.2,0.0
003397,1.2,0.2,0.0
003424,0.3,0.1,
003427,0.3,0.1,
003430,0.3,0.05,0.4
003432,0.6,0.1,0.0
003434,0.8,0.2,0.0
003446,0.6,0.1,0.0
003456,0.7,0.15,0.0
003475,0.65,0.15,0.0
003476,0.6,0.1,
003484,0.7,0.1,0.0
003493,0.6,0.2,0.0
003514,0.3,0.1,
003516,1.2,0.15,0.0
003561,1.2,0.2,0.0
003567,1.2,0.2,0.0
003575,0.3,0.1,
003580,1.2,0.2,
003581,1.2,0.2,0.0
003582,1.5,0.25,
003586,1.2,0.15,0.0
003591,0.6,0.15,0.0
003593,1.2,0.2,
003594,0.6,0.1,0.0
003626,0.6,0.1,0.0
003634,1.2,0.2,0.0
003641,0.6,0.1,0.0
003651,0.3,0.1,
003655,0.7,0.1,0.2
003658,1.5,0.25,
003659,1.2,0.2,0.0
003660,0.4,0.1,0.0
003704,0.6,0.25,
003713,0.6,0.15,0.0
003715,1.2,0.2,
003745,1.2,0.2,
003749,0.6,0.2,0.0
003751,1.2,0.2,0.0
003754,0.6,0.1,0.0
003769,1.5,0.25,
003780,0.7,0.1,
003799,0.6,0.1,0.0
003805,0.4,0.1,0.0
003813,0.8,0.15,0.0
003822,1.2,0.2,0.0
003839,0.6,0.1,0.0
003842,0.7,0.2,0.0
003845,0.6,0.1,0.0
003848,0.6,0.1,0.0
003850,0.6,0.1,0.0
003853,1.2,0.2,0.0
003854,0.6,0.1,0.0
003889,0.6,0.1,0.0
003900,0.6,0.1,0.0
003938,0.6,0.15,0.0
003940,1.2,0.2,0.0
003950,0.5,0.1,0.0
003955,0.7,0.2,
003956,1.2,0.2,0.0
003961,0.6,0.1,0.0
003966,0.6,0.1,0.0
003980,0.6,0.1,0.0
003984,1.2,0.2,0.0
003993,1.2,0.2,
004040,1.2,0.2,0.0
004044,1.2,0.2,
004046,0.6,0.1,0.0
004048,0.6,0.1,0.0
004083,0.6,0.1,0.0
004091,1.2,0.2,0.0
004098,1.2,0.2,
004099,1.2,0.2,
004100,1.2,0.2,0.0
004112,1.5,0.25,
004119,1.2,0.2,
004128,0.7,0.1,0.0
004129,0.6,0.15,0.0
004131,0.6,0.15,0.0
004134,0.7,0.1,
004135,1.5,0.25,0.0
004138,1.2,0.2,0.0
004139,1.2,0.2,0.0
004142,0.6,0.1,0.0
004144,0.7,0.1,0.0
004148,1.2,0.2,
004149,0.5,0.1,0.0
004153,0.6,0.1,0.0
004154,0.6,0.1,0.1
004157,0.6,0.2,0.0
004166,0.7,0.1,0.0
004175,0.6,0.1,0.0
004183,1.2,0.2,0.0
004211,1.2,0.2,0.0
004212,1.5,0.25,0.0
004218,0.6,0.2,0.0
004223,1.2,0.15,0.0
004224,1.2,0.2,0.0
004225,0.6,0.15,0.0
004227,0.3,0.1,0.0
004244,1.2,0.2,0.0
004249,1.2,0.2,0.0
004250,1.2,0.2,0.0
004254,0.5,0.1,0.0
004258,0.4,0.07,0.0
004260,0.7,0.15,0.0
004263,1.2,0.2,
004266,0.6,0.1,0.0
004270,1.0,0.2,0.0
004276,1.0,0.2,0.0
004307,0.3,0.1,
004314,1.2,0.2,0.0
004316,1.2,0.2,0.0
004320,1.2,0.2,
004321,0.6,0.1,
004332,1.2,0.2,
004334,0.3,0.1,
004335,0.6,0.15,0.25
004340,1.2,0.2,0.0
004341,1.2,0.2,
004350,1.2,0.2,0.0
004351,1.2,0.2,
004352,1.2,0.2,
004353,0.6,0.15,0.6
004355,1.2,0.2,0.0
004357,1.2,0.2,
004359,1.2,0.2,0.0
004361,0.8,0.2,0.0
004397,0.8,0.25,
004403,1.2,0.2,0.0
004405,0.6,0.1,0.0
004423,1.2,0.2,0.0
004424,1.2,0.2,0.0
004434,1.2,0.2,0.0
004436,0.3,0.05,0.0
004442,0.6,0.1,0.0
004466,0.6,0.15,0.2
004475,1.2,0.2,0.0
004476,1.2,0.2,0.0
004477,1.2,0.2,
004480,0.6,0.15,
004481,1.2,0.2,0.0
004484,1.2,0.25,0.0
004495,1.2,0.2,0.0
004496,0.7,0.1,0.0
004505,1.2,0.2,0.0
004517,0.6,0.2,0.0
004557,1.5,0.25,
004558,0.8,0.1,0.0
004560,0.8,0.1,0.0
004573,1.2,0.2,
004576,1.5,0.25,
004604,0.6,0.1,0.0
004606,1.5,0.25,
004607,0.7,0.2,0.7
004608,0.6,0.11,0.0
004612,0.6,0.1,0.0
004616,1.2,0.2,0.0
004617,0.6,0.1,0.0
004634,0.6,0.1,0.0
004640,1.2,0.2,0.0
004641,1.2,0.2,0.0
004648,0.6,0.15,0.0
004652,0.6,0.1,0.0
004657,0.8,0.15,0.0
004666,1.2,0.2,0.0
004668,0.6,0.1,0.0
004671,1.2,0.2,
004674,0.6,0.1,0.0
004677,1.2,0.2,
004694,0.6,0.1,0.0
004695,1.0,0.1,0.0
004698,1.2,0.2,0.0
004702,1.0,0.1,0.0
004707,0.6,0.1,0.0
004726,0.8,0.1,0.0
004730,1.2,0.2,
004731,0.7,0.1,0.0
004734,0.6,0.1,0.0
004737,1.0,0.2,0.0
004763,0.8,0.15,0.0
004769,1.2,0.1,
004772,0.6,0.15,0.0
004774,1.0,0.2,0.0
004775,0.6,0.15,0.6
004781,0.7,0.2,0.0
004784,1.2,0.2,0.0
004790,0.6,0.1,0.0
004794,0.6,0.1,0.0
004801,1.0,0.2,0.0
004805,1.2,0.2,0.0
004806,1.5,0.2,1.0
004809,1.2,0.15,0.0
004812,1.2,0.2,0.0
004814,1.2,0.2,0.0
004818,0.6,0.1,0.0
004823,0.7,0.15,0.0
004829,0.6,0.1,
004833,1.2,0.1,0.0
004836,0.6,0.1,0.0
004844,0.3,0.1,
004845,1.0,0.2,0.0
004850,0.6,0.1,0.0
004851,1.2,0.2,0.0
004852,0.8,0.1,0.0
004868,1.2,0.2,
004871,1.2,0.2,0.0
004888,0.65,0.15,0.0
004890,1.2,0.2,0.0
004891,1.0,0.2,0.0
004926,1.0,0.1,0.0
004928,0.6,0.1,0.0
004930,1.5,0.25,0.0
004932,0.6,0.15,0.0
004934,1.2,0.2,
004936,0.8,0.1,0.0
004942,0.6,0.1,0.0
004944,0.8,0.15,0.0
004946,1.0,0.2,0.0
004951,1.2,0.1,0.0
004958,1.2,0.2,
004959,1.2,0.2,
004965,1.2,0.15,0.0
004975,0.6,0.2,0.0
004976,0.6,0.1,0.0
004986,1.2,0.2,
004987,0.6,0.1,
004988,0.6,0.2,0.0
004995,1.2,0.2,0.0
004997,1.2,0.2,0.0
005000,1.2,0.2,0.0
005004,1.2,0.2,0.0
005027,1.5,0.25,
005028,1.2,0.2,
005029,1.2,0.2,0.0
005035,1.0,0.1,0.0
005037,1.0,0.1,0.0
005039,0.7,0.1,0.0
005041,1.2,0.2,0.0
005043,1.2,0.2,0.0
005049,1.0,0.1,0.0
005055,1.2,0.2,0.0
005059,0.6,0.1,0.0
005067,1.2,0.2,0.0
005075,1.2,0.2,0.0
005076,1.2,0.2,
005080,1.2,0.2,0.8
005082,0.6,0.1,0.0
005090,1.2,0.1,0.0
005094,1.2,0.2,0.0
005095,1.0,0.2,0.0
005104,1.2,0.15,0.0
005106,1.2,0.2,0.0
005108,1.2,0.2,1.0
005109,1.2,0.2,0.0
005117,1.0,0.15,0.0
005119,1.2,0.2,0.0
005120,1.2,0.2,
005123,1.2,0.2,0.0
005142,1.2,0.2,0.0
005146,1.5,0.2,
005161,1.2,0.2,0.0
005164,0.6,0.15,0.0
005166,1.2,0.2,
005168,0.6,0.1,0.0
005169,1.2,0.2,0.0
005173,0.6,0.1,0.0
005175,1.2,0.2,
005176,1.2,0.2,0.0
005177,0.6,0.1,0.0
005179,0.6,0.1,0.0
005185,0.7,0.2,
005186,1.0,0.1,0.0
005189,1.2,0.2,0.0
005197,1.2,0.2,0.0
005209,1.2,0.2,0.0
005211,1.2,0.2,0.0
005225,1.0,0.2,0.0
005226,1.2,0.2,0.0
005228,1.2,0.2,
005231,0.8,0.2,0.0
005233,1.2,0.2,0.0
005235,1.0,0.1,0.0
005237,1.0,0.1,0.0
005241,1.2,0.2,0.0
005244,1.2,0.2,0.0
005247,1.5,0.15,
005250,1.2,0.2,
005251,1.2,0.2,0.0
005252,0.8,0.2,0.1
005255,1.2,0.2,0.0
005258,1.2,0.2,0.0
005259,1.2,0.2,
005260,0.6,0.1,0.0
005262,0.8,0.15,0.0
005274,0.8,0.2,0.0
005275,1.2,0.2,0.0
005280,1.0,,
005281,1.2,0.2,0.0
005290,0.6,0.1,0.0
005291,0.6,0.2,0.0
005293,0.6,0.1,
005294,0.6,0.1,
005295,0.6,0.1,
005296,1.0,0.2,0.0
005299,1.2,0.2,0.0
005303,1.2,0.2,0.0
005305,1.0,0.2,0.0
005310,1.2,0.2,0.0
005311,1.2,0.2,0.0
005317,0.7,0.1,0.0
005323,0.6,0.1,0.0
005325,0.8,0.1,0.0
005328,1.2,0.2,
005331,1.2,0.2,0.0
005335,1.2,0.2,0.0
005354,0.6,0.1,0.0
005357,1.2,0.2,
005358,1.2,0.2,0.0
005360,1.2,0.2,0.0
005362,0.3,0.1,0.0
005368,1.2,0.2,0.0
005371,0.4,0.1,0.0
005373,0.6,0.1,0.0
005376,0.6,0.1,
005381,1.2,0.2,0.0
005386,0.6,0.1,0.0
005392,1.5,0.2,0.0
005395,1.2,0.2,
005396,0.6,0.15,
005397,1.0,0.2,
005399,1.0,0.15,0.0
005400,1.2,0.2,0.0
005402,1.2,0.2,0.0
005405,1.0,0.25,0.0
005409,1.2,0.2,0.0
005412,1.0,0.1,0.0
005416,1.0,0.2,0.0
005418,1.5,0.25,
005421,1.2,0.2,
005423,0.7,0.2,0.0
005429,1.2,0.2,0.0
005433,1.2,0.2,0.0
005434,1.2,0.2,0.0
005437,1.2,0.2,0.0
005440,1.6,0.35,0.0
005443,1.2,0.2,0.0
005444,1.2,0.2,
005445,1.2,0.2,0.0
005449,1.2,0.2,
005450,1.2,0.2,
005453,1.2,0.2,0.0
005457,1.2,0.2,0.0
005459,0.6,0.1,0.0
005462,0.3,0.1,
005472,1.2,0.2,0.0
005474,1.2,0.2,0.0
005477,1.2,0.2,0.0
005479,0.7,0.1,
005481,1.2,0.2,0.0
005482,1.2,0.2,0.0
005486,0.6,0.15,0.0
005489,0.8,0.15,0.0
005502,1.2,0.25,0.0
005504,1.2,0.2,0.0
005505,1.2,0.2,0.0
005517,0.8,0.2,0.0
005519,1.2,0.2,0.0
005520,1.2,0.2,0.0
005521,1.2,0.2,0.0
005523,1.0,0.2,0.0
005537,0.7,0.1,0.0
005541,0.6,0.1,0.0
005543,1.2,0.2,0.0
005544,1.2,0.2,0.0
005545,1.2,0.2,0.0
005550,1.2,0.2,0.0
005552,0.6,0.1,0.0
005569,1.2,0.2,0.0
005571,1.2,0.2,0.0
005576,1.2,0.2,0.0
005583,1.2,0.2,0.0
005598,1.2,0.2,0.0
005599,1.2,0.2,0.0
005609,1.2,0.2,0.0
005612,1.2,0.2,
005616,1.2,0.2,0.0
005618,1.2,0.2,0.0
005620,1.2,0.2,0.0
005628,1.2,0.2,0.0
005630,1.2,0.2,0.0
005642,1.2,0.2,0.0
005644,1.2,0.2,
005646,0.7,0.15,0.3
005650,1.2,0.2,0.0
005652,1.0,0.2,0.0
005660,1.2,0.2,0.0
005662,1.2,0.2,0.0
005664,0.8,0.2,0.0
005668,1.2,0.2,0.0
005669,1.2,0.2,
005671,1.2,0.2,0.0
005674,1.2,0.2,
005680,1.2,0.2,0.0
005708,1.2,0.2,
005711,1.2,0.2,
005726,1.2,0.2,0.0
005728,1.2,0.2,0.0
005729,1.2,0.2,
005730,1.2,0.2,0.0
005732,1.2,0.2,0.0
005738,1.2,0.2,0.0
005739,1.2,0.2,
005741,1.2,0.2,0.0
005742,1.2,0.2,
005743,1.2,0.2,0.0
005760,1.2,0.2,0.0
005802,1.2,0.2,0.0
005805,1.2,0.2,0.0
005826,1.2,0.2,
005827,1.2,0.2,
005832,0.5,0.1,
005833,0.6,0.2,0.0
005840,1.2,0.2,0.0
005844,1.2,0.2,0.0
005847,1.2,0.2,0.0
005848,1.2,0.2,0.0
005851,1.2,0.2,0.0
005855,1.2,0.2,0.0
005865,0.6,0.15,0.0
005876,1.0,0.2,0.0
005903,1.2,0.2,0.0
005904,1.2,0.2,0.0
005906,0.8,0.2,0.0
005910,1.2,0.2,0.0
005911,1.2,0.2,0.0
005914,1.2,0.2,0.0
005927,1.2,0.2,0.0
005933,1.2,0.2,0.0
005955,1.0,0.2,0.0
005960,0.9,0.2,0.0
005962,1.2,0.2,0.0
005967,1.2,0.2,0.0
005968,1.2,0.2,0.0
005970,1.2,0.2,
005974,0.6,0.15,0.0
005977,1.2,0.2,0.0
005983,1.2,0.2,0.0
005984,1.0,0.2,0.0
006002,1.2,0.2,0.0
006005,1.0,0.2,0.0
006007,1.2,0.2,0.0
006009,1.2,0.2,0.0
006013,0.9,0.2,0.0
006051,1.2,0.2,0.0
006058,1.2,0.2,
006063,1.2,0.2,0.0
006072,1.2,0.2,0.0
006081,1.2,0.2,0.0
006084,1.5,0.25,
006090,0.3,0.08,0.0
006100,1.2,0.2,0.0
006128,1.2,0.2,0.0
006132,1.2,0.2,0.0
006136,1.2,0.2,0.0
006138,1.2,0.2,
006143,0.6,0.15,0.0
006154,1.2,0.2,0.0
006157,1.2,0.2,
006160,1.2,0.2,0.0
006198,1.5,0.25,
006199,1.5,0.25,
006201,1.2,0.2,0.0
006202,1.2,0.2,0.0
006203,0.3,0.1,0.0
006205,1.2,0.2,
006209,1.2,0.2,
006216,1.2,0.2,0.0
006218,1.2,0.2,0.0
006223,1.2,0.2,
006225,1.2,0.2,0.0
006227,1.2,0.2,0.0
006228,1.2,0.2,0.0
006230,1.2,0.2,
006231,0.4,0.1,0.0
006250,1.2,0.2,0.0
006251,1.2,0.2,0.0
006252,1.2,0.2,0.0
006255,0.5,0.1,0.0
006257,1.2,0.2,0.0
006259,1.2,0.2,0.0
006265,1.2,0.2,0.0
006266,1.2,0.2,0.0
006267,1.2,0.2,0.0
006270,1.2,0.2,0.0
006274,1.2,0.2,0.0
006277,0.5,0.15,0.0
006279,0.5,0.1,0.0
006281,1.2,0.2,0.0
006299,1.2,0.1,0.0
006343,0.7,0.1,0.0
006346,1.2,0.2,0.0
006348,1.2,0.2,0.0
006349,0.7,0.15,0.0
006351,0.7,0.15,0.0
006354,1.2,0.2,
006358,0.3,0.1,0.0
006364,1.2,0.2,0.0
006366,1.2,0.2,0.0
006369,1.2,0.1,0.0
006371,1.2,0.2,0.0
006377,1.2,0.2,0.0
006385,1.2,0.2,0.0
006424,1.2,0.2,0.0
006429,1.2,0.2,0.0
006430,1.2,0.1,
006435,1.2,0.2,
006449,1.2,0.2,0.0
006502,1.2,0.2,0.0
006511,1.2,0.1,0.0
006522,1.2,0.2,0.0
006526,1.2,0.2,0.0
006527,1.2,0.2,0.0
006529,1.2,0.2,0.0
006533,1.2,0.2,
006534,1.2,0.25,
006535,0.4,0.05,0.0
006537,1.2,0.2,
006563,0.3,0.1,0.0
006564,1.2,0.2,
006567,1.2,0.1,0.0
006568,1.2,0.2,
006573,1.2,0.2,0.0
006578,0.5,0.1,0.0
006583,0.6,0.2,0.0
006595,1.2,0.2,0.0
006601,0.5,0.1,0.0
006603,1.2,0.2,0.0
006644,1.2,0.2,0.0
006648,1.2,0.2,0.0
006652,1.2,0.2,0.0
006658,1.0,0.15,0.0
006692,1.2,0.2,0.0
006696,1.2,0.2,
006698,0.8,0.15,0.0
006700,1.0,0.2,0.0
006718,1.2,0.2,0.0
006720,1.2,0.2,0.0
006727,0.15,0.05,0.0
006736,1.2,0.2,
006737,0.3,0.1,
006751,1.2,0.2,0.0
006778,0.5,0.1,0.0
006780,1.2,0.2,0.0
006781,1.2,0.2,
006783,0.8,0.15,0.0
006785,0.8,0.15,0.0
006788,0.3,0.1,
006796,1.2,0.2,0.0
006801,1.2,0.2,0.0
006803,1.2,0.2,
006813,1.2,0.2,
006816,0.5,0.1,0.0
006818,1.5,0.25,0.0
006822,0.6,0.1,0.0
006857,1.2,0.2,0.0
006887,1.2,0.2,0.0
006890,1.2,0.2,0.0
006904,1.2,0.2,0.0
006911,1.5,0.2,0.0
006918,0.6,0.15,
006942,1.5,0.25,0.0
006945,0.6,0.1,0.0
006946,0.3,0.1,
006952,1.0,0.2,
006967,1.2,0.2,0.0
006969,1.2,0.2,0.0
006973,0.6,0.2,0.0
006976,1.2,0.2,0.0
006981,1.2,0.2,0.0
006992,1.2,0.1,
007012,1.2,0.2,0.0
007016,1.2,0.2,
007047,1.2,0.2,0.0
007056,1.2,0.2,
007102,0.5,0.1,0.0
007109,1.2,0.2,0.0
007110,1.2,0.2,0.0
007113,1.2,0.2,0.0
007126,1.2,0.2,0.0
007130,1.2,0.2,
007132,1.2,0.2,0.0
007133,1.2,0.2,0.0
007163,1.2,0.2,0.0
007177,1.2,0.2,0.0
007182,1.2,0.2,0.0
007192,1.2,0.1,0.2
007202,1.2,0.2,0.0
007203,1.2,0.2,0.0
007243,1.2,0.2,0.0
007251,1.0,0.2,0.0
007254,1.0,0.1,0.0
007257,1.5,0.25,0.0
007261,1.2,0.2,0.0
007264,0.6,0.2,0.0
007266,0.8,0.15,0.0
007273,0.6,0.15,
007274,0.8,0.15,
007277,1.2,0.2,
007281,1.5,0.15,
007287,1.2,0.2,0.0
007291,1.2,0.2,
007303,1.2,0.2,0.0
007305,1.2,0.2,0.0
007308,1.2,0.2,
007340,1.2,0.2,0.0
007343,1.2,0.2,
007345,1.2,0.2,
007346,1.2,0.2,0.0
007381,1.2,0.2,0.0
007385,0.4,0.05,
007387,0.6,0.1,0.3
007388,1.2,0.2,0.0
007393,1.2,0.2,0.0
007403,0.3,0.1,
007406,0.3,0.1,
007412,1.2,0.2,0.0
007415,0.6,0.15,0.0
007423,0.6,0.1,0.0
007437,0.3,0.1,0.0
007439,1.2,0.2,0.0
007481,1.2,0.2,0.0
007484,1.2,0.2,0.0
007490,1.2,0.2,0.0
007493,1.2,0.2,0.0
007497,1.2,0.2,
007518,1.2,0.2,0.0
007523,1.2,0.2,0.0
007527,1.2,0.2,0.0
007533,1.2,0.2,0.0
007541,0.5,0.1,
007548,1.2,0.2,
007549,1.2,0.2,0.0
007590,1.2,0.2,0.0
007622,0.6,0.15,0.0
007624,0.6,0.16,0.0
007628,0.8,0.22,0.0
007639,1.2,0.2,
007641,0.3,0.1,0.0
007674,1.2,0.2,0.0
007678,1.5,0.25,0.0
007683,0.6,0.2,0.0
007685,1.2,0.2,0.0
007688,0.9,0.15,0.0
007689,1.2,0.2,0.0
007697,0.65,0.2,0.0
007713,1.2,0.2,0.0
007718,1.2,0.2,0.0
007725,1.2,0.2,0.0
007731,1.2,0.2,0.0
007733,1.2,0.2,0.0
007750,1.2,0.2,0.0
007781,0.4,0.1,0.0
007782,0.5,0.1,0.0
007802,1.2,0.2,0.0
007808,1.2,0.2,
007811,1.2,0.2,0.0
007813,0.5,0.15,0.0
007821,0.3,0.1,0.0
007825,1.2,0.2,0.0
007831,1.2,0.2,0.0
007835,1.2,0.2,
007875,1.2,0.2,0.0
007880,1.2,0.2,0.0
007893,1.2,0.2,0.0
007895,1.2,0.2,
007903,1.2,0.2,0.0
007923,0.8,0.1,0.0
007929,0.7,0.2,
007933,0.6,0.15,0.0
007959,0.8,0.1,0.0
007965,1.2,0.2,0.0
007968,1.2,0.2,0.0
007985,0.3,0.1,0.0
007996,0.3,0.1,0.0
008009,1.2,0.2,0.0
008025,1.0,0.2,0.0
008033,0.6,0.2,0.0
008063,1.2,0.2,0.0
008065,1.2,0.2,0.0
008075,1.2,0.2,0.0
008077,0.6,0.15,0.0
008107,1.2,0.2,
008110,0.8,0.2,0.0
008112,0.5,0.05,0.0
008116,1.2,0.2,0.0
008118,0.6,0.1,
008119,0.6,0.1,0.0
008120,1.2,0.2,0.0
008128,1.2,0.2,0.0
008131,1.2,0.2,
008132,1.2,0.2,
008133,1.2,0.2,
008134,1.2,0.2,0.0
008135,1.2,0.2,
008138,1.2,0.2,0.0
008150,1.2,0.2,
008156,0.15,0.05,0.0
008166,1.2,0.2,0.0
008174,1.2,0.2,0.0
008177,1.2,0.2,
008178,1.2,0.2,0.0
008180,1.2,0.2,0.0
008185,1.2,0.2,0.0
008186,1.2,0.2,0.0
008188,1.2,0.2,
008199,0.3,0.1,0.0
008202,0.4,0.08,0.0
008208,1.2,0.15,
008209,0.6,0.1,0.0
008227,1.2,0.2,0.0
008230,1.5,0.1,
008234,1.2,0.2,0.0
008236,0.2,0.1,0.0
008244,1.2,0.15,0.0
008245,1.2,0.2,0.0
008249,0.45,0.1,0.0
008251,1.2,0.2,0.0
008260,1.2,0.2,0.0
008261,1.2,0.2,0.0
008269,1.2,0.2,0.0
008283,1.2,0.2,0.0
008286,1.2,0.2,
008290,1.2,0.2,
008293,1.2,0.2,
008294,1.2,0.2,0.0
008297,1.2,0.2,
008300,1.2,0.2,0.0
008303,1.2,0.2,0.0
008306,0.6,0.1,0.0
008308,1.2,0.2,
008311,1.2,0.2,0.0
008313,1.2,0.2,0.0
008314,1.2,0.2,0.0
008350,0.15,0.05,0.0
008353,1.2,0.2,0.0
008356,0.6,0.1,
008357,0.8,0.15,0.0
008359,1.2,0.2,0.0
008360,0.3,0.1,
008364,0.15,0.05,0.0
008370,0.8,0.2,
008371,0.8,0.2,
008372,0.8,0.2,
008373,0.8,0.2,0.0
008375,0.8,0.2,0.0
008381,1.2,0.2,0.0
008382,1.2,0.2,0.0
008384,0.6,0.1,0.0
008386,0.3,0.1,
008402,0.6,0.05,0.0
008404,1.0,0.2,0.0
008407,1.0,0.15,0.0
008412,1.2,0.2,0.0
008435,0.3,0.05,0.0
008437,0.6,0.1,0.0
008441,0.6,0.1,0.0
008443,0.6,0.15,0.0
008445,1.2,0.2,
008479,0.6,0.1,
008480,1.2,0.2,0.0
008488,1.2,0.2,
008491,1.2,0.2,0.0
008499,0.6,0.1,0.0
008507,1.2,0.2,
008513,1.0,0.2,0.0
008515,1.2,0.2,0.0
008518,1.5,0.2,0.0
008522,0.3,0.05,
008526,1.2,0.2,0.0
008528,1.2,0.2,0.0
008531,1.2,0.15,0.0
008537,1.2,0.2,0.0
008563,0.6,0.1,0.0
008573,0.3,0.1,
008576,1.2,0.2,0.0
008580,0.3,0.1,0.0
008622,0.2,0.1,0.0
008629,1.0,0.2,0.0
008633,1.2,0.2,0.0
008635,1.2,0.2,0.0
008638,1.2,0.2,0.0
008640,1.2,0.2,0.0
008655,1.2,0.2,0.0
008657,1.2,0.2,0.0
008658,0.15,0.05,
008664,0.6,0.2,0.0
008666,1.0,0.2,0.0
008671,1.2,0.2,0.0
008672,0.6,0.2,0.0
008679,0.15,0.05,0.0
008681,1.2,0.2,
008698,0.3,0.1,0.0
008704,1.2,0.2,0.0
008709,1.5,0.25,0.0
008740,0.5,0.1,0.0
008743,0.65,0.15,0.0
008753,0.9,0.15,
008757,0.3,0.1,0.0
008768,1.5,0.2,0.0
008770,0.7,0.2,
008773,0.8,0.2,
008786,1.2,0.2,0.0
008787,0.15,0.05,0.0
008789,0.15,0.05,0.1
008793,1.2,0.2,0.0
008809,0.8,0.15,0.0
008811,1.2,0.2,
008813,0.15,0.05,0.0
008815,0.3,0.1,0.0
008819,1.2,0.2,
008822,0.15,0.05,0.0
008824,0.3,0.1,
008831,1.2,0.2,0.0
008832,0.15,0.05,
008833,0.8,0.15,0.0
008835,0.8,0.2,0.0
008837,0.6,0.1,
008838,1.0,0.2,0.0
008854,1.2,0.2,0.0
008859,0.3,0.05,
008860,1.2,0.2,0.0
008861,1.2,0.2,0.0
008866,1.2,0.2,0.0
008869,1.0,0.2,0.0
008871,1.2,0.2,0.0
008878,1.0,0.1,
008879,0.15,0.05,
008884,1.5,0.2,0.0
008890,0.5,0.2,
008891,1.2,0.2,0.0
008893,0.4,0.1,0.0
008895,1.0,0.2,0.0
008901,1.2,0.2,0.0
008931,0.9,0.15,
008934,1.2,0.2,0.0
008939,0.3,0.1,0.0
008941,0.5,0.1,0.0
008949,1.2,0.2,0.0
008952,0.5,0.1,0.0
008954,1.2,0.2,0.0
008955,1.2,0.2,
008958,1.2,0.2,
008961,1.2,0.2,
008988,1.2,0.2,0.0
008990,0.7,0.2,
008991,0.6,0.1,0.0
008995,0.3,0.1,0.0
008997,1.2,0.2,0.0
009005,0.8,0.1,0.0
009007,1.2,0.2,
009008,1.2,0.2,0.0
009010,1.2,0.2,
009011,1.2,0.2,
009014,1.2,0.2,
009015,0.8,0.2,0.0
009017,1.2,0.2,0.0
009023,1.2,0.2,0.0
009026,1.2,0.2,0.0
009039,1.5,0.15,0.0
009043,1.2,0.1,
009044,0.3,0.1,
009048,1.0,0.15,
009049,1.2,0.2,0.0
009054,1.0,0.2,0.0
009055,1.2,0.2,0.0
009057,1.2,0.2,0.0
009062,1.2,0.2,0.0
009064,0.8,0.15,0.0
009069,1.2,0.2,0.0
009071,0.7,0.15,0.0
009073,0.6,0.1,0.0
009076,1.2,0.2,
009077,0.6,0.1,0.0
009079,0.3,0.1,0.0
009084,0.3,0.1,
009085,0.8,0.2,
009086,0.8,0.2,
009092,1.2,0.2,0.0
009096,0.6,0.2,0.0
009098,0.8,0.2,
009102,1.2,0.2,0.0
009106,1.2,0.15,0.0
009111,0.7,0.15,0.0
009113,1.0,0.2,
009114,1.2,0.2,0.0
009119,1.2,0.2,0.0
009121,0.7,0.2,0.0
009122,0.3,0.1,0.0
009124,0.6,0.1,0.0
009126,1.2,0.2,0.0
009128,1.2,0.15,0.0
009130,0.8,0.2,0.0
009133,0.5,0.15,0.0
009135,0.7,0.2,0.0
009137,0.8,0.2,
009138,1.2,0.2,0.0
009140,1.5,0.25,0.0
009141,1.2,0.2,0.0
009161,0.6,0.2,
009162,1.2,0.2,0.0
009169,1.2,0.2,0.0
009175,0.15,0.05,0.0
009181,1.2,0.15,0.0
009185,1.2,0.25,
009186,0.4,0.05,0.0
009188,1.2,0.2,
009189,1.2,0.2,0.0
009190,1.2,0.2,
009191,0.3,0.05,0.0
009194,1.0,0.1,0.0
009199,1.2,0.2,
009200,0.8,0.1,
009205,0.6,0.15,0.0
009209,0.6,0.2,
009210,1.2,0.2,0.0
009215,0.6,0.1,0.0
009217,1.2,0.2,0.0
009223,1.2,0.2,0.0
009230,0.6,0.1,0.0
009232,0.4,0.1,0.0
009234,1.2,0.2,0.0
009240,1.2,0.2,
009242,1.2,0.1,0.0
009244,0.8,0.15,0.0
009246,1.2,0.2,0.0
009249,0.6,0.18,0.0
009260,0.9,0.15,0.0
009262,0.15,0.05,
009263,1.2,0.2,0.0
009280,0.15,0.05,0.0
009282,0.3,0.1,0.0
009296,0.7,0.2,0.0
009312,1.2,0.2,0.0
009317,1.2,0.1,0.0
009318,1.2,0.2,0.0
009320,0.15,0.05,0.0
009323,0.3,0.1,
009327,1.0,0.2,0.0
009330,1.2,0.2,0.0
009332,0.8,0.15,0.0
009334,1.2,0.2,0.0
009341,1.2,0.2,
009345,1.2,0.2,0.0
009347,1.2,0.2,0.0
009351,1.0,0.2,0.0
009353,1.2,0.1,0.0
009360,1.2,0.2,0.0
009362,1.2,0.2,0.0
009364,1.2,0.2,0.0
009366,1.2,0.2,0.0
009368,1.2,0.2,0.0
009374,0.15,0.05,0.0
009376,1.2,0.2,
009377,0.8,0.15,0.0
009379,1.2,0.2,0.0
009380,1.2,0.2,0.0
009381,1.2,0.2,0.0
009384,1.2,0.25,0.0
009387,0.6,0.2,0.0
009389,0.3,0.1,0.0
009391,1.2,0.2,0.0
009394,1.2,0.2,
009395,0.8,0.15,0.0
009398,1.2,0.2,0.0
009400,0.8,0.2,0.0
009402,1.2,0.2,0.0
009409,0.8,0.2,0.0
009414,1.2,0.2,0.0
009423,1.0,0.15,0.0
009426,0.8,0.2,0.0
009428,0.8,0.2,0.0
009432,1.2,0.2,0.0
009434,0.3,0.1,0.0
009436,0.8,0.2,
009442,0.9,0.15,
009445,0.15,0.05,0.0
009448,0.8,0.2,0.0
009454,0.8,0.25,0.0
009468,1.2,0.2,0.0
009470,0.8,0.15,0.0
009474,1.2,0.2,
009475,0.8,0.2,
009476,1.2,0.2,0.0
009479,0.45,0.09,0.0
009481,1.0,0.15,0.0
009486,0.6,0.15,0.0
009488,1.2,0.2,0.0
009491,1.2,0.2,0.0
009493,0.8,0.2,0.0
009499,0.7,0.2,0.0
009500,1.0,0.15,0.0
009502,1.2,0.2,0.0
009507,1.2,0.2,0.0
009511,1.2,0.2,0.0
009513,1.5,0.08,0.0
009515,0.7,0.2,0.0
009525,0.7,0.2,0.0
009527,1.2,0.1,
009528,0.15,0.05,
009536,0.6,0.1,0.0
009537,1.2,0.2,0.0
009539,1.2,0.2,0.0
009542,1.2,0.2,0.0
009545,0.5,0.05,0.0
009548,1.2,0.2,0.0
009550,1.2,0.2,0.0
009554,0.15,0.05,0.0
009556,1.2,0.2,
009557,1.2,0.2,0.0
009558,0.8,0.2,0.0
009561,0.3,0.1,
009564,1.2,0.2,0.0
009568,1.2,0.15,0.0
009570,1.2,0.2,0.0
009574,0.7,0.15,0.0
009576,1.2,0.2,
009591,1.2,0.2,0.0
009595,1.2,0.1,
009596,1.2,0.2,0.0
009601,1.2,0.2,0.0
009606,0.8,0.2,0.0
009611,0.75,0.1,0.0
009618,1.2,0.2,0.0
009619,1.2,0.2,0.0
009621,0.6,0.1,0.0
009623,1.2,0.2,0.0
009626,0.8,0.15,
009627,0.4,0.05,0.0
009630,1.2,0.2,0.0
009634,0.4,0.1,0.0
009636,1.2,0.2,0.0
009638,0.3,0.1,0.0
009640,1.2,0.2,0.0
009644,1.2,0.2,0.0
009646,1.2,0.2,0.0
009649,0.6,0.2,0.0
009651,1.2,0.2,0.0
009653,0.8,0.15,0.0
009658,1.2,0.2,0.0
009661,1.2,0.2,0.0
009663,1.2,0.2,0.0
009664,1.2,0.2,0.0
009667,0.6,0.1,0.0
009671,1.0,0.15,0.0
009675,0.4,0.16,0.0
009677,1.5,0.15,0.0
009683,1.2,0.2,0.0
009686,0.6,0.2,0.0
009689,0.6,0.1,0.0
009691,0.6,0.15,0.0
009693,1.2,0.2,
009700,0.8,0.2,0.0
009704,1.2,0.2,0.0
009707,1.2,0.2,0.0
009714,1.2,0.2,
009733,1.2,0.2,0.0
009736,1.0,0.2,0.0
009740,1.2,0.2,0.0
009745,0.15,0.05,0.0
009750,1.2,0.2,0.0
009753,0.5,0.15,0.0
009766,0.3,0.1,0.0
009768,0.8,0.1,0.0
009774,1.2,0.2,
009776,1.2,0.2,0.0
009778,1.2,0.2,0.0
009782,1.2,0.2,0.0
009787,0.6,0.1,
009788,0.15,0.05,
009789,1.2,0.2,0.0
009795,1.2,0.2,
009796,1.0,0.2,0.0
009800,1.2,0.2,0.0
009804,1.2,0.2,0.0
009805,1.2,0.2,0.0
009806,0.6,0.15,0.0
009808,1.2,0.2,
009810,0.6,0.15,0.0
009812,1.0,0.15,0.0
009817,0.4,0.15,0.0
009819,0.6,0.2,
009820,0.6,0.2,0.0
009822,0.6,0.15,0.0
009829,0.8,0.15,0.0
009840,1.2,0.1,0.0
009843,0.7,0.15,
009846,1.2,0.2,0.0
009847,1.2,0.2,0.0
009849,0.8,0.2,0.0
009852,1.2,0.2,0.0
009853,1.2,0.2,0.0
009855,1.2,0.2,0.0
009857,1.2,0.2,0.0
009859,1.2,0.2,0.0
009861,1.2,0.2,0.0
009863,1.2,0.2,0.0
009864,1.2,0.2,0.0
009869,1.2,0.2,0.0
009872,1.2,0.2,0.0
009874,1.2,0.1,0.0
009875,1.0,0.1,0.0
009877,1.2,0.2,0.0
009878,1.2,0.2,0.0
009880,1.2,0.2,
009882,1.2,0.2,0.0
009885,1.2,0.2,0.0
009887,1.2,0.2,0.0
009891,1.2,0.2,0.0
009892,1.2,0.2,0.0
009893,1.2,0.2,0.0
009896,1.2,0.2,0.0
009898,1.2,0.2,0.0
009899,1.2,0.2,0.0
009900,0.3,0.2,0.0
009904,1.0,0.2,0.0
009907,1.2,0.2,0.0
009909,1.2,0.2,0.0
009913,1.2,0.2,0.0
009914,1.2,0.2,0.0
009918,1.2,0.15,0.0
009925,0.6,0.15,0.0
009929,1.2,0.2,0.0
009931,1.2,0.2,0.0
009932,0.4,0.05,0.0
009937,1.0,0.2,0.0
009940,1.2,0.2,0.0
009950,1.2,0.2,
009967,1.2,0.2,
009968,1.2,0.2,0.0
009977,0.8,0.2,0.0
009983,1.2,0.2,0.0
009984,1.2,0.2,
009986,1.2,0.2,0.0
009988,1.2,0.2,0.0
009989,1.2,0.2,
009990,1.2,0.2,0.0
009992,1.2,0.2,0.0
009993,1.2,0.2,
009994,1.2,0.2,0.0
009998,1.2,0.2,
009999,1.2,0.2,
010001,1.5,0.25,0.0
010003,1.2,0.2,0.0
010006,0.6,0.1,0.0
010008,1.2,0.2,0.0
010013,1.2,0.2,0.0
010018,1.0,0.15,0.0
010020,1.2,0.2,
010027,1.2,0.2,
010029,0.45,0.1,0.0
010033,1.2,0.2,0.0
010036,0.6,0.15,0.0
010041,1.2,0.2,0.0
010043,0.6,0.2,0.0
010045,0.8,0.15,
010046,1.0,0.2,0.0
010049,1.2,0.2,0.0
010054,1.2,0.2,0.0
010056,0.6,0.16,0.0
010058,0.4,0.1,0.0
010059,0.9,0.05,
010060,0.6,0.1,0.0
010062,1.2,0.2,0.0
010064,1.2,0.2,0.0
010066,1.0,0.15,0.0
010072,0.8,0.1,0.0
010074,1.0,0.2,0.0
010076,1.2,0.2,0.0
010078,0.8,0.2,0.0
010080,0.9,0.05,
010081,1.0,0.2,0.0
010088,1.2,0.2,0.0
010090,1.2,0.2,0.0
010094,1.2,0.2,
010096,0.4,0.1,0.0
010104,1.2,0.2,0.0
010108,1.2,0.2,0.0
010109,1.2,0.2,0.0
010110,1.2,0.2,0.0
010124,1.2,0.2,0.0
010126,1.2,0.2,0.0
010128,1.2,0.2,0.0
010130,1.2,0.2,0.0
010132,1.2,0.2,0.0
010135,1.2,0.2,0.0
010137,1.2,0.2,0.0
010139,0.3,0.1,0.0
010141,1.2,0.2,0.0
010143,1.2,0.2,
010147,1.2,0.2,
010148,1.2,0.2,0.0
010151,1.2,0.1,0.0
010155,1.2,0.2,0.0
010161,1.2,0.2,0.0
010163,1.2,0.2,0.0
010166,1.2,0.2,
010170,0.6,0.2,0.0
010176,1.2,0.2,0.0
010178,1.2,0.2,0.0
010181,1.2,0.2,0.0
010186,1.2,0.2,0.0
010188,0.6,0.15,0.0
010190,0.9,0.05,
010194,0.8,0.1,0.0
010196,1.2,0.2,0.0
010198,1.2,0.2,0.0
010199,0.8,0.15,0.0
010204,1.2,0.2,
010211,0.6,0.1,0.0
010213,1.2,0.2,0.0
010215,0.8,0.1,0.0
010219,0.6,0.15,
010220,1.2,0.2,0.0
010222,1.0,0.15,
010225,0.8,0.2,
010230,0.6,0.15,0.0
010237,1.2,0.2,0.0
010239,0.6,0.1,0.0
010242,1.0,0.15,0.0
010254,0.3,0.1,0.0
010258,0.3,0.1,0.0
010264,1.2,0.2,0.0
010271,1.2,0.2,0.0
010273,1.2,0.2,0.0
010275,1.2,0.2,0.0
010282,1.2,0.2,0.0
010284,1.2,0.2,0.0
010286,1.2,0.2,0.0
010289,1.2,0.2,0.0
010293,1.2,0.2,
010296,1.2,0.2,0.0
010298,1.2,0.2,
010299,1.2,0.2,0.0
010301,1.2,0.2,0.0
010303,1.2,0.2,0.0
010305,1.2,0.2,0.0
010307,1.2,0.1,0.0
010313,1.2,0.2,0.0
010314,1.2,0.2,0.0
010322,1.2,0.2,
010326,1.2,0.2,0.0
010328,1.2,0.2,0.0
010330,1.2,0.2,0.0
010331,1.2,0.2,0.0
010333,1.2,0.2,0.0
010335,1.2,0.2,0.0
010336,1.2,0.2,0.0
010338,1.2,0.2,0.0
010340,1.2,0.2,
010341,1.2,0.2,0.0
010343,0.8,0.25,0.0
010345,1.2,0.2,0.0
010347,1.2,0.2,
010348,0.9,0.05,
010350,1.2,0.2,0.0
010357,1.2,0.2,0.0
010361,1.2,0.2,0.0
010363,1.2,0.2,
010367,0.6,0.2,0.0
010369,0.6,0.1,0.0
010371,1.2,0.2,0.0
010373,0.8,0.2,0.0
010375,1.2,0.2,0.0
010377,1.2,0.2,0.0
010379,1.2,0.2,0.0
010381,1.2,0.2,0.0
010383,1.2,0.2,0.0
010385,1.2,0.2,0.0
010387,1.2,0.2,0.0
010389,1.2,0.2,0.0
010391,1.2,0.2,0.0
010393,1.2,0.2,0.0
010395,0.6,0.1,0.0
010408,0.8,0.2,0.0
010409,1.2,0.2,0.0
010410,1.2,0.2,0.0
010412,1.2,0.2,0.0
010413,1.2,0.2,0.0
010415,1.2,0.2,0.0
010417,0.9,0.05,
010418,1.2,0.2,0.0
010421,1.2,0.2,0.0
010439,0.6,0.15,
010442,1.2,0.2,
010444,0.8,0.2,0.0
010446,0.9,0.05,
010447,1.2,0.2,0.0
010452,1.2,0.2,0.0
010454,1.2,0.2,
010455,1.2,0.2,0.0
010457,1.2,0.2,0.0
010460,1.2,0.2,0.0
010461,0.6,0.1,
010465,0.6,0.1,0.0
010469,1.2,0.2,0.0
010475,0.6,0.16,0.0
010478,0.6,0.1,
010480,0.8,0.2,
010481,1.2,0.2,
010483,1.2,0.2,
010487,0.8,0.2,
010503,0.5,0.05,0.0
010508,0.7,0.05,0.0
010515,0.8,0.15,0.0
010520,0.15,0.05,0.0
010522,0.8,0.2,0.0
010526,0.6,0.1,
010532,0.8,0.15,0.0
010534,1.2,0.2,0.0
010536,1.2,0.2,0.0
010538,0.6,0.1,
010539,0.8,0.2,0.0
010541,0.8,0.15,0.0
010543,0.8,0.2,0.0
010545,0.8,0.15,0.0
010547,0.6,0.15,0.0
010549,1.2,0.2,
010550,1.2,0.2,
010551,1.2,0.2,
010552,1.2,0.2,0.0
010554,1.2,0.2,0.0
010557,1.2,0.2,
010558,1.2,0.2,0.0
010560,0.4,0.05,0.0
010561,0.5,0.1,0.0
010562,1.2,0.2,0.0
010564,0.6,0.1,
010568,0.6,0.1,0.0
010570,1.2,0.15,0.0
010576,0.6,0.1,
010584,1.2,0.2,0.0
010585,1.2,0.2,0.0
010587,1.2,0.2,0.0
010589,0.8,0.2,0.0
010592,1.2,0.2,0.0
010594,1.2,0.2,
010595,1.2,0.2,0.0
010597,0.8,0.1,0.0
010599,1.2,0.2,0.0
010602,1.2,0.2,0.0
010605,0.8,0.1,0.0
010608,1.2,0.2,0.0
010610,1.2,0.2,
010611,1.2,0.2,0.0
010613,1.2,0.2,0.0
010615,1.2,0.2,0.0
010617,1.2,0.15,0.0
010622,1.2,0.1,0.0
010624,1.2,0.2,0.0
010628,0.9,0.05,
010636,0.6,0.1,0.0
010638,0.3,0.08,
010640,0.3,0.1,0.0
010642,0.8,0.1,
010646,1.2,0.2,0.0
010654,1.0,0.2,0.0
010656,1.2,0.2,
010657,0.6,0.1,0.0
010659,1.2,0.2,0.0
010662,1.2,0.2,
010663,1.2,0.2,0.0
010665,1.2,0.2,0.0
010668,1.2,0.2,0.0
010676,1.2,0.2,0.0
010678,1.2,0.2,0.0
010680,1.2,0.2,0.0
010683,0.6,0.2,0.0
010688,1.0,0.15,0.0
010690,1.2,0.2,0.0
010692,1.2,0.2,0.0
010694,1.2,0.2,
010697,1.2,0.2,0.0
010699,1.2,0.2,
010701,1.2,0.15,0.0
010703,1.2,0.1,0.0
010706,1.2,0.2,0.0
010707,0.5,0.2,0.0
010709,1.2,0.2,0.0
010711,1.2,0.2,0.0
010712,0.6,0.1,0.0
010714,1.2,0.2,0.0
010715,1.2,0.2,0.0
010717,1.2,0.2,0.0
010723,1.2,0.2,0.0
010725,0.7,0.15,0.0
010728,1.2,0.2,0.0
010730,1.2,0.2,
010731,1.2,0.2,0.0
010738,1.2,0.2,0.0
010740,1.2,0.2,0.0
010742,0.6,0.1,0.0
010744,1.2,0.2,0.0
010746,1.2,0.2,0.0
010749,0.8,0.2,0.0
010751,1.2,0.2,0.0
010755,1.2,0.2,
010756,1.2,0.2,0.0
010761,1.2,0.2,0.0
010762,0.8,0.2,0.0
010764,1.2,0.2,
010765,0.8,0.2,0.0
010773,0.6,0.1,0.0
010775,0.6,0.15,0.0
010777,1.2,0.2,0.0
010779,1.2,0.2,0.0
010781,1.0,0.2,0.0
010783,1.2,0.2,0.0
010787,1.2,0.2,0.0
010790,1.2,0.2,0.0
010792,1.2,0.2,0.0
010795,1.2,0.2,0.0
010797,0.8,0.2,0.0
010799,0.8,0.2,0.0
010801,1.2,0.2,0.0
010807,0.8,0.15,0.0
010808,1.2,0.2,0.0
010815,1.2,0.2,
010817,1.0,0.2,0.0
010819,0.4,0.11,0.0
010821,1.2,0.2,0.0
010822,0.6,0.1,0.0
010824,1.2,0.15,0.0
010826,1.2,0.2,0.0
010830,1.0,0.2,0.0
010832,0.3,0.2,0.0
010834,0.4,0.08,0.0
010839,0.6,0.1,0.0
010843,0.8,0.1,0.0
010845,0.8,0.2,
010846,1.2,0.2,0.0
010850,0.8,0.15,0.0
010852,1.2,0.2,0.0
010857,0.8,0.2,0.0
010861,1.2,0.2,
010863,0.5,0.1,0.0
010864,1.2,0.2,0.0
010868,1.0,0.2,0.0
010869,0.6,0.1,
010870,0.6,0.15,0.0
010874,1.2,0.2,0.0
010876,1.2,0.2,0.0
010878,1.2,0.2,
010879,0.6,0.1,0.0
010881,1.0,0.2,0.0
010885,1.2,0.2,0.0
010887,1.2,0.2,0.0
010890,0.5,0.1,0.0
010892,1.2,0.2,0.0
010894,1.2,0.2,0.0
010898,1.2,0.2,0.0
010900,0.7,0.2,0.0
010902,1.2,0.2,0.0
010904,0.5,0.1,0.0
010906,0.8,0.15,0.0
010912,1.2,0.2,0.0
010914,1.2,0.2,0.0
010916,0.6,0.15,0.0
010919,0.6,0.15,0.0
010921,0.6,0.1,
010922,1.2,0.2,
010923,0.4,0.05,0.0
010924,0.5,0.1,0.3
010925,1.2,0.2,0.0
010929,1.2,0.2,0.0
010931,0.6,0.1,0.0
010934,0.8,0.2,0.0
010936,1.2,0.2,0.0
010938,1.0,0.2,0.0
010940,0.5,0.1,0.0
010942,0.5,0.12,0.0
010944,1.2,0.2,0.0
010947,1.2,0.2,0.0
010949,1.2,0.2,
010951,1.2,0.2,0.0
010957,0.8,0.1,0.0
010958,0.6,0.1,
010963,1.2,0.2,0.0
010965,1.2,0.2,0.0
010966,1.2,0.2,
010967,1.2,0.2,0.0
010969,1.2,0.2,0.0
010971,0.5,0.1,0.0
010977,1.2,0.2,0.0
010981,0.75,0.2,0.0
010984,0.6,0.2,0.0
010987,1.2,0.2,0.0
010994,1.2,0.2,0.0
010996,1.2,0.2,0.0
010998,1.2,0.2,0.0
010999,0.6,0.2,0.0
011001,1.2,0.2,
011002,1.2,0.2,0.0
011004,0.4,0.05,0.0
011006,1.2,0.2,
011011,1.2,0.2,0.0
011013,1.2,0.2,0.0
011015,0.8,0.2,0.0
011017,0.8,0.2,
011018,0.7,0.2,0.0
011021,1.2,0.2,0.0
011023,0.6,0.1,
011025,1.5,0.15,0.0
011027,0.6,0.1,0.0
011030,1.2,0.2,0.0
011033,0.7,0.15,0.0
011037,1.2,0.2,0.0
011042,1.2,0.2,0.0
011044,1.2,0.2,0.0
011046,1.2,0.2,0.0
011048,0.4,0.16,0.0
011050,0.6,0.16,0.0
011052,0.7,0.2,0.0
011054,0.6,0.2,0.0
011056,1.2,0.2,
011058,1.2,0.2,0.0
011064,0.8,0.15,0.0
011069,1.2,0.2,0.0
011071,0.6,0.15,0.0
011073,0.4,0.1,0.0
011075,0.8,0.2,0.0
011077,1.2,0.2,
011078,1.2,0.2,
011084,0.6,0.1,0.0
011086,0.6,0.1,0.0
011089,0.7,0.16,0.0
011095,0.8,0.2,0.0
011097,1.2,0.2,0.0
011099,1.2,0.2,0.0
011104,1.2,0.2,0.0
011105,0.6,0.15,0.0
011107,1.2,0.15,0.0
011111,1.2,0.2,0.0
011118,0.6,0.15,0.0
011121,1.2,0.2,0.0
011122,1.2,0.2,0.0
011128,1.2,0.2,0.0
011134,1.2,0.2,0.0
011136,1.2,0.2,0.0
011138,1.2,0.2,0.0
011142,1.2,0.2,0.0
011144,1.2,0.2,0.0
011146,1.2,0.2,0.0
011149,1.2,0.2,0.0
011152,1.2,0.2,0.0
011153,1.2,0.2,0.0
011155,1.2,0.2,0.0
011157,1.2,0.2,0.0
011160,1.2,0.2,0.0
011162,1.2,0.2,0.0
011164,1.2,0.2,0.0
011167,1.2,0.2,0.0
011169,1.2,0.2,
011170,1.2,0.2,0.0
011173,1.2,0.2,
011174,1.2,0.2,
011175,0.8,0.2,0.0
011177,1.2,0.2,0.0
011179,1.2,0.2,0.0
011181,1.2,0.2,0.0
011184,1.2,0.2,0.0
011186,1.2,0.2,0.0
011188,1.2,0.2,0.0
011189,1.2,0.15,
011190,0.6,0.15,0.0
011192,0.4,0.1,0.0
011194,1.2,0.2,0.0
011196,1.2,0.2,0.0
011198,0.6,0.1,0.0
011201,1.2,0.2,0.0
011203,1.2,0.2,0.0
011206,0.8,0.1,0.0
011208,1.0,0.2,0.0
011212,1.2,0.2,0.0
011214,1.2,0.2,0.0
011216,1.2,0.2,0.0
011220,1.2,0.2,0.0
011224,1.2,0.2,0.0
011226,0.7,0.15,0.0
011229,1.2,0.2,0.0
011231,0.6,0.15,0.0
011236,1.2,0.2,0.0
011238,1.2,0.2,0.0
011243,0.8,0.15,0.0
011246,1.2,0.2,0.0
011248,1.2,0.2,
011249,0.6,0.2,0.0
011251,1.2,0.2,0.0
011253,0.15,0.05,
011254,1.2,0.2,0.0
011256,0.6,0.2,0.0
011260,1.2,0.2,0.0
011265,0.75,0.1,0.0
011269,1.2,0.2,0.0
011271,1.2,0.2,0.0
011273,1.2,0.2,0.0
011275,1.2,0.2,0.0
011277,1.2,0.2,0.0
011278,1.2,0.2,0.0
011282,1.2,0.2,0.0
011284,1.2,0.2,
011285,1.2,0.2,0.0
011287,1.2,0.2,
011288,1.2,0.2,0.0
011290,0.8,0.2,0.0
011293,0.5,0.15,
011296,1.2,0.2,0.0
011300,1.2,0.2,0.0
011304,1.2,0.2,0.0
011312,1.2,0.2,
011313,1.2,0.2,
011314,1.2,0.2,
011315,1.2,0.2,
011328,1.2,0.2,0.0
011330,1.2,0.2,
011331,1.2,0.2,0.0
011333,1.2,0.2,0.0
011335,1.2,0.2,0.0
011336,1.0,0.1,0.0
011338,1.2,0.2,0.0
011340,1.2,0.2,0.0
011344,1.2,0.2,0.0
011346,1.2,0.2,
011347,0.7,0.15,0.0
011349,1.2,0.2,0.0
011351,1.0,0.2,0.0
011353,0.6,0.2,0.0
011355,1.2,0.2,0.0
011357,1.2,0.2,0.0
011359,0.8,0.2,0.0
011361,1.2,0.2,0.0
011363,1.2,0.2,0.0
011365,0.6,0.1,0.0
011369,1.2,0.2,0.0
011371,1.2,0.2,0.0
011373,1.2,0.2,0.0
011375,0.6,0.1,
011376,0.6,0.1,0.0
011377,1.2,0.2,0.0
011383,1.2,0.2,0.0
011384,1.2,0.2,0.0
011386,1.0,0.15,
011387,0.7,0.15,0.0
011389,1.2,0.1,
011390,0.8,0.2,0.0
011393,0.6,0.13,0.0
011395,0.8,0.2,0.0
011397,0.8,0.2,0.0
011399,1.2,0.15,0.0
011401,1.2,0.2,0.0
011403,1.2,0.2,0.0
011405,1.2,0.2,
011408,0.4,0.1,0.0
011410,1.2,0.2,0.0
011418,1.2,0.2,0.0
011425,1.2,0.2,0.0
011427,1.2,0.2,0.0
011429,1.2,0.2,
011431,1.2,0.2,0.0
011433,0.8,0.2,0.0
011435,1.2,0.2,0.0
011438,0.7,0.2,0.0
011442,0.4,0.05,0.0
011444,0.8,0.1,0.0
011446,1.2,0.2,0.0
011448,1.2,0.2,0.0
011450,1.2,0.2,0.0
011455,1.2,0.2,0.0
011457,1.2,0.2,
011458,1.2,0.2,0.0
011460,1.2,0.2,0.0
011466,1.2,0.2,0.0
011468,1.2,0.2,0.0
011471,1.2,0.2,0.0
011479,1.2,0.2,0.0
011482,1.0,0.2,0.0
011484,0.6,0.2,0.0
011486,1.2,0.2,0.0
011488,1.2,0.2,0.0
011494,0.6,0.15,0.0
011498,1.2,0.2,0.0
011500,1.2,0.15,
011503,1.2,0.2,
011504,0.6,0.1,0.0
011506,1.2,0.2,0.0
011508,0.6,0.18,0.0
011516,0.6,0.2,0.0
011518,1.2,0.2,0.0
011521,0.8,0.2,0.0
011523,1.2,0.2,0.0
011527,0.8,0.2,0.0
011530,1.2,0.2,
011531,1.2,0.2,
011532,0.5,0.1,0.0
011534,0.3,0.15,0.0
011536,1.2,0.15,0.0
011538,0.8,0.15,0.0
011542,1.2,0.2,
011543,0.6,0.1,0.0
011548,1.0,0.2,0.0
011550,1.2,0.2,0.0
011552,0.5,0.15,0.0
011554,0.6,0.1,0.0
011558,0.3,0.05,0.0
011562,0.6,0.15,
011570,1.2,0.2,0.0
011572,0.6,0.1,0.0
011574,1.2,0.2,0.0
011576,0.6,0.15,0.0
011578,1.2,0.2,0.0
011581,0.5,0.1,0.0
011585,1.2,0.2,0.0
011588,1.2,0.2,
011589,1.2,0.1,0.0
011595,1.5,0.25,0.0
011598,1.2,0.2,0.0
011599,1.2,0.2,
011601,1.2,0.2,0.0
011603,1.2,0.15,0.0
011626,1.2,0.2,0.0
011629,1.2,0.2,0.0
011635,1.2,0.2,0.0
011637,1.2,0.2,0.0
011643,1.2,0.2,0.0
011645,1.2,0.2,0.0
011647,1.2,0.2,0.0
011649,1.2,0.2,0.0
011651,1.2,0.2,0.0
011663,1.2,0.2,0.0
011665,1.2,0.2,0.0
011669,1.2,0.2,0.0
011673,1.2,0.2,0.0
011675,0.15,0.05,0.0
011677,0.6,0.1,0.0
011679,0.6,0.1,0.0
011681,1.2,0.2,0.0
011684,0.6,0.12,
011685,1.2,0.2,0.0
011687,1.2,0.2,0.0
011690,1.2,0.2,0.0
011692,1.2,0.2,0.0
011694,1.2,0.2,0.0
011698,1.0,0.2,0.0
011703,1.2,0.2,
011704,1.2,0.2,0.0
011708,1.2,0.2,0.0
011711,1.2,0.2,0.8
011717,1.2,0.2,0.0
011722,1.2,0.2,0.0
011727,0.5,0.1,0.0
011729,0.5,0.1,0.0
011731,0.6,0.1,0.0
011733,1.2,0.2,
011734,0.6,0.1,0.0
011736,1.0,0.2,0.0
011738,1.2,0.2,0.0
011740,1.2,0.2,0.0
011743,0.8,0.2,0.0
011746,0.7,0.2,0.0
011748,1.2,0.2,0.0
011750,0.8,0.2,0.0
011756,1.2,0.2,0.0
011759,0.6,0.16,0.0
011761,0.6,0.1,0.0
011765,1.2,0.2,0.0
011767,1.2,0.2,0.0
011769,0.8,0.15,0.0
011771,0.6,0.1,0.0
011773,0.8,0.15,0.0
011775,1.0,0.2,0.0
011777,1.2,0.2,0.0
011781,0.8,0.2,0.0
011783,1.2,0.2,
011784,0.4,0.12,0.0
011786,0.3,0.05,0.0
011788,0.3,0.05,0.0
011790,1.2,0.2,
011791,0.8,0.15,0.0
011793,1.2,0.2,
011798,0.7,0.15,0.0
011800,1.2,0.2,0.0
011801,0.6,0.2,0.0
011803,0.7,0.15,0.0
011805,1.2,0.2,0.0
011807,1.2,0.2,0.0
011813,1.2,0.2,0.0
011815,1.2,0.15,0.0
011816,0.8,0.2,
011817,1.2,0.2,
011818,0.8,0.2,0.0
011820,1.2,0.2,0.0
011822,1.2,0.2,0.0
011824,1.2,0.2,0.0
011826,1.2,0.2,0.0
011828,1.2,0.2,0.0
011830,1.2,0.2,0.0
011834,1.2,0.2,0.0
011836,1.2,0.2,
011837,1.2,0.2,0.0
011841,1.2,0.2,0.0
011843,1.2,0.2,0.0
011845,1.2,0.2,0.0
011847,1.2,0.2,0.0
011849,1.2,0.2,
011851,1.2,0.2,0.0
011855,1.2,0.2,0.0
011856,1.2,0.2,0.0
011858,1.2,0.2,0.0
011862,1.2,0.2,0.0
011866,1.2,0.2,0.0
011868,1.2,0.2,0.0
011872,0.8,0.2,0.0
011874,1.2,0.2,0.0
011876,1.2,0.2,0.0
011882,1.2,0.2,0.0
011884,1.2,0.2,0.0
011886,1.2,0.2,0.0
011888,1.2,0.2,0.0
011891,1.2,0.2,0.0
011893,1.2,0.2,0.0
011899,1.2,0.15,0.0
011901,1.2,0.2,0.0
011903,1.2,0.2,0.0
011905,1.2,0.2,0.0
011908,1.2,0.2,0.0
011911,1.2,0.2,0.0
011913,0.8,0.2,0.0
011917,1.2,0.2,0.0
011921,1.2,0.2,0.0
011923,1.2,0.2,0.0
011924,1.2,0.2,0.0
011927,1.2,0.2,0.0
011930,1.2,0.2,0.0
011932,1.2,0.2,0.0
011934,1.2,0.2,0.0
011936,1.2,0.2,0.0
011938,1.2,0.2,0.0
011956,1.2,0.2,0.0
011958,0.15,0.05,0.0
011969,1.2,0.2,0.0
011975,1.2,0.2,0.0
011977,1.2,0.2,0.0
011980,1.2,0.2,0.0
011987,1.2,0.15,0.0
011989,1.2,0.2,0.0
011992,1.0,0.2,0.4
011994,1.2,0.2,0.0
011995,0.6,0.15,0.0
011997,0.7,0.2,0.0
012001,1.2,0.2,0.0
012003,1.2,0.2,0.0
012005,0.8,0.15,0.0
012008,1.2,0.2,0.0
012010,0.8,0.15,0.0
012014,0.8,0.18,0.0
012019,0.6,0.1,0.0
012021,0.6,0.15,0.0
012023,1.0,0.15,0.0
012025,0.6,0.2,0.0
012027,0.8,0.2,0.0
012029,0.7,0.2,0.0
012033,1.2,0.2,0.0
012036,1.2,0.2,
012045,1.2,0.2,0.0
012051,1.2,0.2,
012052,0.6,0.1,0.0
012054,0.6,0.15,0.0
012057,1.2,0.2,0.0
012064,1.2,0.2,
012067,1.2,0.2,0.0
012069,0.8,0.2,0.0
012071,1.2,0.2,0.0
012073,1.2,0.2,0.0
012075,1.2,0.2,0.0
012077,0.6,0.15,0.0
012079,1.2,0.2,0.0
012082,1.2,0.2,0.0
012084,0.8,0.1,0.0
012086,1.2,0.2,0.0
012088,0.8,0.2,0.0
012093,1.2,0.2,0.0
012096,1.2,0.2,0.0
012098,1.2,0.2,
012102,1.2,0.2,0.0
012107,1.2,0.2,0.0
012109,0.8,0.1,0.0
012111,0.5,0.1,0.0
012113,0.5,0.2,0.0
012116,0.15,0.05,0.0
012119,1.2,0.2,0.0
012121,0.8,0.2,0.0
012123,1.2,0.2,
012124,1.2,0.1,0.0
012126,1.2,0.2,0.0
012130,1.2,0.2,0.0
012132,1.2,0.15,0.0
012137,0.8,0.2,0.0
012138,0.5,0.15,0.0
012143,1.2,0.2,0.0
012147,1.2,0.2,
012148,1.2,0.2,0.0
012150,1.2,0.2,
012151,0.5,0.1,0.0
012153,1.2,0.2,0.0
012155,1.2,0.2,0.0
012159,1.2,0.2,0.0
012161,0.6,0.15,0.0
012170,0.8,0.2,0.0
012173,1.2,0.2,0.0
012175,1.2,0.2,0.0
012178,1.2,0.2,
012182,1.2,0.2,0.0
012184,1.2,0.2,0.0
012186,1.2,0.2,0.0
012188,1.2,0.2,0.0
012193,1.2,0.2,0.0
012195,0.8,0.15,
012196,1.2,0.2,0.0
012198,1.2,0.2,0.0
012200,1.2,0.2,0.0
012202,1.2,0.2,0.0
012210,1.2,0.2,0.0
012214,1.2,0.2,0.0
012216,0.6,0.15,0.0
012218,0.6,0.2,0.0
012221,1.2,0.2,0.0
012223,1.2,0.2,0.0
012225,1.2,0.2,0.0
012227,1.2,0.2,0.0
012234,1.2,0.2,0.0
012239,1.2,0.2,
012243,1.2,0.2,
012244,1.2,0.2,0.0
012250,1.2,0.15,0.0
012252,0.8,0.2,
012253,0.8,0.2,0.0
012255,1.2,0.2,0.5
012256,0.6,0.15,0.0
012258,1.2,0.2,0.0
012260,1.2,0.2,0.0
012262,1.2,0.2,0.0
012268,0.6,0.1,0.0
012270,0.6,0.1,0.0
012272,1.2,0.2,
012277,0.6,0.1,0.0
012281,0.8,0.15,
012284,1.2,0.2,0.0
012287,0.5,0.1,0.0
012288,1.2,0.2,0.0
012292,1.2,0.2,0.0
012294,1.2,0.2,
012296,0.3,0.1,
012297,1.2,0.2,0.0
012299,1.0,0.2,0.0
012301,1.2,0.2,0.5
012302,0.6,0.15,0.0
012304,0.6,0.15,0.0
012308,1.2,0.2,0.0
012314,1.2,0.2,0.5
012315,1.2,0.2,0.0
012326,0.5,0.1,0.0
012332,1.2,0.2,0.0
012334,0.5,0.1,0.0
012342,1.2,0.2,0.0
012344,1.2,0.2,0.0
012346,1.2,0.2,0.0
012350,1.2,0.2,0.0
012354,1.2,0.2,0.0
012358,1.2,0.2,0.0
012360,1.2,0.2,0.0
012366,0.8,0.15,0.0
012368,1.2,0.2,0.0
012370,1.2,0.2,
012373,1.2,0.2,0.0
012377,0.4,0.2,0.0
012382,1.2,0.2,0.0
012387,1.2,0.2,0.0
012389,1.2,0.2,
012390,1.2,0.2,0.0
012405,0.5,0.1,0.0
012406,1.2,0.2,0.0
012408,0.7,0.2,0.0
012410,1.2,0.2,0.0
012412,1.2,0.2,0.0
012415,1.0,0.18,0.0
012421,1.2,0.2,0.0
012426,1.2,0.2,0.0
012428,1.2,0.2,0.0
012430,0.3,0.1,
012431,0.4,0.05,0.0
012434,1.2,0.2,
012435,0.8,0.2,0.0
012437,1.2,0.2,0.0
012443,0.5,0.1,0.0
012445,1.2,0.2,0.0
012447,1.2,0.2,0.0
012454,1.2,0.2,0.0
012456,1.2,0.2,0.0
012459,0.65,0.2,0.0
012463,1.2,0.2,0.0
012466,1.2,0.2,0.0
012471,0.8,0.2,0.0
012473,1.2,0.2,0.0
012475,1.2,0.2,0.0
012477,1.2,0.2,0.0
012479,1.0,0.2,0.0
012481,1.2,0.2,0.0
012483,1.2,0.2,0.0
012485,0.6,0.15,0.0
012487,0.8,0.2,0.0
012491,1.2,0.2,0.0
012493,1.2,0.2,0.0
012495,1.2,0.2,0.0
012496,1.2,0.2,0.0
012500,1.2,0.2,0.0
012502,1.2,0.2,
012506,1.2,0.2,0.0
012510,1.2,0.2,0.0
012512,0.8,0.2,
012516,0.5,0.1,0.0
012518,1.0,0.2,
012519,1.2,0.2,0.0
012523,1.2,0.2,0.0
012526,1.2,0.2,0.0
012528,1.2,0.2,0.0
012530,1.2,0.2,
012533,1.2,0.2,0.0
012541,1.2,0.2,0.0
012545,0.6,0.2,0.0
012556,1.2,0.2,
012557,1.2,0.2,0.0
012559,0.5,0.1,0.0
012561,0.5,0.1,0.0
012568,1.2,0.2,0.0
012572,0.8,0.15,0.0
012576,0.8,0.2,0.0
012578,1.2,0.2,0.0
012582,1.2,0.2,0.0
012586,1.2,0.2,0.0
012588,1.2,0.2,0.0
012594,0.8,0.2,0.0
012598,0.5,0.1,0.0
012608,1.2,0.2,0.5
012609,0.8,0.2,0.0
012613,1.2,0.2,0.0
012640,1.2,0.2,0.0
012645,0.2,0.05,0.0
012647,1.2,0.2,0.5
012650,1.2,0.2,0.0
012655,0.45,0.1,0.0
012661,0.8,0.15,0.0
012665,0.7,0.1,0.0
012667,0.6,0.2,0.0
012669,1.2,0.2,0.0
012671,1.2,0.2,0.0
012673,1.0,0.2,0.0
012677,0.8,0.12,0.0
012681,0.4,0.1,0.0
012683,0.55,0.1,0.0
012685,0.8,0.2,0.0
012687,0.8,0.1,
012688,1.2,0.2,0.0
012690,1.2,0.2,0.0
012694,0.5,0.1,0.0
012696,1.2,0.2,0.0
012701,0.5,0.15,0.0
012703,1.2,0.2,0.0
012704,1.2,0.2,0.0
012706,1.2,0.2,0.0
012719,1.2,0.2,0.0
012721,0.6,0.15,
012726,0.6,0.2,0.0
012730,0.5,0.1,0.0
012744,1.2,0.2,0.0
012748,1.2,0.2,0.0
012759,0.45,0.07,0.0
012763,0.3,0.05,0.0
012765,1.2,0.2,0.0
012770,1.2,0.2,0.0
012779,1.2,0.2,0.0
012784,0.8,0.2,
012785,1.2,0.2,0.0
012796,0.3,0.1,
012812,0.6,0.1,0.0
012816,1.2,0.2,0.0
012820,1.2,0.2,0.5
012826,0.5,0.15,0.0
012828,0.7,0.2,0.0
012833,0.6,0.2,0.0
012835,1.2,0.2,0.0
012839,1.2,0.2,0.0
012844,1.2,0.2,0.0
012846,1.2,0.2,
012848,1.2,0.2,0.0
012850,1.2,0.2,0.0
012852,1.2,0.2,0.0
012876,0.6,0.2,0.0
012878,1.2,0.2,0.0
012880,1.2,0.2,0.0
012882,0.45,0.07,0.0
012888,1.2,0.2,0.0
012892,1.2,0.2,0.0
012904,1.2,0.2,
012905,1.2,0.2,0.0
012913,1.2,0.2,0.0
012917,1.2,0.2,0.0
012930,1.2,0.2,
012943,0.7,0.15,0.0
012945,0.6,0.1,0.0
012949,0.8,0.2,0.0
012951,0.55,0.1,0.0
012953,0.6,0.1,0.0
012955,0.8,0.15,0.0
012961,0.2,0.1,0.0
012963,1.2,0.2,0.0
012965,0.5,0.15,0.0
012967,1.2,0.2,0.0
012971,1.2,0.2,0.0
012975,1.2,0.2,0.0
012977,1.2,0.1,0.0
012981,1.2,0.2,0.0
012985,1.2,0.2,0.0
012987,1.2,0.2,0.0
012989,0.5,0.1,0.0
012991,0.3,0.15,0.0
012993,1.2,0.2,0.0
012995,1.2,0.2,
012996,0.6,0.1,
012998,0.4,0.1,0.0
013000,1.2,0.2,0.0
013004,1.2,0.2,0.0
013006,1.2,0.2,0.0
013009,1.2,0.2,0.0
013011,0.45,0.07,0.0
013015,0.6,0.15,0.0
013019,0.5,0.1,0.0
013021,1.2,0.2,
013022,0.6,0.15,
013023,1.2,0.2,0.0
013028,1.2,0.2,
013029,0.6,0.15,0.0
013031,1.0,0.2,0.0
013033,1.2,0.2,0.0
013037,1.2,0.2,0.0
013039,0.6,0.1,0.0
013041,0.7,0.2,0.0
013043,0.6,0.15,
013049,1.2,0.2,0.0
013051,1.2,0.2,0.0
013055,1.2,0.2,0.0
013057,0.3,0.1,0.0
013061,0.8,0.15,
013067,1.2,0.2,
013072,1.2,0.2,0.0
013078,1.2,0.2,0.0
013085,1.2,0.2,0.0
013089,0.6,0.1,0.0
013091,1.2,0.2,0.0
013093,0.5,0.1,0.0
013095,1.2,0.2,0.0
013101,0.4,0.08,0.0
013103,1.2,0.2,0.0
013105,0.5,0.1,0.0
013107,1.2,0.2,0.0
013109,1.2,0.2,0.0
013123,1.2,0.2,0.0
013129,0.5,0.1,0.0
013132,1.2,0.2,0.0
013135,0.6,0.15,
013141,1.2,0.2,0.0
013144,0.8,0.1,0.4
013145,1.2,0.2,
013147,1.2,0.2,0.0
013150,0.8,0.2,
013160,1.2,0.2,0.0
013162,0.5,0.1,0.0
013166,1.2,0.1,0.0
013175,1.2,0.2,0.0
013177,0.5,0.1,0.0
013181,1.2,0.2,0.0
013184,0.8,0.2,0.0
013189,0.6,0.2,
013190,0.6,0.2,0.0
013193,0.8,0.2,0.0
013197,0.3,0.1,
013198,0.2,0.05,0.0
013200,1.0,0.2,0.0
013209,1.2,0.2,0.0
013218,0.5,0.1,0.0
013220,1.2,0.2,0.0
013225,0.45,0.1,0.0
013229,0.6,0.1,0.0
013238,1.2,0.2,0.0
013242,1.2,0.2,
013243,0.5,0.15,0.0
013247,1.2,0.2,
013248,0.8,0.2,0.0
013250,1.2,0.2,0.0
013260,0.6,0.1,0.0
013267,0.6,0.2,0.0
013269,1.2,0.2,
013270,1.2,0.2,0.0
013284,1.2,0.2,0.0
013289,1.2,0.2,0.0
013293,1.2,0.2,0.0
013294,1.2,0.2,0.0
013296,1.2,0.2,0.0
013306,0.5,0.1,0.0
013323,1.2,0.2,0.0
013326,1.2,0.2,0.0
013334,1.2,0.2,0.0
013339,1.2,0.2,0.0
013341,1.2,0.2,0.0
013345,1.2,0.2,0.0
013348,1.2,0.2,0.0
013356,1.2,0.2,0.0
013358,1.2,0.2,0.0
013360,1.0,0.2,0.1
013365,1.2,0.2,0.0
013367,1.2,0.2,0.0
013369,1.2,0.2,0.0
013371,1.2,0.2,0.0
013383,1.2,0.2,0.0
013385,1.2,0.2,0.0
013387,1.2,0.2,0.0
013389,1.2,0.2,0.0
013393,1.2,0.2,0.0
013395,1.2,0.2,0.0
013397,0.8,0.2,0.0
013407,0.6,0.2,0.0
013417,1.2,0.2,0.0
013419,0.3,0.1,
013426,1.2,0.2,0.0
013431,1.2,0.2,0.0
013433,0.8,0.2,0.0
013435,1.2,0.2,0.0
013437,0.2,0.1,0.0
013439,1.2,0.2,0.0
013441,1.2,0.1,
013447,0.5,0.1,0.0
013461,1.2,0.2,0.0
013463,1.2,0.2,0.0
013465,1.2,0.2,0.0
013469,1.2,0.2,0.0
013473,0.5,0.1,0.0
013480,0.5,0.1,0.0
013485,1.2,0.2,0.0
013490,1.2,0.2,0.0
013495,1.2,0.2,0.0
013513,1.2,0.2,0.0
013517,0.5,0.15,0.0
013524,0.7,0.15,0.0
013534,1.2,0.2,0.0
013541,0.15,0.05,0.0
013550,1.2,0.2,0.0
013552,1.2,0.2,0.0
013554,1.2,0.2,0.0
013556,1.2,0.2,0.0
013559,1.2,0.2,0.0
013561,1.2,0.2,0.0
013567,0.6,0.2,0.0
013569,0.8,0.2,0.0
013575,1.2,0.2,0.0
013581,0.8,0.2,0.0
013583,1.5,0.25,0.0
013590,1.2,0.2,0.0
013598,0.6,0.1,0.0
013603,1.2,0.2,0.0
013605,0.5,0.1,0.0
013607,1.2,0.2,0.0
013610,1.2,0.2,
013611,0.8,0.15,0.0
013616,1.2,0.2,0.0
013623,1.2,0.2,
013624,1.2,0.2,0.0
013626,1.2,0.2,0.0
013630,1.2,0.2,0.0
013632,0.8,0.15,0.0
013634,0.8,0.15,0.0
013636,1.2,0.2,0.0
013641,1.2,0.2,0.0
013651,0.9,0.2,0.0
013657,1.0,0.2,0.0
013659,1.2,0.2,0.0
013661,1.2,0.2,0.0
013665,1.2,0.2,0.0
013675,1.2,0.2,0.8
013676,1.0,0.2,0.0
013678,0.8,0.15,0.0
013680,1.2,0.2,0.0
013687,1.2,0.2,0.0
013693,1.2,0.2,
013694,0.6,0.1,0.0
013697,0.6,0.2,0.0
013701,0.4,0.1,0.0
013704,0.2,0.05,0.0
013708,0.6,0.15,
013714,1.0,0.2,0.0
013721,1.2,0.2,0.0
013726,0.8,0.15,0.0
013733,1.2,0.15,0.0
013735,0.8,0.15,0.0
013739,0.7,0.25,0.0
013755,1.2,0.2,0.0
013757,1.2,0.2,0.0
013759,1.5,0.25,0.0
013765,0.8,0.2,0.0
013767,1.2,0.2,0.0
013769,0.6,0.15,0.0
013771,1.2,0.2,0.0
013774,1.2,0.2,0.0
013776,1.2,0.2,0.0
013783,1.2,0.2,0.0
013802,0.2,0.1,0.0
013812,1.2,0.2,0.0
013824,1.0,0.1,
013830,0.6,0.1,0.0
013833,0.5,0.1,0.0
013836,1.2,0.2,0.0
013840,1.2,0.2,0.0
013842,1.2,0.2,0.0
013847,1.2,0.2,0.0
013851,1.2,0.2,0.0
013853,1.2,0.2,0.0
013855,1.2,0.2,0.0
013859,1.2,0.2,0.0
013861,1.2,0.2,0.0
013867,1.2,0.2,0.0
013869,1.2,0.15,0.0
013871,1.2,0.2,0.0
013873,1.0,0.2,0.0
013876,1.2,0.2,0.0
013886,1.2,0.2,0.0
013890,1.2,0.2,0.0
013895,1.2,0.2,0.0
013897,1.2,0.2,0.0
013899,1.2,0.2,0.0
013903,1.2,0.2,
013907,0.15,0.05,0.0
013910,1.2,0.2,0.0
013912,0.6,0.13,0.0
013914,1.2,0.2,0.0
013916,1.2,0.2,0.0
013920,1.2,0.2,0.0
013926,1.2,0.05,0.0
013929,0.6,0.15,0.0
013931,0.3,0.1,
013934,1.2,0.2,0.0
013936,1.2,0.2,0.0
013940,1.2,0.2,0.0
013947,0.3,0.1,0.0
013956,1.2,0.2,0.0
013958,1.2,0.2,0.0
013960,1.2,0.2,0.0
013962,1.2,0.2,0.0
013967,0.6,0.15,0.0
013969,0.8,0.15,0.0
013980,0.6,0.15,0.0
013983,1.2,0.2,0.0
013985,0.5,0.2,0.0
013989,1.2,0.2,0.0
013991,1.2,0.2,0.0
013993,1.2,0.2,0.0
013995,0.6,0.15,0.0
013998,0.6,0.1,0.0
014007,1.2,0.2,0.0
014009,0.8,0.2,
014016,1.2,0.2,0.0
014018,0.15,0.05,0.0
014020,1.2,0.2,0.0
014022,0.8,0.2,
014024,1.2,0.2,0.0
014031,1.2,0.2,0.0
014033,0.7,0.15,0.0
014036,1.2,0.2,0.0
014038,1.2,0.2,0.0
014040,1.2,0.2,0.0
014049,1.2,0.2,0.0
014053,0.6,0.2,0.0
014062,1.2,0.2,0.0
014068,1.2,0.2,0.0
014074,1.2,0.2,0.0
014077,0.6,0.2,0.0
014090,1.0,0.15,0.0
014094,0.7,0.2,0.0
014099,0.5,0.1,0.0
014103,1.2,0.2,0.0
014107,1.2,0.2,0.0
014114,1.2,0.2,0.0
014119,1.2,0.2,0.0
014121,1.2,0.2,0.0
014123,0.6,0.1,0.0
014128,0.5,0.05,0.0
014131,1.2,0.2,0.0
014135,1.2,0.2,0.0
014139,1.2,0.2,0.0
014141,1.2,0.2,0.0
014144,1.2,0.2,0.0
014146,1.2,0.2,0.0
014148,0.8,0.15,0.0
014151,1.2,0.2,0.0
014153,0.5,0.05,0.0
014157,1.2,0.2,0.0
014158,1.0,0.15,0.0
014160,0.8,0.2,0.0
014175,1.2,0.2,0.0
014177,1.2,0.2,0.0
014179,1.2,0.1,0.0
014185,1.2,0.2,0.0
014187,1.2,0.2,0.0
014189,1.2,0.2,0.0
014191,1.2,0.2,0.0
014198,1.0,0.2,0.4
014199,1.2,0.2,0.0
014203,1.2,0.2,0.0
014205,1.0,0.2,0.0
014207,1.2,0.2,0.0
014210,1.2,0.2,0.0
014212,1.2,0.2,0.0
014214,1.2,0.2,0.0
014220,1.2,0.2,0.0
014224,1.2,0.2,0.0
014228,1.2,0.2,0.0
014232,1.2,0.2,0.0
014235,1.2,0.2,0.0
014241,1.2,0.2,
014244,1.2,0.2,0.0
014246,1.2,0.2,0.0
014252,0.2,0.05,0.0
014254,1.2,0.2,0.0
014261,1.2,0.2,0.0
014263,1.2,0.2,0.0
014267,1.2,0.2,0.0
014285,1.2,0.2,0.0
014287,1.2,0.2,0.0
014288,0.3,0.1,0.0
014292,1.2,0.2,0.0
014299,1.2,0.2,0.0
014301,1.2,0.2,0.0
014303,0.5,0.1,0.0
014307,1.2,0.2,0.0
014311,1.2,0.2,0.0
014313,1.2,0.2,0.0
014317,1.2,0.2,0.0
014319,1.2,0.2,0.0
014321,1.2,0.2,0.0
014323,0.8,0.1,0.0
014325,1.2,0.2,0.0
014327,1.2,0.2,0.0
014329,1.2,0.2,0.0
014333,1.2,0.2,0.0
014337,0.6,0.1,0.0
014339,1.2,0.2,0.0
014341,1.2,0.2,0.0
014347,1.2,0.2,0.0
014350,1.2,0.2,0.0
014352,1.2,0.2,0.0
014354,0.6,0.15,0.0
014356,1.2,0.2,0.0
014360,0.8,0.15,0.0
014376,1.2,0.2,0.0
014384,0.3,0.1,
014389,1.2,0.2,0.0
014395,1.2,0.2,0.0
014401,1.2,0.2,0.0
014403,0.6,0.15,0.0
014404,1.2,0.2,0.0
014408,1.2,0.2,0.0
014410,1.2,0.2,0.0
014412,1.2,0.2,0.0
014416,1.2,0.2,0.0
014420,1.2,0.2,0.0
014423,1.2,0.2,
014431,0.5,0.1,0.0
014433,1.2,0.2,0.0
014442,0.15,0.05,
014460,1.2,0.2,0.0
014462,1.2,0.2,0.0
014466,1.2,0.2,0.0
014472,1.2,0.2,0.0
014478,1.2,0.2,0.0
014482,1.2,0.2,0.0
014488,1.2,0.2,0.0
014500,0.6,0.1,0.0
014506,1.2,0.2,0.0
014508,1.2,0.2,0.0
014513,1.2,0.2,0.0
014522,1.2,0.2,0.0
014524,1.2,0.2,0.0
014526,1.2,0.2,0.0
014539,1.2,0.2,0.0
014541,1.2,0.2,0.0
014545,1.2,0.2,0.0
014547,1.2,0.2,0.0
014554,0.8,0.2,0.0
014556,1.2,0.2,0.0
014558,1.2,0.2,0.0
014560,1.2,0.2,0.0
014562,1.2,0.2,0.0
014573,0.8,0.15,
014574,1.2,0.2,0.0
014576,0.8,0.2,
014577,0.6,0.1,0.0
014579,0.6,0.1,0.0
014585,1.2,0.2,0.0
014589,1.2,0.2,0.0
014591,1.2,0.2,0.0
014593,0.7,0.1,
014598,0.8,0.1,0.0
014600,1.2,0.2,0.0
014606,1.2,0.2,0.0
014608,1.2,0.2,0.0
014611,1.2,0.2,0.0
014613,0.2,0.05,0.0
014615,0.8,0.2,0.0
014619,0.6,0.2,0.0
014625,0.6,0.2,0.0
014630,0.15,0.05,0.0
014632,0.5,0.1,0.0
014634,1.2,0.2,0.0
014639,1.2,0.2,0.0
014647,1.2,0.2,0.0
014649,1.2,0.2,0.0
014651,1.2,0.2,0.0
014653,1.2,0.2,0.0
014657,0.6,0.13,0.0
014659,1.0,0.2,0.0
014666,1.2,0.2,0.0
014668,1.2,0.2,0.0
014678,0.4,0.05,0.0
014686,1.2,0.2,0.0
014689,0.5,0.1,0.0
014691,1.2,0.2,0.0
014693,0.8,0.15,0.0
014695,1.2,0.2,0.0
014697,0.7,0.15,0.0
014699,1.2,0.2,0.0
014701,1.2,0.15,0.0
014706,1.2,0.2,0.0
014708,1.2,0.2,0.0
014715,0.7,0.15,
014718,1.2,0.2,0.0
014725,1.2,0.2,0.0
014727,1.2,0.2,0.0
014730,1.0,0.2,0.0
014734,1.2,0.2,0.0
014736,1.2,0.2,0.0
014744,0.6,0.15,0.0
014746,1.2,0.2,0.0
014750,1.2,0.2,0.0
014752,1.0,0.2,0.0
014754,1.2,0.2,0.0
014756,1.2,0.2,0.0
014759,0.6,0.15,0.0
014761,0.7,0.1,0.0
014763,0.6,0.2,0.0
014765,1.2,0.2,0.0
014767,0.7,0.15,0.0
014771,0.6,0.09,
014772,0.6,0.09,
014773,1.2,0.2,0.0
014781,1.2,0.2,0.0
014783,1.2,0.2,0.0
014786,0.6,0.05,0.0
014788,1.2,0.2,0.0
014790,1.2,0.2,0.0
014792,1.2,0.2,0.0
014794,1.2,0.2,0.0
014796,0.8,0.2,
014799,0.8,0.2,0.0
014803,1.0,0.2,0.0
014805,1.2,0.2,0.0
014807,1.2,0.2,0.0
014809,0.6,0.15,0.0
014811,1.2,0.2,0.0
014818,1.2,0.2,0.0
014820,1.2,0.2,0.0
014825,1.2,0.2,0.0
014827,1.2,0.2,0.0
014829,1.2,0.2,0.0
014838,1.2,0.2,0.0
014840,0.6,0.05,
014841,1.2,0.2,0.0
014850,1.2,0.2,0.0
014852,0.6,0.15,0.0
014859,1.2,0.2,0.0
014861,0.8,0.2,0.0
014872,1.2,0.2,0.0
014874,1.2,0.15,0.0
014878,1.2,0.2,0.0
014885,1.2,0.2,0.0
014890,1.0,0.2,0.0
014892,0.4,0.05,0.0
014894,0.15,0.05,0.0
014900,1.0,0.1,0.0
014902,1.2,0.2,0.0
014906,0.5,0.1,0.0
014908,0.5,0.1,0.0
014913,1.2,0.2,0.0
014917,1.2,0.2,0.0
014919,1.2,0.2,0.0
014927,0.6,0.1,0.0
014957,1.2,0.2,0.0
014987,1.2,0.2,0.0
014995,1.2,0.15,0.0
014999,1.2,0.2,0.0
015004,1.2,0.2,0.0
015006,1.2,0.15,0.0
015010,1.2,0.2,0.0
015012,1.0,0.2,0.0
015024,0.6,0.15,0.0
015026,1.2,0.2,0.0
015028,0.6,0.15,0.0
015030,1.2,0.2,0.0
015032,1.2,0.2,0.0
015034,1.2,0.2,0.0
015035,1.2,0.2,0.0
015043,1.2,0.2,0.0
015047,0.6,0.15,
015052,1.2,0.2,0.0
015056,1.2,0.2,
015071,1.2,0.2,0.0
015079,1.2,0.2,0.0
015085,1.2,0.2,0.0
015092,1.2,0.2,0.0
015094,1.2,0.2,0.0
015096,1.2,0.1,0.0
015100,1.2,0.2,0.0
015102,1.2,0.2,0.0
015104,1.2,0.2,0.0
015110,0.6,0.05,0.0
015112,1.5,0.25,0.0
015125,0.8,0.15,0.0
015127,1.2,0.2,0.0
015129,0.7,0.15,0.0
015133,1.0,0.2,0.0
015135,1.2,0.2,0.0
015137,1.2,0.2,0.0
015139,1.2,0.15,0.0
015143,1.2,0.2,0.0
015145,1.2,0.2,0.0
015150,1.2,0.15,0.0
015160,0.7,0.15,0.0
015162,1.2,0.2,0.0
015189,0.5,0.1,
015200,1.2,0.2,0.0
015211,1.2,0.2,0.0
015215,1.0,0.2,0.0
015217,1.2,0.2,0.0
015219,1.2,0.2,0.0
015223,1.2,0.2,0.0
015225,1.2,0.1,0.0
015227,1.2,0.2,0.0
015229,1.2,0.2,0.0
015234,0.8,0.2,
015245,0.6,0.1,0.0
015246,0.3,0.05,0.0
015250,0.55,0.1,0.0
015252,0.8,0.2,0.0
015258,0.6,0.15,0.0
015268,0.5,0.07,0.0
015272,0.6,0.15,0.0
015276,1.2,0.2,0.0
015285,1.2,0.2,0.0
015287,1.2,0.2,0.0
015289,1.2,0.2,0.0
015291,1.0,0.2,0.0
015293,1.2,0.2,0.0
015295,0.5,0.2,0.0
015303,1.2,0.2,0.0
015305,1.2,0.2,0.0
015317,1.0,0.15,
015320,1.2,0.2,0.0
015328,0.3,0.05,0.0
015343,1.2,0.2,0.0
015345,0.8,0.15,
015347,1.2,0.2,0.0
015352,1.0,0.2,0.0
015354,0.2,0.05,0.0
015357,1.2,0.2,0.0
015368,1.2,0.2,0.0
015373,1.2,0.2,0.0
015381,1.2,0.2,0.0
015391,1.2,0.2,0.0
015399,0.3,0.1,
015400,1.2,0.15,0.0
015408,1.2,0.2,0.0
015412,1.2,0.2,0.0
015416,0.5,0.1,0.0
015424,1.0,0.15,0.0
015429,1.2,0.2,0.0
015431,0.5,0.1,0.0
015440,1.2,0.2,0.0
015443,0.6,0.1,0.0
015485,1.2,0.2,0.0
015497,0.3,0.05,0.0
015504,1.2,0.2,0.0
015505,1.2,0.2,0.0
015510,1.2,0.2,0.0
015514,1.2,0.2,0.0
015519,1.2,0.2,0.0
015521,1.2,0.2,0.0
015527,1.2,0.2,0.0
015535,1.0,0.2,0.0
015537,1.2,0.2,0.0
015541,0.6,0.15,
015547,1.2,0.2,0.0
015549,1.2,0.2,0.0
015553,1.2,0.2,0.0
015555,1.2,0.2,0.0
015559,1.2,0.2,0.0
015564,1.2,0.2,0.0
015567,1.2,0.2,0.0
015570,1.2,0.2,0.0
015574,1.2,0.2,0.0
015578,1.0,0.2,0.0
015586,1.2,0.2,0.0
015604,1.2,0.2,0.0
015610,1.2,0.2,0.0
015617,1.2,0.2,0.0
015627,1.2,0.2,0.0
015630,1.2,0.2,0.0
015633,0.6,0.1,0.0
015635,1.2,0.2,0.0
015639,0.9,0.2,
015641,1.2,0.2,0.0
015655,1.2,0.2,0.0
015657,1.2,0.2,0.0
015663,1.2,0.2,0.0
015694,1.2,0.2,0.0
015696,1.2,0.2,
015697,1.2,0.2,0.0
015699,1.2,0.2,0.0
015703,1.2,0.2,0.0
015707,1.2,0.2,0.0
015710,1.2,0.2,0.0
015718,1.2,0.2,0.0
015724,1.2,0.2,0.0
015729,1.2,0.2,
015732,1.2,0.2,0.0
015734,1.2,0.2,0.0
015737,1.2,0.2,0.0
015741,1.2,0.1,0.0
015743,0.15,0.05,0.0
015749,1.2,0.2,0.0
015757,0.6,0.15,0.0
015759,0.6,0.1,0.0
015761,0.5,0.1,0.0
015765,1.2,0.2,0.0
015769,1.2,0.2,0.0
015776,0.5,0.15,0.0
015780,1.2,0.2,0.0
015789,1.2,0.2,0.0
015796,1.2,0.2,0.0
015813,0.6,0.15,0.0
015820,0.5,0.1,0.0
015824,0.2,0.05,0.2
015828,1.2,0.1,0.0
015838,1.2,0.2,0.0
015842,1.2,0.2,0.0
015852,0.3,0.1,
015856,1.2,0.2,0.0
015870,1.2,0.2,0.0
015871,0.5,0.1,0.0
015880,1.2,0.15,0.0
015887,1.2,0.2,0.0
015889,1.2,0.2,0.0
015891,1.2,0.2,0.0
015900,1.2,0.2,0.0
015902,1.2,0.2,0.0
015904,1.2,0.2,0.0
015911,1.2,0.2,0.0
015915,1.2,0.05,0.0
015919,1.2,0.2,0.0
015921,1.0,0.15,0.0
015927,1.2,0.2,0.0
015963,1.2,0.2,0.0
015966,0.15,0.05,
015967,1.2,0.05,0.0
015970,1.2,0.2,0.0
015973,1.2,0.2,0.0
015975,0.9,0.2,
015976,1.2,0.2,0.0
015980,1.2,0.2,0.0
015982,0.6,0.15,0.0
015984,1.2,0.2,0.0
015986,1.2,0.2,
015987,1.2,0.2,0.0
015989,1.2,0.2,0.0
016000,1.5,0.3,0.0
016013,1.2,0.2,0.0
016021,1.2,0.2,0.0
016029,1.2,0.2,0.0
016045,1.2,0.2,0.0
016053,1.2,0.2,0.0
016064,1.2,0.2,0.0
016067,1.2,0.2,0.0
016073,1.2,0.1,0.0
016075,1.2,0.2,0.0
016086,0.8,0.15,0.0
016091,1.2,0.2,0.0
016097,1.2,0.2,0.0
016101,1.2,0.2,0.0
016103,1.0,0.15,0.0
016105,1.2,0.2,0.0
016113,1.0,0.1,0.0
016115,0.8,0.2,
016117,1.2,0.2,0.0
016119,1.2,0.2,0.0
016121,0.8,0.2,
016130,1.2,0.2,0.0
016132,0.7,0.15,
016138,0.8,0.15,0.0
016155,1.2,0.2,0.0
016157,1.2,0.2,0.0
016163,1.2,0.2,0.0
016165,1.2,0.2,0.0
016166,1.2,0.2,0.0
016174,1.2,0.2,0.0
016187,1.0,0.2,0.0
016197,0.6,0.2,
016225,0.5,0.1,0.0
016229,0.8,0.15,0.0
016231,0.8,0.15,0.0
016233,0.6,0.15,
016237,1.2,0.2,0.0
016242,0.8,0.15,0.0
016243,1.2,0.2,0.0
016248,1.2,0.2,0.0
016250,1.2,0.2,0.0
016252,1.2,0.2,0.0
016265,1.2,0.2,0.0
016271,0.6,0.15,
016272,1.2,0.2,0.0
016274,1.2,0.2,0.0
016285,1.2,0.2,0.0
016287,1.2,0.2,0.0
016297,1.2,0.2,0.0
016305,1.2,0.2,0.0
016307,1.2,0.2,0.0
016309,1.0,0.2,0.0
016311,1.2,0.2,0.0
016313,1.2,0.2,0.6
016323,1.0,0.2,0.0
016332,1.2,0.2,0.0
016336,1.2,0.2,0.0
016340,1.2,0.2,0.0
016345,1.2,0.2,0.0
016350,1.2,0.2,0.0
016357,0.15,0.05,0.0
016370,1.2,0.2,0.0
016372,1.2,0.2,0.0
016375,0.6,0.05,
016378,1.2,0.2,0.0
016380,1.2,0.2,0.0
016382,1.2,0.2,0.0
016384,1.2,0.2,0.0
016386,1.2,0.1,0.0
016388,1.2,0.2,0.0
016390,1.2,0.2,0.0
016392,1.2,0.05,0.0
016435,1.2,0.15,0.0
016444,1.2,0.15,0.0
016449,1.2,0.2,0.0
016454,1.2,0.2,0.0
016464,1.2,0.2,0.0
016466,1.0,0.15,0.0
016475,1.2,0.2,0.0
016477,1.2,0.2,0.0
016485,1.2,0.2,0.0
016487,1.2,0.1,0.0
016492,1.2,0.2,0.0
016500,1.2,0.2,0.0
016502,1.2,0.1,0.0
016504,1.2,0.2,0.0
016507,1.2,0.2,0.0
016515,1.2,0.2,0.0
016517,1.2,0.2,0.0
016524,1.2,0.2,0.0
016528,0.7,0.2,0.0
016530,1.2,0.2,0.0
016541,1.2,0.2,0.0
016543,0.5,0.1,0.0
016545,0.8,0.2,0.0
016547,0.8,0.2,0.0
016549,1.2,0.05,0.0
016551,1.2,0.2,0.0
016553,1.2,0.2,0.0
016555,0.8,0.15,
016560,1.2,0.2,0.0
016568,1.2,0.2,0.0
016570,1.2,0.2,0.0
016577,1.2,0.2,0.0
016588,1.2,0.2,0.0
016590,1.2,0.2,0.0
016592,1.2,0.2,0.0
016605,1.2,0.2,0.0
016623,1.2,0.2,0.0
016626,1.2,0.2,0.0
016635,1.2,0.2,0.0
016637,0.8,0.15,0.0
016641,0.6,0.2,0.0
016645,0.8,0.2,0.0
016647,1.2,0.2,0.0
016651,0.6,0.15,0.0
016653,1.2,0.2,0.4
016676,1.2,0.2,0.0
016678,0.6,0.15,0.0
016697,1.2,0.1,0.0
016734,0.3,0.1,
016746,1.2,0.2,0.0
016754,1.2,0.2,0.0
016756,1.2,0.2,0.0
016761,1.2,0.2,0.0
016763,0.5,0.1,0.0
016766,1.2,0.2,0.0
016772,1.2,0.2,0.0
016774,1.2,0.2,0.0
016781,1.2,0.2,0.0
016794,0.6,0.15,0.0
016818,1.2,0.2,0.0
016824,0.6,0.15,0.0
016826,0.8,0.2,0.0
016830,0.8,0.15,0.0
016832,0.8,0.2,0.0
016834,0.7,0.15,0.0
016840,1.2,0.2,0.0
016844,0.8,0.2,0.0
016846,0.6,0.15,0.0
016856,1.2,0.2,0.0
016897,0.5,0.1,0.0
016902,1.2,0.2,0.0
016908,0.5,0.1,0.0
016912,1.2,0.15,0.0
016922,0.6,0.15,
016945,1.2,0.15,
016961,1.2,0.15,
016976,1.2,0.2,0.0
016978,1.2,0.2,0.0
016985,0.6,0.15,
017021,0.8,0.2,0.0
017026,1.2,0.2,0.0
017034,1.2,0.2,0.0
017036,1.2,0.2,0.0
017038,1.2,0.2,0.0
017075,1.2,0.2,0.0
017077,0.8,0.2,0.0
017079,1.0,0.1,0.0
017081,0.6,0.15,0.0
017083,1.0,0.15,0.0
017116,0.5,0.1,0.0
017118,1.0,0.2,0.0
017130,1.2,0.2,0.0
017132,1.2,0.2,0.0
017142,1.2,0.2,0.0
017181,1.2,0.2,0.0
017184,0.9,0.2,
017195,1.2,0.2,0.0
017199,1.2,0.2,0.0
017209,1.2,0.2,0.0
017216,1.2,0.2,0.0
017218,1.2,0.2,0.0
017220,0.8,0.15,0.0
017224,0.8,0.2,0.0
017226,0.5,0.1,0.0
017230,1.2,0.2,0.0
017232,0.7,0.15,0.0
017234,1.2,0.2,0.0
017238,0.5,0.1,
017244,1.2,0.2,0.0
017300,1.2,0.2,0.0
017303,1.2,0.2,0.0
017312,1.2,0.2,0.0
017389,0.6,0.15,0.0
017400,1.2,0.2,0.0
017404,0.8,0.15,
017415,1.2,0.2,0.0
017418,1.2,0.2,0.0
017421,0.8,0.2,0.0
017424,1.2,0.2,0.0
017486,1.2,0.2,0.0
017488,1.2,0.2,0.0
017494,1.2,0.2,0.5
017495,0.5,0.1,0.0
017501,1.2,0.2,0.0
017503,0.7,0.1,0.0
017507,0.7,0.1,0.0
017532,1.2,0.2,0.0
017540,0.8,0.15,0.0
017549,1.2,0.2,0.0
017551,1.2,0.2,0.0
017557,0.5,0.1,0.0
017564,1.2,0.2,0.0
017571,0.5,0.1,0.0
017575,0.8,0.2,0.0
017602,1.2,0.2,0.0
017604,0.5,0.1,0.0
017606,1.2,0.2,0.0
017608,1.2,0.2,0.0
017615,0.8,0.2,0.0
017617,0.8,0.2,0.0
017619,0.8,0.15,0.0
017624,0.7,0.2,0.0
017630,1.2,0.2,0.0
017635,1.2,0.2,0.0
017639,1.2,0.2,0.0
017648,1.2,0.2,0.0
017650,1.2,0.2,
017686,0.9,0.15,0.0
017689,0.8,0.2,0.0
017694,0.3,0.08,
017697,1.2,0.2,0.0
017702,1.2,0.2,0.0
017713,0.75,0.1,0.0
017715,1.2,0.2,0.0
017719,1.2,0.2,0.0
017721,1.2,0.2,0.0
017723,1.2,0.2,0.0
017726,1.2,0.2,0.0
017728,0.8,0.15,
017735,1.2,0.2,0.0
017737,1.2,0.2,0.0
017740,1.2,0.2,0.0
017742,1.2,0.2,0.0
017744,1.2,0.2,0.0
017746,1.2,0.2,0.0
017749,1.2,0.2,0.0
017751,1.2,0.2,0.0
017764,1.2,0.2,0.0
017768,0.8,0.2,
017769,0.8,0.15,0.0
017774,0.8,0.2,
017788,0.8,0.2,
017790,0.3,0.05,0.0
017792,0.3,0.05,
017794,1.2,0.2,0.0
017798,0.3,0.05,0.0
017800,0.3,0.1,
017801,1.2,0.2,0.0
017803,0.3,0.05,0.0
017805,0.3,0.05,
017807,0.3,0.05,0.0
017813,1.0,0.2,0.0
017817,0.3,0.05,
017824,1.2,0.2,0.0
017827,1.2,0.2,0.6
017828,1.2,0.2,0.0
017834,0.3,0.1,
017835,1.2,0.2,0.0
017839,1.2,0.2,0.0
017842,1.2,0.2,0.0
017848,1.2,0.2,0.0
017850,1.2,0.2,0.0
017857,1.2,0.1,0.0
017860,1.2,0.2,0.0
017862,0.5,0.1,0.0
017864,1.0,0.15,0.0
017866,1.2,0.2,0.0
017868,1.2,0.2,0.0
017876,1.2,0.2,0.0
017878,1.2,0.2,0.0
017881,1.2,0.2,0.0
017886,0.6,0.15,0.0
017890,1.2,0.2,0.0
017907,0.5,0.1,0.0
017917,0.6,0.15,0.0
017922,1.2,0.2,0.0
017931,1.2,0.2,0.0
017933,1.2,0.2,0.0
017935,1.2,0.2,0.0
017960,1.2,0.2,0.0
017962,1.2,0.2,0.0
017964,1.2,0.2,0.0
017973,1.2,0.2,0.0
017977,1.2,0.2,0.0
017981,1.2,0.1,0.0
017987,1.2,0.2,0.0
017991,1.2,0.2,0.0
017993,1.2,0.2,0.0
017998,1.2,0.2,0.0
018000,1.2,0.2,0.0
018017,0.3,0.1,0.0
018019,1.2,0.2,0.0
018029,1.2,0.2,0.0
018031,0.5,0.1,0.0
018038,1.2,0.2,0.0
018045,1.2,0.2,0.0
018047,0.3,0.1,0.0
018048,1.2,0.2,0.0
018052,1.2,0.2,0.0
018054,0.8,0.2,0.0
018069,1.2,0.2,0.0
018071,1.2,0.2,0.0
018073,1.2,0.2,0.0
018088,1.2,0.15,0.0
018096,1.2,0.1,0.0
018101,1.2,0.2,0.0
018105,1.2,0.2,0.0
018107,1.0,0.2,0.0
018118,1.2,0.2,0.0
018122,1.2,0.1,0.0
018124,1.2,0.2,0.0
018130,1.2,0.2,0.0
018139,1.2,0.2,0.0
018141,0.5,0.15,0.0
018148,1.2,0.2,0.0
018153,1.0,0.2,0.0
018159,1.2,0.2,0.0
018184,1.2,0.2,0.0
018188,1.2,0.1,0.0
018190,1.2,0.2,0.0
018194,1.2,0.2,0.0
018198,0.8,0.2,0.0
018204,1.2,0.2,0.0
018210,1.2,0.2,0.0
018212,0.5,0.1,0.0
018217,1.2,0.2,0.0
018220,1.2,0.2,0.0
018226,1.2,0.2,0.0
018240,1.2,0.2,0.0
018242,1.2,0.2,0.0
018244,1.2,0.2,0.0
018250,0.6,0.1,0.0
018292,0.8,0.15,0.0
018294,1.2,0.2,0.0
018302,1.0,0.2,0.0
018309,1.2,0.2,0.0
018322,0.45,0.1,0.0
018325,1.2,0.2,0.0
018327,1.2,0.2,0.0
018329,1.2,0.2,0.0
018332,1.2,0.2,0.0
018334,0.5,0.1,0.0
018362,1.2,0.2,0.0
018364,1.2,0.2,0.0
018372,1.2,0.2,0.0
018375,1.2,0.2,0.0
018377,1.2,0.2,0.0
018381,1.2,0.2,0.0
018401,1.2,0.2,0.0
018405,1.2,0.2,0.0
018409,1.2,0.2,0.0
018418,1.2,0.2,0.0
018424,1.2,0.2,0.0
018428,0.3,0.05,0.0
018430,1.2,0.2,0.0
018434,1.2,0.2,
018438,1.2,0.2,0.0
018498,1.0,0.1,0.0
018504,1.2,0.2,0.0
018516,0.3,0.1,
018520,0.3,0.1,0.0
018522,0.9,0.15,
018525,0.6,0.15,0.0
018539,0.8,0.2,0.0
018547,1.2,0.2,0.0
018549,1.2,0.2,0.0
018551,1.2,0.2,0.0
018554,1.2,0.2,0.0
018564,0.5,0.1,0.0
018572,1.2,0.2,0.0
018582,1.2,0.2,0.0
018611,1.2,0.2,0.0
018618,1.2,0.2,0.0
018620,0.75,0.1,0.0
018626,0.8,0.15,0.0
018628,0.6,0.2,0.0
018635,0.6,0.15,0.0
018678,0.2,0.05,0.01
018698,1.2,0.2,0.0
018703,0.4,0.1,0.0
018706,1.2,0.2,0.0
018708,1.2,0.2,0.0
018712,1.0,0.2,0.0
018714,1.2,0.2,0.0
018750,1.2,0.2,0.0
018754,1.2,0.2,0.0
018774,0.5,0.1,0.0
018776,1.2,0.15,0.0
018788,1.2,0.2,0.0
018790,1.2,0.2,0.0
018796,1.2,0.2,0.0
018800,1.2,0.2,0.0
018806,1.2,0.2,0.0
018815,1.2,0.2,0.0
018868,1.2,0.2,0.0
018876,1.2,0.2,0.0
018882,1.2,0.2,0.0
018886,1.2,0.2,0.0
018890,1.2,0.2,0.0
018937,1.2,0.2,0.0
018939,1.2,0.2,0.0
018944,1.2,0.2,0.0
018956,1.2,0.2,0.0
018971,1.2,0.2,0.0
018973,1.2,0.2,0.0
018975,1.2,0.1,0.0
018985,1.2,0.2,0.0
018990,1.2,0.2,0.0
018993,1.2,0.2,0.0
018999,1.2,0.2,0.0
019003,1.2,0.2,0.0
019006,1.2,0.2,0.0
019008,1.2,0.2,0.0
019010,1.2,0.2,0.0
019015,1.2,0.2,0.0
019030,1.2,0.2,0.0
019051,1.2,0.2,0.0
019054,1.2,0.2,0.0
019056,0.3,0.1,0.0
019079,1.2,0.2,0.0
019085,0.8,0.2,0.0
019106,1.2,0.2,0.0
019113,1.2,0.2,0.0
019115,1.2,0.1,0.0
019119,1.2,0.2,0.0
019124,1.2,0.2,0.0
019126,1.2,0.2,0.0
019130,0.8,0.2,0.0
019134,0.7,0.1,0.0
019136,1.2,0.2,0.0
019143,1.2,0.2,0.0
019146,1.0,0.2,0.0
019159,1.2,0.2,0.0
019187,0.6,0.15,0.0
019189,1.2,0.2,0.0
019219,1.2,0.2,0.0
019226,0.8,0.2,
019257,1.2,0.2,0.0
019277,1.2,0.2,0.0
019281,1.2,0.2,0.0
019293,1.2,0.2,0.0
019295,1.2,0.2,0.0
019322,1.2,0.1,0.0
019326,1.2,0.2,0.0
019328,1.2,0.2,0.0
019334,1.2,0.2,0.0
019336,1.2,0.2,0.0
019338,1.2,0.2,0.0
019340,1.2,0.2,0.0
019342,1.2,0.2,0.0
019345,1.2,0.2,0.0
019347,1.2,0.2,0.0
019349,0.8,0.15,0.0
019352,1.2,,
019354,1.2,0.2,
019357,1.2,0.2,0.0
019361,1.2,,
019367,1.2,0.2,0.0
019374,1.2,0.2,
019387,1.2,0.2,
019392,1.2,0.2,0.0
019394,1.2,0.2,0.0
019435,1.2,0.2,0.0
019437,1.2,0.2,0.0
019457,1.2,0.2,0.0
019468,1.2,0.2,0.0
019470,1.2,,
019472,1.2,0.2,0.0
019497,1.2,0.2,0.0
019498,1.2,0.2,0.0
019505,1.0,0.15,0.0
019521,1.2,0.2,
019610,1.2,0.2,0.0
019612,1.2,0.2,0.0
019617,1.2,0.2,
019620,1.2,0.2,0.0
019624,1.2,0.2,0.0
019628,1.2,0.2,0.0
019642,1.2,0.2,0.0
019690,1.2,0.2,0.0
019692,0.8,0.2,0.0
019698,0.6,0.15,0.0
019731,0.8,0.15,0.0
019740,1.2,0.2,0.0
019743,1.2,0.2,0.0
019747,1.2,0.2,0.0
019750,1.2,0.2,0.0
019752,0.8,0.2,0.0
019759,1.2,0.2,0.0
019760,1.2,0.2,0.0
019765,1.2,0.2,0.0
019777,1.2,0.2,0.0
019780,1.2,0.2,
019783,1.2,0.2,0.0
019787,0.8,0.1,0.0
019797,1.2,0.2,0.0
019798,0.5,0.1,0.0
019801,1.2,0.2,0.6
019805,0.3,0.1,
019820,1.2,0.2,0.0
019824,1.0,0.1,0.0
019902,1.0,0.1,0.0
019913,1.2,0.2,
019916,1.2,0.2,0.0
019927,1.2,0.2,0.0
019941,1.2,0.2,0.0
019949,1.2,0.2,0.0
019952,1.2,0.2,0.0
019958,1.2,0.2,0.0
019960,1.2,0.2,0.0
019969,1.2,0.2,0.0
019991,1.2,0.2,0.0
019997,1.2,0.2,0.0
019999,1.2,0.2,0.0
020001,1.2,0.2,
020003,1.2,0.2,
020004,1.2,0.2,0.0
020005,1.2,0.2,0.0
020009,1.2,0.2,
020010,1.2,0.2,
020015,1.2,0.2,0.0
020018,1.2,0.2,
020022,1.2,0.2,
020023,1.2,0.2,0.0
020026,1.2,0.2,
020037,1.2,0.2,0.0
020075,1.2,0.2,0.0
020086,1.2,0.2,0.0
020090,1.2,0.2,0.0
020098,1.0,0.15,0.0
020117,1.2,0.1,0.0
020138,1.2,0.2,0.0
020140,1.0,0.1,0.0
020142,1.2,0.2,0.0
020147,1.0,0.2,0.0
020151,1.2,0.2,0.0
020234,0.2,0.05,0.0
020236,1.2,0.2,0.0
020265,1.2,0.2,0.0
020267,1.2,0.2,0.0
020269,1.2,0.2,0.0
020276,1.2,0.2,0.0
020287,1.0,0.15,0.0
020303,1.2,0.2,0.0
020305,1.2,0.2,0.0
020311,1.0,0.2,0.0
020397,1.2,0.2,0.0
020408,1.2,0.2,0.0
020416,1.2,0.2,0.0
020419,1.2,0.2,0.0
020424,1.2,0.2,0.0
020428,1.2,0.2,0.0
020430,1.2,0.2,0.0
020440,1.2,0.2,0.0
020444,1.2,0.2,0.0
020458,1.2,0.2,0.0
020497,1.2,0.2,0.0
020506,0.3,0.05,0.0
020510,1.2,0.2,0.0
020534,0.2,0.05,0.0
020548,0.3,0.05,0.0
020553,1.2,0.2,0.0
020558,0.8,0.2,0.0
020560,1.2,0.2,0.0
020563,0.5,0.1,0.0
020567,1.2,0.2,0.0
020587,1.2,0.2,0.0
020593,1.2,0.2,0.0
020600,1.0,0.2,0.0
020637,1.2,0.2,0.0
020645,1.2,0.2,0.0
020653,1.2,0.2,0.0
020657,1.2,0.2,0.0
020661,1.2,0.2,0.0
020669,1.2,0.2,0.0
020687,0.3,0.05,0.0
020695,1.2,0.2,0.0
020698,1.2,0.2,0.0
020720,1.0,0.1,0.0
020722,1.0,0.1,0.0
020775,1.0,0.15,0.0
020779,1.2,0.2,0.0
020801,1.2,0.2,0.0
020803,1.2,0.2,0.0
020805,0.6,0.15,0.0
020816,1.2,0.2,0.0
020821,1.2,0.2,0.0
020830,1.2,0.2,0.0
020842,1.2,0.2,0.0
020848,0.8,0.1,0.0
020864,1.0,0.2,0.0
020876,1.2,0.2,0.0
020878,0.6,0.15,0.0
020884,1.2,0.2,0.0
020901,1.2,0.2,0.0
021015,1.2,0.2,0.0
021027,1.2,0.2,0.0
021046,0.8,0.1,0.0
021049,1.0,0.1,0.0
021094,1.2,0.2,0.0
021145,1.2,0.2,0.0
021147,1.0,0.15,0.0
021167,1.2,0.2,0.0
021179,1.2,0.2,0.0
021181,1.2,0.2,0.0
021271,1.2,0.2,0.0
021273,1.2,0.2,0.0
021305,1.2,0.2,0.0
021308,1.2,0.2,0.0
021316,1.2,0.2,0.0
021333,1.2,0.2,0.0
021369,1.2,0.2,0.0
021372,1.2,0.2,0.0
021382,1.2,0.2,0.0
021390,1.2,0.2,0.0
021404,1.2,0.2,0.0
021427,1.2,0.2,0.0
021431,1.2,0.2,0.0
021450,1.2,0.2,0.0
021453,0.3,0.1,0.0
021455,1.2,0.2,0.0
021476,1.2,0.2,0.0
021489,1.2,0.2,0.0
021491,1.2,0.2,0.0
021501,1.2,0.2,0.0
021510,1.2,0.2,0.0
021513,1.2,0.2,0.0
021515,1.2,0.2,0.0
021519,0.15,0.05,0.0
021524,1.2,0.2,0.0
021570,1.0,0.2,0.0
021576,1.2,0.2,0.0
021590,1.2,0.2,0.0
021593,1.2,0.2,0.0
021623,1.2,0.2,0.0
021626,1.2,0.2,0.0
021629,1.2,0.2,0.0
021631,1.2,0.2,0.0
021636,1.2,0.2,0.0
021642,1.2,0.2,0.0
021647,1.2,0.2,0.0
021650,1.2,0.2,0.0
021655,1.2,0.2,0.0
021730,1.2,0.2,0.0
021732,0.3,0.1,0.0
021755,1.2,0.2,0.0
021761,0.2,0.05,0.0
021779,1.2,0.2,0.0
021792,1.2,0.2,0.0
021795,0.7,0.15,0.0
021812,1.2,0.15,0.0
021814,1.2,0.2,0.0
021826,1.2,0.2,0.0
021830,1.0,0.15,0.0
021857,1.2,0.2,0.0
021859,1.0,0.1,0.0
021864,1.2,0.2,0.0
021875,1.2,0.2,0.0
021937,1.2,0.2,0.0
021965,1.2,0.15,0.0
021967,1.2,0.2,0.0
021973,1.2,0.2,0.0
021975,1.2,0.2,0.0
021979,1.2,0.2,0.0
021981,1.2,0.2,0.0
021983,1.2,0.2,0.0
021985,1.2,0.2,0.0
021990,1.2,0.2,0.0
022115,1.2,0.2,0.0
022119,1.2,0.2,0.0
022153,1.2,0.2,0.0
022157,1.2,0.2,0.0
022164,1.2,0.2,0.0
022195,1.2,0.2,0.0
022211,1.2,0.2,0.0
022223,1.2,0.2,0.0
022224,1.2,0.15,0.0
022269,1.2,0.2,0.0
022320,1.2,0.2,0.0
022327,1.2,0.2,0.0
022334,1.2,0.2,0.0
022336,1.2,0.2,0.0
022364,1.2,0.18,0.0
022492,1.0,0.2,0.0
022495,1.2,0.2,0.0
022521,1.2,0.2,0.0
022550,0.6,0.08,0.0
022555,0.6,0.2,0.4
022572,1.2,0.2,0.0
022575,0.6,0.2,0.0
022597,1.2,0.2,0.0
022673,1.2,0.2,0.0
022690,1.2,0.2,0.0
022693,0.8,0.15,0.0
022702,1.2,0.2,0.0
022704,1.2,0.2,0.0
022717,1.2,0.2,0.0
022748,1.2,0.2,0.0
022754,1.2,0.1,0.0
022802,1.2,0.2,0.0
022846,1.2,0.2,0.0
023082,1.2,0.2,0.0
023099,1.2,0.2,0.0
023106,1.2,0.2,0.0
023117,1.2,0.2,0.0
023129,1.2,0.2,0.0
023135,1.2,0.2,0.0
023158,1.2,0.2,0.0
023169,1.2,0.2,0.0
023171,0.3,0.1,0.0
023173,1.2,0.2,0.0
023186,1.2,0.2,0.0
023214,0.5,0.13,0.0
023218,0.2,0.05,0.0
023232,0.7,0.2,0.0
023244,0.5,0.1,0.0
023393,1.2,0.2,0.0
023397,1.2,0.2,0.0
023404,1.2,0.2,0.0
023420,1.2,0.2,0.0
023433,1.2,0.15,0.0
023448,1.2,0.2,0.0
023451,1.2,0.2,0.0
023457,1.2,0.2,0.0
023524,1.2,0.2,0.0
023526,1.2,0.1,0.0
023560,1.2,0.2,0.0
023566,1.2,0.2,0.0
023570,1.2,0.2,0.0
023575,0.2,0.05,0.0
023584,1.2,0.2,0.0
023606,0.6,0.1,0.3
023623,1.2,0.2,0.0
023629,0.8,0.2,0.3
023632,1.2,0.2,0.0
023647,1.2,0.2,0.0
023674,1.2,0.2,0.0
023694,0.2,0.05,0.0
023753,1.2,0.2,0.0
023761,1.0,0.2,0.0
023780,1.2,0.2,0.0
023806,1.2,0.2,0.0
023824,1.2,0.2,0.0
023826,0.8,0.1,0.0
023834,1.2,0.2,0.0
023839,1.2,0.2,0.0
023848,0.3,0.06,0.0
023943,0.6,0.1,0.0
023951,0.8,0.15,0.0
023955,1.0,0.2,0.0
023959,1.0,0.1,0.0
024023,1.2,0.2,0.0
024044,1.2,0.2,0.0
024046,1.2,0.2,0.0
024052,1.2,0.2,0.0
024087,1.2,0.2,0.0
024153,1.2,0.2,0.0
024159,1.2,0.2,0.0
024175,1.2,0.2,0.0
024202,1.2,0.2,0.0
024211,0.6,0.1,0.1
024271,1.2,0.2,0.0
024361,1.2,0.2,0.0
024374,1.2,0.2,0.6
024377,1.2,0.1,0.0
024379,1.2,0.2,0.0
024385,1.2,0.2,0.0
024388,1.2,0.2,0.0
024396,1.2,0.2,0.0
024398,1.2,0.2,0.0
024413,1.2,0.2,0.0
024421,1.2,0.2,0.0
024423,1.2,0.2,0.0
024429,1.2,,
024431,1.2,,
024433,1.2,,
024435,1.2,,
024437,1.2,,
024439,1.2,,
024441,1.2,,
024443,1.2,,
024445,1.2,,
024446,1.2,,
024448,1.2,,
024450,1.2,,
024452,1.2,,
024454,1.2,,
024455,1.2,,
024459,1.2,,
024461,1.2,,
024462,1.2,,
024464,1.2,,
024465,1.2,,
024467,1.2,,
024469,1.2,,
024471,1.2,,
024473,1.2,,
024476,1.2,0.1,0.0
024480,1.2,0.2,0.0
024483,1.0,0.2,0.0
024499,1.2,0.2,0.0
024501,1.2,0.2,0.0
024534,1.2,0.2,0.0
024592,1.2,0.2,0.0
024594,1.2,0.1,0.0
024596,0.8,0.15,0.0
024598,1.2,0.2,0.0
024632,1.2,0.2,0.0
024638,0.7,0.15,0.0
024640,1.2,0.2,0.0
024645,0.8,0.1,0.0
024647,1.2,0.2,0.0
024658,1.0,0.2,0.0
024661,0.6,0.1,0.0
024672,1.2,0.2,0.0
024674,1.2,0.2,0.0
024676,1.2,0.2,0.0
024678,1.2,0.2,0.0
024683,1.2,0.2,0.0
024691,1.2,0.2,0.0
024693,1.2,0.2,0.0
024709,1.2,0.2,0.0
024711,1.2,0.2,0.0
024717,1.2,0.2,0.0
024729,1.2,0.2,0.0
024735,1.2,0.2,0.0
024737,1.2,0.18,0.0
024786,1.2,0.2,0.0
024790,1.2,0.2,0.0
024794,1.2,0.2,0.0
024796,1.2,0.2,0.0
024798,0.6,0.1,
024800,1.2,0.15,0.0
024802,1.2,0.2,0.0
024804,1.0,0.15,0.0
024806,1.2,0.2,0.0
024808,1.2,0.2,0.0
024812,1.2,,
024818,1.2,0.2,0.0
024824,1.2,0.2,0.0
024826,1.2,0.2,0.0
024830,1.2,0.2,0.0
024836,1.2,0.2,0.0
024841,1.2,0.2,0.0
024866,1.2,0.2,0.0
024895,1.2,0.2,0.0
024900,1.2,0.2,0.0
024917,1.0,0.2,0.0
024923,1.2,0.2,0.0
024931,1.0,0.2,0.0
024934,0.8,0.1,0.0
024935,0.8,0.1,0.6
024964,1.2,0.2,0.0
025011,1.2,0.2,0.0
025017,1.2,0.2,0.0
025022,1.2,0.2,0.0
025058,1.2,,
025060,1.2,,
025065,1.2,,
025068,1.2,,
025069,1.2,,
025073,1.2,,
025075,1.2,,
025077,1.2,,
025082,1.2,,
025090,1.2,0.2,0.0
025149,0.6,0.1,0.0
025172,1.2,0.2,0.0
025184,1.2,,
025202,1.2,0.2,0.0
025208,1.2,0.2,0.0
025216,1.2,0.2,0.0
025222,1.2,0.2,0.0
025231,1.2,0.2,0.0
025255,1.2,0.2,0.0
025287,1.2,0.2,0.0
025299,1.2,0.2,0.6
025319,1.0,0.2,0.0
025326,1.0,0.2,0.0
025340,1.2,,
025349,1.2,0.18,0.0
025352,0.8,0.1,0.0
025355,0.5,0.1,0.0
025358,0.8,0.15,0.0
025360,1.0,0.2,0.0
025368,0.8,0.1,0.0
025386,1.2,0.2,0.0
025390,1.2,0.2,0.0
025392,1.2,0.2,0.0
025404,1.2,0.2,0.0
025408,1.2,0.2,0.0
025421,1.2,0.2,0.0
025428,1.2,0.2,0.0
025439,1.2,,
025445,1.2,0.2,0.0
025447,1.2,0.2,0.0
025449,1.2,0.2,0.0
025459,1.2,0.2,0.0
025486,1.2,0.2,0.0
025499,1.2,0.2,0.0
025511,1.2,,
025527,0.8,0.2,0.0
025533,1.2,0.2,0.0
025544,1.2,0.2,0.0
025546,1.2,0.2,0.0
025558,1.2,0.2,0.0
025568,1.0,0.1,0.0
025573,1.2,0.2,0.0
025580,1.2,0.2,0.0
025582,0.6,0.1,0.0
025584,1.2,0.2,0.0
025599,1.0,0.2,0.4
025646,1.2,0.2,0.0
025648,1.2,0.2,0.0
025650,1.2,0.2,0.0
025656,1.2,0.2,0.0
025658,1.2,0.2,0.0
025666,1.2,,
025668,0.6,0.15,
025674,1.2,0.2,0.0
025684,1.2,,
025686,1.2,,
025688,1.2,0.2,0.0
025694,1.2,0.2,0.0
025702,1.2,0.2,0.0
025709,1.2,,
025715,0.7,0.15,0.0
025721,1.2,0.2,0.0
025736,1.2,0.2,
025748,1.0,0.2,0.0
025750,1.0,0.2,0.0
025753,1.2,,
025758,1.2,,
025761,1.2,,
025769,1.2,0.2,0.0
025771,0.6,0.15,0.0
025773,0.6,0.1,0.0
025777,1.2,0.2,0.0
025783,1.0,0.2,0.0
025785,1.2,0.2,0.0
025788,1.2,,
025792,1.2,0.2,0.0
025794,1.2,,
025824,1.2,,
025828,1.0,0.2,0.0
025830,1.2,,
025838,1.2,0.2,0.0
025839,1.2,0.2,0.0
025843,1.0,0.2,0.0
025845,1.2,,
025848,1.2,0.2,0.0
025854,1.2,0.2,0.0
025860,1.2,0.2,0.0
025870,1.2,0.2,0.0
025872,0.8,0.15,0.0
025877,1.2,0.2,0.0
025880,1.2,,
025889,0.4,0.12,0.0
025904,0.6,0.15,0.0
025918,1.2,,
025923,1.2,0.2,0.0
025926,1.2,0.2,0.0
025928,1.2,0.2,0.0
025930,1.2,,
025933,1.2,,
025940,1.2,0.2,0.0
025956,1.2,0.2,0.0
025964,1.2,,
025968,1.2,0.2,0.0
025985,1.0,0.2,0.0
025993,0.6,0.15,0.0
025995,0.6,0.15,0.0
025997,0.8,0.15,0.0
026003,1.2,,
026066,1.2,,
026068,1.2,0.2,0.0
026070,1.2,0.2,0.0
026072,1.2,0.2,0.0
026074,1.2,0.2,0.0
026076,1.2,0.2,0.0
026078,1.2,0.2,0.0
026081,1.2,,
026089,1.2,0.2,0.0
026124,1.2,0.2,0.0
026140,0.7,0.15,0.0
026167,1.2,0.2,0.0
026173,1.2,0.2,0.0
026177,1.2,0.2,0.0
026187,1.2,0.2,0.0
026195,1.2,0.2,0.0
026199,1.2,0.2,0.0
026202,0.6,0.1,0.0
026210,1.2,0.2,0.0
026212,1.2,,
026223,0.6,,
026230,0.6,0.1,0.0
026237,1.2,0.18,0.0
026257,1.2,0.2,0.0
026273,1.2,0.2,0.0
026277,1.2,0.2,0.0
026282,1.2,0.2,0.0
026284,1.2,0.2,0.0
026286,1.2,,
026293,1.2,0.2,0.4
026303,1.2,0.2,0.0
026323,1.2,0.2,0.0
026327,1.2,0.18,0.0
026332,1.2,0.2,0.0
026384,1.2,0.2,0.0
026396,1.2,0.2,0.0
026430,1.2,,
026440,1.2,,
026448,1.2,0.2,0.0
026464,1.2,0.2,0.0
026466,1.2,0.2,0.0
026468,1.2,0.2,0.0
026470,1.2,0.2,0.0
026473,1.2,0.2,0.0
026475,1.2,0.2,0.0
026479,1.2,0.2,0.0
026486,1.2,0.2,0.0
026488,1.2,0.2,0.0
026490,1.2,,
026532,1.2,,
026538,1.2,0.2,0.0
026540,1.2,,
026556,1.2,0.2,0.0
026560,1.2,0.2,0.0
026562,1.2,0.2,0.0
026600,1.2,0.1,0.0
026602,1.2,,
026609,1.2,0.2,0.0
026617,1.2,0.2,0.0
026619,1.2,0.2,0.0
026626,1.2,0.2,0.0
026632,1.2,0.2,0.0
026634,1.2,0.2,0.0
026638,1.2,0.2,0.0
026673,1.2,0.2,0.0
026678,1.2,0.2,0.0
026680,1.2,0.2,0.0
026684,1.2,,
026686,1.2,0.2,0.0
026745,1.2,0.2,
026746,1.2,0.2,0.0
026752,1.2,,
026756,1.2,0.2,0.0
026760,1.2,0.2,0.0
026762,1.2,,
026803,1.2,0.2,0.0
026807,1.2,,
026820,1.2,,
026837,1.2,0.15,0.0
026839,1.2,0.2,0.0
026841,1.2,,
026850,1.2,0.15,0.0
026859,1.2,0.2,0.0
026864,1.2,0.2,0.0
026867,1.2,0.2,0.0
026870,1.2,,
026872,1.2,,
026874,1.2,0.2,0.0
026886,1.2,0.2,0.0
026890,1.2,0.2,0.0
026897,1.2,0.2,0.0
026901,0.6,0.15,0.0
026903,1.2,0.2,0.0
026905,0.8,0.2,0.0
026918,1.2,0.2,0.0
026923,1.2,0.2,0.0
026933,1.2,0.2,0.0
026939,1.2,0.2,0.0
026941,1.2,0.2,0.0
026944,0.6,0.15,
026947,1.2,0.2,0.0
026960,0.8,0.2,0.0
026968,0.8,0.1,0.0
026984,0.6,0.1,0.0
026986,1.2,0.2,0.0
026988,1.2,0.2,0.0
026990,1.2,,
026993,1.2,0.2,0.0
026995,1.2,0.2,0.0
026997,1.2,,
027000,1.2,0.2,0.0
027010,1.2,0.2,0.0
027012,1.2,0.2,0.0
027035,1.2,,
027041,1.2,0.2,0.0
027045,1.2,0.15,0.0
027049,1.2,0.2,0.0
027051,1.2,0.2,0.0
027053,1.2,0.2,0.0
027057,1.2,,
027129,1.2,0.2,0.0
027131,1.2,0.15,0.0
027149,1.2,0.2,0.0
027156,1.2,0.2,0.0
027158,1.2,,
027184,1.2,0.2,0.0
027187,1.2,,
027189,1.2,0.2,0.0
027193,1.2,,
027201,1.2,0.2,0.0
027203,1.2,0.2,0.0
027207,1.2,0.2,0.0
027215,1.2,0.1,0.0
027221,1.2,0.2,0.0
027225,1.2,,
027229,1.2,0.2,0.0
027235,1.2,0.2,
027273,1.2,0.2,0.0
027297,1.2,,
027299,1.2,,
027301,1.2,0.2,0.0
027311,1.2,,
027328,1.2,0.2,0.0
027330,0.6,0.15,0.0
027342,0.4,0.15,0.0
027360,1.2,0.1,0.0
027362,1.2,0.1,0.0
027436,1.2,,
027444,1.2,0.2,0.0
027446,1.0,0.1,0.0
027476,1.2,0.2,0.0
027480,1.2,0.15,0.0
027568,0.6,0.15,0.0
027570,1.2,0.2,0.0
027582,1.2,0.2,0.0
027590,1.2,0.2,0.0
027623,1.2,0.2,
027650,1.2,0.1,0.0
027664,1.2,0.2,0.0
027673,0.6,0.1,0.0
027681,1.2,,
027684,1.2,,
027699,1.2,0.2,0.0
027708,1.2,0.2,0.0
027713,1.2,0.2,0.0
027739,0.6,0.15,0.0
027769,1.2,0.2,0.0
027848,0.5,0.1,0.0
027854,1.2,0.2,0.0
027905,1.2,0.2,0.0
028229,0.8,0.15,0.0
028231,1.2,0.2,0.0
028291,1.2,0.15,0.0
028357,1.2,0.2,
028374,1.2,0.15,0.0
028406,1.2,0.2,0.0
028760,1.0,0.2,0.0
028813,1.2,0.2,0.0
040001,1.2,0.2,
040004,1.2,0.2,
040005,1.2,0.2,0.0
040007,1.2,0.2,
050001,1.2,0.2,
050004,1.2,0.2,0.0
050007,1.2,0.2,
050008,1.2,0.2,
050009,1.2,0.2,
050010,1.2,0.2,
050012,1.2,0.2,
050014,1.2,0.2,
050018,1.2,0.2,
050022,1.2,0.2,
050026,1.2,0.2,0.0
050201,1.2,0.2,
070001,1.2,0.2,
070003,1.2,0.2,
070019,1.2,0.2,0.0
070021,1.2,0.2,
070022,1.2,0.2,
070027,1.2,0.2,
070032,1.2,0.2,0.0
070099,1.2,0.2,
080001,1.2,0.2,0.0
080002,1.2,0.2,0.0
080005,1.2,0.2,0.0
080007,1.2,0.2,0.0
080008,1.0,0.2,0.0
080012,1.2,0.2,0.0
080015,1.2,0.2,
090001,1.2,0.2,0.0
090003,1.2,0.2,0.0
090013,1.2,0.2,0.0
090015,1.2,0.2,0.0
090016,1.2,0.2,0.0
090018,1.2,0.2,0.0
090019,1.2,0.2,0.0
090020,1.2,0.2,0.0
100016,1.2,0.2,0.0
100020,1.2,0.2,0.0
100022,1.2,0.2,0.0
100026,1.2,0.2,
100029,1.2,0.2,
100039,1.2,0.2,0.0
100056,1.2,0.2,
100060,1.2,0.2,
110001,1.2,0.2,
110015,1.2,0.2,
110022,1.2,0.2,
110023,1.2,0.2,0.0
110025,1.2,0.2,
110029,1.2,0.2,
112002,1.2,0.2,
121001,0.75,0.2,
121002,1.2,0.2,
121003,1.2,0.2,
121005,1.2,0.2,
121006,1.2,0.2,
121008,1.2,0.2,
121010,1.2,0.2,0.0
150968,1.2,0.2,0.0
151001,1.2,0.2,0.0
151002,0.75,0.2,0.0
159503,0.5,0.1,
159522,0.5,0.1,
159579,0.5,0.1,
159646,0.5,0.1,
159683,0.5,0.1,
159693,0.5,0.1,
159710,0.5,0.1,
159733,0.5,0.1,
159769,0.5,0.1,
159789,0.5,0.1,
159803,0.5,0.15,
159809,0.15,0.05,
159815,0.3,0.1,
159897,0.5,0.1,
159926,0.3,0.1,
159932,0.5,0.1,
159951,0.5,0.1,
159983,0.3,0.1,
159984,0.3,0.1,
159986,0.3,0.1,
159987,0.3,0.08,
159990,0.5,0.1,
160105,1.2,0.2,
160106,1.2,0.2,
160127,1.2,0.2,0.0
160143,1.2,0.2,
160211,1.2,0.2,
160212,1.2,0.2,0.0
160215,1.2,0.2,
160220,0.7,0.2,0.0
160311,1.2,0.2,0.0
160314,1.2,0.2,
160322,1.2,0.2,0.0
160323,1.0,0.2,0.0
160324,1.2,0.2,
160415,1.5,0.25,
160421,1.2,0.2,
160505,1.2,0.2,
160512,1.2,0.2,0.0
160518,1.2,0.2,
160519,1.2,0.2,
160522,1.5,0.25,
160524,1.2,0.2,
160526,1.2,0.2,0.0
160527,1.2,0.2,0.0
160603,1.2,0.2,
160605,1.2,0.2,
160607,1.2,0.2,
160610,1.2,0.2,
160611,1.2,0.2,0.0
160613,1.2,0.2,0.0
160624,1.2,0.2,
160627,1.2,0.2,
160812,1.2,0.2,
160813,1.2,0.2,
160814,1.0,0.2,
160910,1.2,0.2,0.0
160916,1.2,0.2,0.0
161038,0.9,0.2,0.0
161131,1.2,0.2,
161213,0.6,0.13,
161219,1.2,0.2,0.0
161605,1.2,0.2,0.0
161606,1.2,0.2,0.0
161609,1.2,0.2,0.0
161610,1.2,0.2,0.0
161611,1.2,0.2,0.0
161616,1.2,0.2,0.0
161706,1.2,0.2,
161810,1.2,0.2,0.0
161818,1.2,0.2,0.0
161823,0.315,0.1,0.0
162102,1.2,0.2,0.0
162107,1.2,0.2,0.0
162201,1.2,0.2,
162202,1.2,0.2,
162203,1.2,0.2,
162204,1.2,0.2,0.0
162205,0.7,0.2,
162207,1.2,0.2,
162208,1.2,0.2,0.0
162209,1.2,0.2,0.0
162211,0.7,0.2,
162212,1.2,0.2,0.0
162413,0.5,0.1,0.0
162717,1.2,0.2,0.0
163001,1.2,0.2,0.0
163110,1.2,0.2,0.0
163415,1.2,0.2,0.0
163417,1.2,0.2,0.0
163418,1.2,0.2,0.0
163503,1.2,0.2,
163801,1.2,0.2,0.0
163803,1.2,0.2,0.0
163804,1.2,0.2,0.0
163805,1.2,0.2,0.0
163807,1.2,0.2,0.0
163809,1.2,0.2,
163810,1.2,0.2,0.0
163818,1.2,0.2,
163822,1.2,0.2,0.0
163823,1.2,0.2,
165313,1.2,0.2,
165317,1.2,0.2,
165531,1.2,0.2,0.0
165806,0.5,0.1,0.0
165809,0.4,0.1,
166012,0.5,0.1,0.25
166019,1.2,0.2,0.0
166020,1.6,,
166023,1.2,0.2,0.0
166107,1.2,0.2,0.0
166109,1.2,0.2,0.0
166301,1.2,0.2,
166402,1.0,0.22,
166801,1.2,0.2,0.0
166803,0.3,0.1,0.0
166902,0.7,0.2,0.0
166904,0.5,0.1,0.0
167001,1.2,0.2,
167002,1.2,0.2,0.0
168102,1.2,0.2,0.0
168103,1.2,0.2,0.0
168104,1.2,0.2,0.0
168105,1.2,0.2,0.0
168106,1.0,0.25,0.0
168501,1.2,0.2,
168601,1.2,0.2,
169101,1.2,0.2,
169102,1.2,0.2,
169104,1.2,0.2,0.0
169105,1.2,0.2,0.0
169201,1.2,0.2,
180001,1.2,0.2,
180010,1.2,0.2,
180012,1.2,0.2,0.0
180013,1.2,0.2,
180018,1.2,0.2,0.0
200007,1.2,0.2,0.0
200008,1.2,0.2,0.0
200010,1.2,0.2,0.0
200012,1.2,0.2,0.0
200015,1.2,0.2,0.0
200016,1.2,0.2,0.0
202001,1.2,0.2,
202002,1.2,0.2,
202003,1.2,0.2,0.0
202027,1.2,0.2,0.0
202212,1.2,0.2,0.0
202213,1.2,0.2,
206001,0.6,0.2,0.0
206002,1.2,0.2,0.0
206007,1.2,0.2,
206009,1.2,0.2,0.0
210007,0.8,0.1,0.0
210008,1.2,0.2,
210009,1.2,0.2,0.0
210010,0.8,0.15,0.0
213001,1.2,0.2,0.0
217009,1.2,0.2,
217010,1.2,0.2,
217012,1.2,0.2,
217013,1.2,0.2,
217020,1.2,0.2,
233011,1.2,0.2,
233015,1.2,0.2,0.0
240001,1.2,0.2,
240002,1.2,0.2,
240004,1.2,0.2,0.0
240005,1.2,0.2,0.0
240008,1.2,0.2,0.0
240009,1.2,0.2,
240010,1.2,0.2,
240011,1.2,0.2,
240017,1.2,0.2,
240020,1.2,0.2,0.0
240022,1.2,0.2,0.0
253010,1.0,0.2,
253030,0.7,0.2,
255010,1.2,0.2,0.0
257010,1.2,0.2,
257020,1.2,0.2,
257030,1.2,0.2,
260104,1.2,0.2,0.0
260108,1.2,0.2,0.0
260109,1.2,0.2,0.0
260110,1.2,0.2,
260111,1.2,0.2,
270006,1.2,0.2,
270007,1.2,0.2,
270008,1.2,0.2,
270021,1.2,0.2,0.0
270022,1.2,0.2,0.0
290002,1.2,0.2,
290004,1.2,0.2,
290005,1.2,0.2,
290006,1.2,0.2,
290008,1.2,0.2,
310388,1.2,0.2,0.0
320001,1.2,0.2,0.0
320003,1.2,0.2,0.0
320005,1.2,0.2,0.0
320006,1.2,0.2,0.0
320007,1.2,0.2,0.0
320011,1.2,0.2,0.0
320012,1.2,0.2,
320015,1.2,0.2,0.0
320016,1.2,0.2,0.0
320018,1.2,0.2,0.0
320020,1.2,0.2,0.0
320022,1.2,0.2,0.0
340001,1.2,0.2,
340007,1.2,0.2,
340008,1.2,0.2,
350001,1.2,0.2,
350002,1.2,0.2,
350005,1.2,0.2,
350007,1.2,0.2,
350008,1.2,0.2,
350009,0.8,0.2,0.0
360001,1.2,0.2,0.0
360005,1.2,0.2,0.0
360006,1.2,0.2,0.0
360007,1.2,0.2,0.0
360010,1.2,0.2,0.0
360011,1.2,0.2,0.0
360012,1.2,0.2,0.0
360016,1.2,0.2,0.0
376510,1.2,0.2,0.0
377010,1.2,0.2,0.0
377020,1.2,0.2,0.0
377150,1.2,0.2,0.0
377240,1.2,0.2,0.0
377530,1.2,0.2,0.0
378010,1.2,0.2,0.0
379010,1.2,0.2,0.0
393001,1.2,0.2,
398011,1.2,0.2,
399011,1.2,0.2,0.0
400001,1.2,0.2,
400003,1.2,0.2,
400007,1.2,0.2,
400011,0.6,0.1,0.0
400013,0.6,0.16,0.0
400015,1.2,0.2,
400020,1.2,0.2,
400023,0.7,0.25,0.0
400025,1.2,0.2,
420003,1.2,0.2,0.0
420005,1.2,0.2,0.0
420009,0.9,0.2,0.0
450001,1.2,0.2,0.0
450002,1.2,0.2,0.0
450003,1.2,0.2,
450004,1.2,0.2,0.0
450007,1.2,0.2,
450009,1.2,0.2,0.0
450011,1.2,0.2,0.0
470008,1.2,0.2,
470009,1.2,0.2,
470021,0.9,0.2,0.0
470028,1.2,0.2,0.0
470098,1.2,0.2,0.0
481001,1.2,0.2,
481004,1.2,0.2,
481006,1.2,0.2,
481008,1.2,0.2,
501000,1.2,0.1,
501001,1.2,0.2,
501002,1.2,0.1,
501015,1.2,0.2,0.0
501017,1.0,0.2,0.0
501022,1.2,0.2,0.0
501023,0.75,0.15,
501026,1.2,0.2,0.0
501027,0.9,0.25,
501028,0.6,0.15,0.0
501063,1.2,0.2,
501064,1.2,0.2,0.0
501066,1.2,0.2,
501069,0.75,0.1,
501079,1.2,0.2,0.0
501080,1.2,0.2,
501081,1.2,0.2,0.0
501082,1.2,0.2,0.0
501083,1.2,0.2,0.0
501085,1.2,0.2,0.0
501087,1.2,0.2,
501091,1.2,0.2,0.0
501092,1.2,0.2,
501096,1.2,0.2,
501186,1.2,0.2,0.0
501188,1.2,0.2,
501189,1.2,0.2,0.0
501200,1.2,0.2,
501201,1.2,0.2,0.0
501205,1.2,0.2,0.4
501208,1.2,0.2,0.4
506000,1.2,0.2,
506001,1.2,0.2,
510081,1.2,0.2,
510120,0.5,0.1,
510690,0.5,0.1,
510860,0.5,0.1,
512280,0.5,0.1,
512320,0.5,0.1,
513680,0.5,0.1,
513960,0.5,0.1,
515280,0.5,0.1,
515500,0.15,0.05,
515510,0.5,0.1,
515520,0.5,0.1,
515570,0.5,0.1,
515610,0.45,0.05,
515670,0.45,0.09,
515690,0.2,0.1,
516690,0.5,0.1,
516870,0.5,0.1,
517060,0.5,0.1,
517270,0.5,0.1,
517500,0.5,0.1,
519005,1.2,0.2,
519007,1.2,0.2,
519008,1.2,0.2,
519011,1.2,0.2,
519013,1.2,0.2,
519026,1.2,0.2,
519027,0.5,0.1,
519029,1.2,0.2,
519032,0.5,0.1,
519033,1.2,0.2,0.0
519035,1.2,0.2,
519039,1.2,0.2,
519050,1.0,0.2,
519056,1.2,0.2,
519059,0.7,0.2,
519062,1.2,0.2,0.0
519066,1.2,0.2,0.0
519068,1.2,0.2,
519069,1.2,0.2,
519087,1.2,0.2,0.0
519089,1.2,0.2,
519091,1.2,0.2,
519093,1.2,0.2,
519095,1.2,0.2,0.0
519097,1.2,0.2,0.0
519099,1.2,0.2,
519110,1.2,0.2,0.0
519113,1.2,0.2,0.0
519115,1.2,0.2,0.0
519117,1.0,0.15,
519118,0.7,0.2,0.0
519120,1.2,0.2,0.0
519125,1.2,0.2,
519126,1.2,0.2,0.0
519150,1.2,0.2,
519156,1.2,0.2,0.0
519158,1.2,0.2,
519170,1.2,0.2,0.0
519171,1.2,0.2,0.0
519172,1.2,0.2,0.0
519175,1.2,0.2,0.0
519181,1.2,0.2,0.0
519183,0.8,0.2,0.0
519185,1.2,0.2,0.0
519208,0.3,0.1,0.0
519212,1.2,0.2,0.0
519222,0.6,0.15,0.0
519224,0.6,0.15,0.0
519616,0.6,0.1,0.0
519622,0.3,0.1,
519623,0.6,0.1,0.0
519627,0.6,0.1,0.0
519629,0.6,0.13,0.0
519652,0.6,0.2,0.0
519654,0.3,0.1,0.0
519655,1.2,0.2,0.0
519656,1.2,0.2,0.0
519662,0.5,0.15,0.0
519664,1.2,0.2,0.0
519668,1.2,0.2,
519670,1.2,0.2,0.0
519672,1.2,0.2,0.0
519673,1.2,0.2,0.0
519674,1.2,0.2,0.0
519678,1.2,0.2,0.0
519679,1.2,0.2,0.0
519688,1.2,0.2,
519704,1.2,0.2,0.0
519710,1.2,0.2,
519712,1.2,0.2,0.0
519722,0.3,0.05,
519755,0.6,0.2,0.0
519756,1.2,0.2,0.0
519766,0.6,0.2,0.0
519767,1.2,0.2,0.0
519768,0.6,0.2,0.0
519770,0.6,0.2,0.0
519772,1.2,0.2,0.0
519773,1.2,0.2,0.0
519778,1.2,0.2,0.0
519779,1.2,0.2,
519908,1.2,0.2,
519909,1.2,0.2,0.0
519915,1.2,0.2,0.0
519918,1.2,0.2,0.0
519929,1.2,0.2,0.0
519935,1.2,0.2,0.0
519937,0.5,0.1,0.0
519949,0.6,0.2,0.0
519951,0.6,0.1,0.0
519953,0.3,0.1,0.4
519955,0.3,0.1,0.01
519957,1.2,0.15,0.0
519963,0.6,0.1,0.0
519965,1.2,0.2,0.0
519969,0.6,0.2,
519971,0.9,0.1,
519975,1.2,0.2,0.0
519979,1.2,0.2,0.0
519983,1.2,0.2,0.0
519987,1.2,0.2,
519991,1.2,0.2,
519995,1.2,0.2,0.0
530012,1.2,0.2,
530016,1.2,0.2,
530019,1.2,0.2,0.0
540001,0.38,0.1,0.0
540002,1.2,0.2,0.0
550001,1.2,0.2,0.0
550002,1.2,0.2,0.0
550003,1.2,0.2,
550008,1.2,0.2,0.0
550009,1.2,0.2,0.0
550015,1.2,0.18,0.0
560000,0.5,0.1,
560002,1.2,0.2,
560003,1.2,0.2,0.0
560006,0.9,0.2,
560600,0.5,0.1,
560650,0.5,0.1,
560890,0.5,0.1,
560960,0.3,0.1,
571002,1.2,0.2,
580001,1.2,0.2,0.0
580002,1.2,0.2,0.0
580003,1.2,0.2,0.0
580005,1.2,0.2,0.0
590001,1.2,0.2,0.0
590002,1.2,0.2,0.0
590003,1.2,0.2,0.0
590005,1.2,0.2,0.0
590006,1.2,0.2,0.0
590008,1.2,0.2,0.0
610001,1.2,0.2,0.0
610002,1.2,0.2,0.0
610003,0.3,0.1,0.0
610004,1.2,0.2,0.0
610005,1.2,0.2,0.0
610006,1.2,0.2,0.0
610007,1.2,0.2,0.0
620001,1.2,0.2,
630002,1.2,0.2,
630005,1.2,0.2,
630006,1.2,0.2,
630008,1.2,0.2,
630010,1.2,0.2,
660006,1.2,0.2,
660010,1.2,0.2,
660012,1.2,0.2,
660015,1.2,0.2,0.0
671010,1.2,0.2,0.0
671030,1.2,0.2,0.0
673010,1.2,0.2,0.0
673020,0.7,0.15,0.1
673030,0.6,0.15,0.2
673040,0.9,0.15,0.0
673120,1.2,0.1,0.0
673141,1.2,0.2,0.0
688888,1.2,0.2,0.0
690001,1.2,0.2,0.0
690003,1.2,0.2,
700001,1.2,0.2,
700003,1.2,0.2,
700004,1.2,0.2,0.0
710001,1.2,0.2,0.0
710002,1.2,0.2,0.0
720001,1.2,0.2,0.0
730001,1.2,0.2,0.0
730002,0.8,0.2,0.0
740001,1.2,0.2,0.0
750001,1.2,0.2,0.0
750005,1.2,0.2,0.0
762001,1.2,0.2,0.0
770001,1.2,0.2,0.0
850004,0.7,0.15,0.0
850005,0.8,0.12,0.0
850006,0.8,0.12,0.0
850007,0.7,0.15,0.0
850010,0.7,0.15,0.0
850013,0.8,0.15,0.0
860005,1.0,0.18,0.0
860008,1.2,0.25,0.0
952004,1.2,0.2,0.0
952035,1.2,0.2,
952099,0.6,0.2,
959991,0.6,0.2,
970001,0.6,0.15,0.0
970027,0.6,0.05,0.0
970029,0.4,0.1,0.0
970034,0.8,0.2,
970035,0.8,0.2,
970036,0.3,0.1,
970067,1.2,0.2,0.0
970071,0.5,0.14,
970072,0.6,0.1,
970073,1.2,0.2,0.0
970077,0.5,0.13,0.0
970125,0.5,0.1,0.0
970127,0.2,0.05,0.0
970130,0.4,0.1,0.0
970132,0.3,0.08,0.0
970142,0.6,0.05,0.0
