基金代码,基金简称
005825,申万菱信智能驱动股票A
015159,申万菱信智能驱动股票C
006502,财通集成电路产业股票A
006503,财通集成电路产业股票C
014736,创金合信专精特新股票发起A
014737,创金合信专精特新股票发起C
002289,华商改革创新股票A
016052,华商改革创新股票C
005628,汇安趋势动力股票A
005629,汇安趋势动力股票C
540010,汇丰晋信科技先锋股票
020775,国寿安保产业升级股票发起式A
020774,国寿安保产业升级股票发起式C
011377,创金合信积极成长股票A
011378,创金合信积极成长股票C
006265,红土创新新科技股票A
001877,宝盈国家安全沪港深股票A
013613,宝盈国家安全沪港深股票C
021937,华安半导体产业股票发起式A
001040,新华策略精选股票A
025415,新华策略精选股票C
021938,华安半导体产业股票发起式C
001105,信澳转型创新股票A
010391,易方达战略新兴产业股票A
015608,信澳转型创新股票C
010392,易方达战略新兴产业股票C
000411,景顺长城优质成长股票A
021500,景顺长城优质成长股票C
501201,红土创新科技创新股票(LOF)A
012696,同泰数字经济股票A
012697,同泰数字经济股票C
006081,海富通电子传媒股票A
020553,南方半导体产业股票发起A
020554,南方半导体产业股票发起C
006080,海富通电子传媒股票C
001036,嘉实企业变革股票
020722,国寿安保数字经济股票发起式A
020723,国寿安保数字经济股票发起式C
001416,嘉实事件驱动股票
519935,长信创新驱动股票A
008382,融通产业趋势股票A
017744,嘉实绿色主题股票发起式A
007685,华商电子行业量化股票发起式A
001048,富国新兴产业股票A
022831,华商电子行业量化股票发起式C
017745,嘉实绿色主题股票发起式C
000697,汇添富移动互联股票A
015686,富国新兴产业股票C
017746,建信电子行业股票A
015199,汇添富移动互联股票D
010013,易方达信息行业精选股票A
014299,宏利先进制造股票A
017747,建信电子行业股票C
015198,汇添富移动互联股票C
014300,宏利先进制造股票C
019024,易方达信息行业精选股票C
005777,广发科技动力股票
001956,国联安科技动力股票A
001039,嘉实先进制造股票
005328,前海开源价值策略股票
017488,嘉实信息产业股票发起式A
001404,招商移动互联网产业股票基金A
000688,景顺长城研究精选股票A
004352,华银研究精选股票
015773,招商移动互联网产业股票基金C
001396,建信互联网+产业升级股票
017489,嘉实信息产业股票发起式C
018998,景顺长城研究精选股票C
006751,富国互联科技股票A
019765,国寿安保优选国企股票发起式A
011126,富国互联科技股票C
019766,国寿安保优选国企股票发起式C
020476,泰康半导体量化选股股票发起式A
020477,泰康半导体量化选股股票发起式C
019759,中欧半导体产业股票发起A
019764,中欧半导体产业股票发起C
001672,国寿安保智慧生活股票A
023101,国寿安保智慧生活股票C
013242,华银优势行业股票
005310,广发电子信息传媒股票A
001072,华安智能装备主题股票A
003853,金鹰信息产业股票A
010236,广发电子信息传媒股票C
005885,金鹰信息产业股票C
004640,华夏节能环保股票A
014191,广发先进制造股票发起式A
013622,华安智能装备主题股票C
009899,上银内需增长股票A
014192,广发先进制造股票发起式C
002980,华夏创新前沿股票A
014185,招商专精特新股票A
015060,华夏节能环保股票C
014416,泰康研究精选股票发起A
015754,上银内需增长股票C
001188,鹏华改革红利股票
002861,工银智能制造股票A
014417,泰康研究精选股票发起C
014186,招商专精特新股票C
004450,嘉实前沿科技沪港深股票A
021875,路博迈资源精选股票发起A
001521,国寿安保成长优选股票A
022710,工银智能制造股票C
017916,国寿安保成长优选股票C
020315,嘉实前沿科技沪港深股票C
021876,路博迈资源精选股票发起C
002229,华夏经济转型股票
022754,易方达科鑫量化选股股票发起式A
001678,英大国企改革A
022868,英大国企改革C
001070,建信信息产业股票A
022755,易方达科鑫量化选股股票发起式C
014863,建信信息产业股票C
001749,招商中国机遇股票A
006868,华夏科技成长股票
024804,华夏量化选股股票A
024805,华夏量化选股股票C
001410,信澳新能源产业股票A
009491,宝盈创新驱动股票A
001042,华夏领先股票
008009,华商高端装备制造股票A
005495,创金合信科技成长股票A
001313,摩根智慧互联股票A
340006,兴全全球视野股票
009492,宝盈创新驱动股票C
024170,信澳新能源产业股票C
005496,创金合信科技成长股票C
016919,摩根智慧互联股票C
016050,华商高端装备制造股票C
005962,宝盈人工智能股票A
001496,工银聚焦30股票
009891,融通产业趋势臻选股票A
005963,宝盈人工智能股票C
001162,前海开源优势蓝筹股票A
001638,前海开源优势蓝筹股票C
164205,天弘文化新兴产业股票A
007133,嘉实长青竞争优势股票A
018495,融通产业趋势臻选股票C
000586,景顺长城中小创精选股票A
000979,景顺长城沪港深精选股票A
015475,天弘文化新兴产业股票C
007134,嘉实长青竞争优势股票C
018817,景顺长城中小创精选股票C
021313,景顺长城沪港深精选股票C
000828,宏利转型机遇股票A
001008,工银国企改革股票
005268,鹏华优势企业
012800,宏利转型机遇股票C
005826,华夏潜龙精选股票
013339,创金合信芯片产业股票发起A
008286,易方达研究精选股票
000309,大摩品质生活精选股票A
000793,工银高端制造股票
015145,同泰新能源1年持有股票A
013340,创金合信芯片产业股票发起C
019484,大摩品质生活精选股票C
015146,同泰新能源1年持有股票C
000513,富国高端制造行业股票A
019824,国寿安保新材料股票发起式A
001009,摩根安全战略股票A
000577,安信价值精选股票A
008934,大成科技消费股票A
023178,安信价值精选股票C
001764,广发沪港深新机遇股票
014930,富国高端制造行业股票C
012350,万家元贞量化选股股票A
019825,国寿安保新材料股票发起式C
003145,国联竞争优势
015172,摩根安全战略股票C
010361,嘉实品质优选股票A
012351,万家元贞量化选股股票C
008935,大成科技消费股票C
010362,嘉实品质优选股票C
023647,广发科技智选股票发起式A
010680,华夏新兴成长股票A
001482,摩根新兴服务股票A
023648,广发科技智选股票发起式C
009988,信澳蓝筹精选股票A
017177,摩根新兴服务股票C
010681,华夏新兴成长股票C
022003,博道大盘成长股票A
001409,工银互联网加股票
012496,同泰行业优选股票A
000960,招商医药健康产业股票
024168,信澳蓝筹精选股票C
022004,博道大盘成长股票C
012497,同泰行业优选股票C
012835,招商景气精选股票A
001707,诺安高端制造股票A
001725,汇添富高端制造股票A
023117,华安高端装备股票发起式A
011122,汇添富ESG可持续成长股票A
005660,嘉实资源精选股票A
000751,嘉实新兴产业股票
014536,诺安高端制造股票C
012836,招商景气精选股票C
000524,摩根民生需求股票A
022292,前海开源优选领航股票A
023118,华安高端装备股票发起式C
015114,汇添富高端制造股票C
005661,嘉实资源精选股票C
